benchmark_group_id,hero_id,hero_name,context_type,season,game_mode,rank_tier,platform,region,metric_name,average,unit,sample_matches,sample_players,source_id,source_role,source_url,source_updated_at,collected_at,tier_label,hero_rank,hero_pool_size,methodology_notes
peni-parker-s9-5-diamond,peni-parker,Peni Parker,seasonalRank,9.5,competitive,diamond,,,winRate,0.6190,ratio,11493,,rivalstracker,primary,https://rivalstracker.com/heroes/peni-parker,2026-08-25T14:02:59.000Z,2026-08-25T18:18:25.445Z,S,1,55,"Filters: Season 9.5, Competitive, Diamond. Percentages are displayed by RivalsTracker to two decimal places and converted to ratios without further precision. sample_matches repeats the source Matches field for each metric row. hero_rank is the displayed table order (win rate descending); tier_label is source-provided. Platform, region, and sample_players are not stated by the source and are left empty."
peni-parker-s9-5-diamond,peni-parker,Peni Parker,seasonalRank,9.5,competitive,diamond,,,pickRate,0.0351,ratio,11493,,rivalstracker,primary,https://rivalstracker.com/heroes/peni-parker,2026-08-25T14:02:59.000Z,2026-08-25T18:18:25.445Z,S,1,55,"Filters: Season 9.5, Competitive, Diamond. Percentages are displayed by RivalsTracker to two decimal places and converted to ratios without further precision. sample_matches repeats the source Matches field for each metric row. hero_rank is the displayed table order (win rate descending); tier_label is source-provided. Platform, region, and sample_players are not stated by the source and are left empty."
peni-parker-s9-5-diamond,peni-parker,Peni Parker,seasonalRank,9.5,competitive,diamond,,,banRate,0.2379,ratio,11493,,rivalstracker,primary,https://rivalstracker.com/heroes/peni-parker,2026-08-25T14:02:59.000Z,2026-08-25T18:18:25.445Z,S,1,55,"Filters: Season 9.5, Competitive, Diamond. Percentages are displayed by RivalsTracker to two decimal places and converted to ratios without further precision. sample_matches repeats the source Matches field for each metric row. hero_rank is the displayed table order (win rate descending); tier_label is source-provided. Platform, region, and sample_players are not stated by the source and are left empty."
magik-s9-5-diamond,magik,Magik,seasonalRank,9.5,competitive,diamond,,,winRate,0.6052,ratio,42419,,rivalstracker,primary,https://rivalstracker.com/heroes/magik,2026-08-25T14:02:59.000Z,2026-08-25T18:18:25.445Z,S,2,55,"Filters: Season 9.5, Competitive, Diamond. Percentages are displayed by RivalsTracker to two decimal places and converted to ratios without further precision. sample_matches repeats the source Matches field for each metric row. hero_rank is the displayed table order (win rate descending); tier_label is source-provided. Platform, region, and sample_players are not stated by the source and are left empty."
magik-s9-5-diamond,magik,Magik,seasonalRank,9.5,competitive,diamond,,,pickRate,0.1294,ratio,42419,,rivalstracker,primary,https://rivalstracker.com/heroes/magik,2026-08-25T14:02:59.000Z,2026-08-25T18:18:25.445Z,S,2,55,"Filters: Season 9.5, Competitive, Diamond. Percentages are displayed by RivalsTracker to two decimal places and converted to ratios without further precision. sample_matches repeats the source Matches field for each metric row. hero_rank is the displayed table order (win rate descending); tier_label is source-provided. Platform, region, and sample_players are not stated by the source and are left empty."
magik-s9-5-diamond,magik,Magik,seasonalRank,9.5,competitive,diamond,,,banRate,0.1495,ratio,42419,,rivalstracker,primary,https://rivalstracker.com/heroes/magik,2026-08-25T14:02:59.000Z,2026-08-25T18:18:25.445Z,S,2,55,"Filters: Season 9.5, Competitive, Diamond. Percentages are displayed by RivalsTracker to two decimal places and converted to ratios without further precision. sample_matches repeats the source Matches field for each metric row. hero_rank is the displayed table order (win rate descending); tier_label is source-provided. Platform, region, and sample_players are not stated by the source and are left empty."
mantis-s9-5-diamond,mantis,Mantis,seasonalRank,9.5,competitive,diamond,,,winRate,0.5898,ratio,39323,,rivalstracker,primary,https://rivalstracker.com/heroes/mantis,2026-08-25T14:02:59.000Z,2026-08-25T18:18:25.445Z,S,3,55,"Filters: Season 9.5, Competitive, Diamond. Percentages are displayed by RivalsTracker to two decimal places and converted to ratios without further precision. sample_matches repeats the source Matches field for each metric row. hero_rank is the displayed table order (win rate descending); tier_label is source-provided. Platform, region, and sample_players are not stated by the source and are left empty."
mantis-s9-5-diamond,mantis,Mantis,seasonalRank,9.5,competitive,diamond,,,pickRate,0.1200,ratio,39323,,rivalstracker,primary,https://rivalstracker.com/heroes/mantis,2026-08-25T14:02:59.000Z,2026-08-25T18:18:25.445Z,S,3,55,"Filters: Season 9.5, Competitive, Diamond. Percentages are displayed by RivalsTracker to two decimal places and converted to ratios without further precision. sample_matches repeats the source Matches field for each metric row. hero_rank is the displayed table order (win rate descending); tier_label is source-provided. Platform, region, and sample_players are not stated by the source and are left empty."
mantis-s9-5-diamond,mantis,Mantis,seasonalRank,9.5,competitive,diamond,,,banRate,0.0127,ratio,39323,,rivalstracker,primary,https://rivalstracker.com/heroes/mantis,2026-08-25T14:02:59.000Z,2026-08-25T18:18:25.445Z,S,3,55,"Filters: Season 9.5, Competitive, Diamond. Percentages are displayed by RivalsTracker to two decimal places and converted to ratios without further precision. sample_matches repeats the source Matches field for each metric row. hero_rank is the displayed table order (win rate descending); tier_label is source-provided. Platform, region, and sample_players are not stated by the source and are left empty."
storm-s9-5-diamond,storm,Storm,seasonalRank,9.5,competitive,diamond,,,winRate,0.5711,ratio,12851,,rivalstracker,primary,https://rivalstracker.com/heroes/storm,2026-08-25T14:02:59.000Z,2026-08-25T18:18:25.445Z,A,4,55,"Filters: Season 9.5, Competitive, Diamond. Percentages are displayed by RivalsTracker to two decimal places and converted to ratios without further precision. sample_matches repeats the source Matches field for each metric row. hero_rank is the displayed table order (win rate descending); tier_label is source-provided. Platform, region, and sample_players are not stated by the source and are left empty."
storm-s9-5-diamond,storm,Storm,seasonalRank,9.5,competitive,diamond,,,pickRate,0.0392,ratio,12851,,rivalstracker,primary,https://rivalstracker.com/heroes/storm,2026-08-25T14:02:59.000Z,2026-08-25T18:18:25.445Z,A,4,55,"Filters: Season 9.5, Competitive, Diamond. Percentages are displayed by RivalsTracker to two decimal places and converted to ratios without further precision. sample_matches repeats the source Matches field for each metric row. hero_rank is the displayed table order (win rate descending); tier_label is source-provided. Platform, region, and sample_players are not stated by the source and are left empty."
storm-s9-5-diamond,storm,Storm,seasonalRank,9.5,competitive,diamond,,,banRate,0.0022,ratio,12851,,rivalstracker,primary,https://rivalstracker.com/heroes/storm,2026-08-25T14:02:59.000Z,2026-08-25T18:18:25.445Z,A,4,55,"Filters: Season 9.5, Competitive, Diamond. Percentages are displayed by RivalsTracker to two decimal places and converted to ratios without further precision. sample_matches repeats the source Matches field for each metric row. hero_rank is the displayed table order (win rate descending); tier_label is source-provided. Platform, region, and sample_players are not stated by the source and are left empty."
ultron-s9-5-diamond,ultron,Ultron,seasonalRank,9.5,competitive,diamond,,,winRate,0.5569,ratio,11114,,rivalstracker,primary,https://rivalstracker.com/heroes/ultron,2026-08-25T14:02:59.000Z,2026-08-25T18:18:25.445Z,A,5,55,"Filters: Season 9.5, Competitive, Diamond. Percentages are displayed by RivalsTracker to two decimal places and converted to ratios without further precision. sample_matches repeats the source Matches field for each metric row. hero_rank is the displayed table order (win rate descending); tier_label is source-provided. Platform, region, and sample_players are not stated by the source and are left empty."
ultron-s9-5-diamond,ultron,Ultron,seasonalRank,9.5,competitive,diamond,,,pickRate,0.0339,ratio,11114,,rivalstracker,primary,https://rivalstracker.com/heroes/ultron,2026-08-25T14:02:59.000Z,2026-08-25T18:18:25.445Z,A,5,55,"Filters: Season 9.5, Competitive, Diamond. Percentages are displayed by RivalsTracker to two decimal places and converted to ratios without further precision. sample_matches repeats the source Matches field for each metric row. hero_rank is the displayed table order (win rate descending); tier_label is source-provided. Platform, region, and sample_players are not stated by the source and are left empty."
ultron-s9-5-diamond,ultron,Ultron,seasonalRank,9.5,competitive,diamond,,,banRate,0.0011,ratio,11114,,rivalstracker,primary,https://rivalstracker.com/heroes/ultron,2026-08-25T14:02:59.000Z,2026-08-25T18:18:25.445Z,A,5,55,"Filters: Season 9.5, Competitive, Diamond. Percentages are displayed by RivalsTracker to two decimal places and converted to ratios without further precision. sample_matches repeats the source Matches field for each metric row. hero_rank is the displayed table order (win rate descending); tier_label is source-provided. Platform, region, and sample_players are not stated by the source and are left empty."
the-thing-s9-5-diamond,the-thing,The Thing,seasonalRank,9.5,competitive,diamond,,,winRate,0.5555,ratio,50018,,rivalstracker,primary,https://rivalstracker.com/heroes/the-thing,2026-08-25T14:02:59.000Z,2026-08-25T18:18:25.445Z,S,6,55,"Filters: Season 9.5, Competitive, Diamond. Percentages are displayed by RivalsTracker to two decimal places and converted to ratios without further precision. sample_matches repeats the source Matches field for each metric row. hero_rank is the displayed table order (win rate descending); tier_label is source-provided. Platform, region, and sample_players are not stated by the source and are left empty."
the-thing-s9-5-diamond,the-thing,The Thing,seasonalRank,9.5,competitive,diamond,,,pickRate,0.1526,ratio,50018,,rivalstracker,primary,https://rivalstracker.com/heroes/the-thing,2026-08-25T14:02:59.000Z,2026-08-25T18:18:25.445Z,S,6,55,"Filters: Season 9.5, Competitive, Diamond. Percentages are displayed by RivalsTracker to two decimal places and converted to ratios without further precision. sample_matches repeats the source Matches field for each metric row. hero_rank is the displayed table order (win rate descending); tier_label is source-provided. Platform, region, and sample_players are not stated by the source and are left empty."
the-thing-s9-5-diamond,the-thing,The Thing,seasonalRank,9.5,competitive,diamond,,,banRate,0.1991,ratio,50018,,rivalstracker,primary,https://rivalstracker.com/heroes/the-thing,2026-08-25T14:02:59.000Z,2026-08-25T18:18:25.445Z,S,6,55,"Filters: Season 9.5, Competitive, Diamond. Percentages are displayed by RivalsTracker to two decimal places and converted to ratios without further precision. sample_matches repeats the source Matches field for each metric row. hero_rank is the displayed table order (win rate descending); tier_label is source-provided. Platform, region, and sample_players are not stated by the source and are left empty."
daredevil-s9-5-diamond,daredevil,Daredevil,seasonalRank,9.5,competitive,diamond,,,winRate,0.5537,ratio,15995,,rivalstracker,primary,https://rivalstracker.com/heroes/daredevil,2026-08-25T14:02:59.000Z,2026-08-25T18:18:25.445Z,A,7,55,"Filters: Season 9.5, Competitive, Diamond. Percentages are displayed by RivalsTracker to two decimal places and converted to ratios without further precision. sample_matches repeats the source Matches field for each metric row. hero_rank is the displayed table order (win rate descending); tier_label is source-provided. Platform, region, and sample_players are not stated by the source and are left empty."
daredevil-s9-5-diamond,daredevil,Daredevil,seasonalRank,9.5,competitive,diamond,,,pickRate,0.0488,ratio,15995,,rivalstracker,primary,https://rivalstracker.com/heroes/daredevil,2026-08-25T14:02:59.000Z,2026-08-25T18:18:25.445Z,A,7,55,"Filters: Season 9.5, Competitive, Diamond. Percentages are displayed by RivalsTracker to two decimal places and converted to ratios without further precision. sample_matches repeats the source Matches field for each metric row. hero_rank is the displayed table order (win rate descending); tier_label is source-provided. Platform, region, and sample_players are not stated by the source and are left empty."
daredevil-s9-5-diamond,daredevil,Daredevil,seasonalRank,9.5,competitive,diamond,,,banRate,0.0334,ratio,15995,,rivalstracker,primary,https://rivalstracker.com/heroes/daredevil,2026-08-25T14:02:59.000Z,2026-08-25T18:18:25.445Z,A,7,55,"Filters: Season 9.5, Competitive, Diamond. Percentages are displayed by RivalsTracker to two decimal places and converted to ratios without further precision. sample_matches repeats the source Matches field for each metric row. hero_rank is the displayed table order (win rate descending); tier_label is source-provided. Platform, region, and sample_players are not stated by the source and are left empty."
black-cat-s9-5-diamond,black-cat,Black Cat,seasonalRank,9.5,competitive,diamond,,,winRate,0.5499,ratio,13752,,rivalstracker,primary,https://rivalstracker.com/heroes/black-cat,2026-08-25T14:02:59.000Z,2026-08-25T18:18:25.445Z,A,8,55,"Filters: Season 9.5, Competitive, Diamond. Percentages are displayed by RivalsTracker to two decimal places and converted to ratios without further precision. sample_matches repeats the source Matches field for each metric row. hero_rank is the displayed table order (win rate descending); tier_label is source-provided. Platform, region, and sample_players are not stated by the source and are left empty."
black-cat-s9-5-diamond,black-cat,Black Cat,seasonalRank,9.5,competitive,diamond,,,pickRate,0.0419,ratio,13752,,rivalstracker,primary,https://rivalstracker.com/heroes/black-cat,2026-08-25T14:02:59.000Z,2026-08-25T18:18:25.445Z,A,8,55,"Filters: Season 9.5, Competitive, Diamond. Percentages are displayed by RivalsTracker to two decimal places and converted to ratios without further precision. sample_matches repeats the source Matches field for each metric row. hero_rank is the displayed table order (win rate descending); tier_label is source-provided. Platform, region, and sample_players are not stated by the source and are left empty."
black-cat-s9-5-diamond,black-cat,Black Cat,seasonalRank,9.5,competitive,diamond,,,banRate,0.3110,ratio,13752,,rivalstracker,primary,https://rivalstracker.com/heroes/black-cat,2026-08-25T14:02:59.000Z,2026-08-25T18:18:25.445Z,A,8,55,"Filters: Season 9.5, Competitive, Diamond. Percentages are displayed by RivalsTracker to two decimal places and converted to ratios without further precision. sample_matches repeats the source Matches field for each metric row. hero_rank is the displayed table order (win rate descending); tier_label is source-provided. Platform, region, and sample_players are not stated by the source and are left empty."
rocket-raccoon-s9-5-diamond,rocket-raccoon,Rocket Raccoon,seasonalRank,9.5,competitive,diamond,,,winRate,0.5448,ratio,76290,,rivalstracker,primary,https://rivalstracker.com/heroes/rocket-raccoon,2026-08-25T14:02:59.000Z,2026-08-25T18:18:25.445Z,S,9,55,"Filters: Season 9.5, Competitive, Diamond. Percentages are displayed by RivalsTracker to two decimal places and converted to ratios without further precision. sample_matches repeats the source Matches field for each metric row. hero_rank is the displayed table order (win rate descending); tier_label is source-provided. Platform, region, and sample_players are not stated by the source and are left empty."
rocket-raccoon-s9-5-diamond,rocket-raccoon,Rocket Raccoon,seasonalRank,9.5,competitive,diamond,,,pickRate,0.2327,ratio,76290,,rivalstracker,primary,https://rivalstracker.com/heroes/rocket-raccoon,2026-08-25T14:02:59.000Z,2026-08-25T18:18:25.445Z,S,9,55,"Filters: Season 9.5, Competitive, Diamond. Percentages are displayed by RivalsTracker to two decimal places and converted to ratios without further precision. sample_matches repeats the source Matches field for each metric row. hero_rank is the displayed table order (win rate descending); tier_label is source-provided. Platform, region, and sample_players are not stated by the source and are left empty."
rocket-raccoon-s9-5-diamond,rocket-raccoon,Rocket Raccoon,seasonalRank,9.5,competitive,diamond,,,banRate,0.0093,ratio,76290,,rivalstracker,primary,https://rivalstracker.com/heroes/rocket-raccoon,2026-08-25T14:02:59.000Z,2026-08-25T18:18:25.445Z,S,9,55,"Filters: Season 9.5, Competitive, Diamond. Percentages are displayed by RivalsTracker to two decimal places and converted to ratios without further precision. sample_matches repeats the source Matches field for each metric row. hero_rank is the displayed table order (win rate descending); tier_label is source-provided. Platform, region, and sample_players are not stated by the source and are left empty."
the-hood-s9-5-diamond,the-hood,The Hood,seasonalRank,9.5,competitive,diamond,,,winRate,0.5420,ratio,115258,,rivalstracker,primary,https://rivalstracker.com/heroes/the-hood,2026-08-25T14:02:59.000Z,2026-08-25T18:18:25.445Z,S,10,55,"Filters: Season 9.5, Competitive, Diamond. Percentages are displayed by RivalsTracker to two decimal places and converted to ratios without further precision. sample_matches repeats the source Matches field for each metric row. hero_rank is the displayed table order (win rate descending); tier_label is source-provided. Platform, region, and sample_players are not stated by the source and are left empty."
the-hood-s9-5-diamond,the-hood,The Hood,seasonalRank,9.5,competitive,diamond,,,pickRate,0.3516,ratio,115258,,rivalstracker,primary,https://rivalstracker.com/heroes/the-hood,2026-08-25T14:02:59.000Z,2026-08-25T18:18:25.445Z,S,10,55,"Filters: Season 9.5, Competitive, Diamond. Percentages are displayed by RivalsTracker to two decimal places and converted to ratios without further precision. sample_matches repeats the source Matches field for each metric row. hero_rank is the displayed table order (win rate descending); tier_label is source-provided. Platform, region, and sample_players are not stated by the source and are left empty."
the-hood-s9-5-diamond,the-hood,The Hood,seasonalRank,9.5,competitive,diamond,,,banRate,0.0735,ratio,115258,,rivalstracker,primary,https://rivalstracker.com/heroes/the-hood,2026-08-25T14:02:59.000Z,2026-08-25T18:18:25.445Z,S,10,55,"Filters: Season 9.5, Competitive, Diamond. Percentages are displayed by RivalsTracker to two decimal places and converted to ratios without further precision. sample_matches repeats the source Matches field for each metric row. hero_rank is the displayed table order (win rate descending); tier_label is source-provided. Platform, region, and sample_players are not stated by the source and are left empty."
human-torch-s9-5-diamond,human-torch,Human Torch,seasonalRank,9.5,competitive,diamond,,,winRate,0.5396,ratio,11442,,rivalstracker,primary,https://rivalstracker.com/heroes/human-torch,2026-08-25T14:02:59.000Z,2026-08-25T18:18:25.445Z,A,11,55,"Filters: Season 9.5, Competitive, Diamond. Percentages are displayed by RivalsTracker to two decimal places and converted to ratios without further precision. sample_matches repeats the source Matches field for each metric row. hero_rank is the displayed table order (win rate descending); tier_label is source-provided. Platform, region, and sample_players are not stated by the source and are left empty."
human-torch-s9-5-diamond,human-torch,Human Torch,seasonalRank,9.5,competitive,diamond,,,pickRate,0.0349,ratio,11442,,rivalstracker,primary,https://rivalstracker.com/heroes/human-torch,2026-08-25T14:02:59.000Z,2026-08-25T18:18:25.445Z,A,11,55,"Filters: Season 9.5, Competitive, Diamond. Percentages are displayed by RivalsTracker to two decimal places and converted to ratios without further precision. sample_matches repeats the source Matches field for each metric row. hero_rank is the displayed table order (win rate descending); tier_label is source-provided. Platform, region, and sample_players are not stated by the source and are left empty."
human-torch-s9-5-diamond,human-torch,Human Torch,seasonalRank,9.5,competitive,diamond,,,banRate,0.0041,ratio,11442,,rivalstracker,primary,https://rivalstracker.com/heroes/human-torch,2026-08-25T14:02:59.000Z,2026-08-25T18:18:25.445Z,A,11,55,"Filters: Season 9.5, Competitive, Diamond. Percentages are displayed by RivalsTracker to two decimal places and converted to ratios without further precision. sample_matches repeats the source Matches field for each metric row. hero_rank is the displayed table order (win rate descending); tier_label is source-provided. Platform, region, and sample_players are not stated by the source and are left empty."
iron-fist-s9-5-diamond,iron-fist,Iron Fist,seasonalRank,9.5,competitive,diamond,,,winRate,0.5373,ratio,23308,,rivalstracker,primary,https://rivalstracker.com/heroes/iron-fist,2026-08-25T14:02:59.000Z,2026-08-25T18:18:25.445Z,A,12,55,"Filters: Season 9.5, Competitive, Diamond. Percentages are displayed by RivalsTracker to two decimal places and converted to ratios without further precision. sample_matches repeats the source Matches field for each metric row. hero_rank is the displayed table order (win rate descending); tier_label is source-provided. Platform, region, and sample_players are not stated by the source and are left empty."
iron-fist-s9-5-diamond,iron-fist,Iron Fist,seasonalRank,9.5,competitive,diamond,,,pickRate,0.0711,ratio,23308,,rivalstracker,primary,https://rivalstracker.com/heroes/iron-fist,2026-08-25T14:02:59.000Z,2026-08-25T18:18:25.445Z,A,12,55,"Filters: Season 9.5, Competitive, Diamond. Percentages are displayed by RivalsTracker to two decimal places and converted to ratios without further precision. sample_matches repeats the source Matches field for each metric row. hero_rank is the displayed table order (win rate descending); tier_label is source-provided. Platform, region, and sample_players are not stated by the source and are left empty."
iron-fist-s9-5-diamond,iron-fist,Iron Fist,seasonalRank,9.5,competitive,diamond,,,banRate,0.0141,ratio,23308,,rivalstracker,primary,https://rivalstracker.com/heroes/iron-fist,2026-08-25T14:02:59.000Z,2026-08-25T18:18:25.445Z,A,12,55,"Filters: Season 9.5, Competitive, Diamond. Percentages are displayed by RivalsTracker to two decimal places and converted to ratios without further precision. sample_matches repeats the source Matches field for each metric row. hero_rank is the displayed table order (win rate descending); tier_label is source-provided. Platform, region, and sample_players are not stated by the source and are left empty."
black-panther-s9-5-diamond,black-panther,Black Panther,seasonalRank,9.5,competitive,diamond,,,winRate,0.5351,ratio,13706,,rivalstracker,primary,https://rivalstracker.com/heroes/black-panther,2026-08-25T14:02:59.000Z,2026-08-25T18:18:25.445Z,A,13,55,"Filters: Season 9.5, Competitive, Diamond. Percentages are displayed by RivalsTracker to two decimal places and converted to ratios without further precision. sample_matches repeats the source Matches field for each metric row. hero_rank is the displayed table order (win rate descending); tier_label is source-provided. Platform, region, and sample_players are not stated by the source and are left empty."
black-panther-s9-5-diamond,black-panther,Black Panther,seasonalRank,9.5,competitive,diamond,,,pickRate,0.0418,ratio,13706,,rivalstracker,primary,https://rivalstracker.com/heroes/black-panther,2026-08-25T14:02:59.000Z,2026-08-25T18:18:25.445Z,A,13,55,"Filters: Season 9.5, Competitive, Diamond. Percentages are displayed by RivalsTracker to two decimal places and converted to ratios without further precision. sample_matches repeats the source Matches field for each metric row. hero_rank is the displayed table order (win rate descending); tier_label is source-provided. Platform, region, and sample_players are not stated by the source and are left empty."
black-panther-s9-5-diamond,black-panther,Black Panther,seasonalRank,9.5,competitive,diamond,,,banRate,0.2988,ratio,13706,,rivalstracker,primary,https://rivalstracker.com/heroes/black-panther,2026-08-25T14:02:59.000Z,2026-08-25T18:18:25.445Z,A,13,55,"Filters: Season 9.5, Competitive, Diamond. Percentages are displayed by RivalsTracker to two decimal places and converted to ratios without further precision. sample_matches repeats the source Matches field for each metric row. hero_rank is the displayed table order (win rate descending); tier_label is source-provided. Platform, region, and sample_players are not stated by the source and are left empty."
hulk-s9-5-diamond,hulk,Hulk,seasonalRank,9.5,competitive,diamond,,,winRate,0.5331,ratio,21558,,rivalstracker,primary,https://rivalstracker.com/heroes/hulk,2026-08-25T14:02:59.000Z,2026-08-25T18:18:25.445Z,A,14,55,"Filters: Season 9.5, Competitive, Diamond. Percentages are displayed by RivalsTracker to two decimal places and converted to ratios without further precision. sample_matches repeats the source Matches field for each metric row. hero_rank is the displayed table order (win rate descending); tier_label is source-provided. Platform, region, and sample_players are not stated by the source and are left empty."
hulk-s9-5-diamond,hulk,Hulk,seasonalRank,9.5,competitive,diamond,,,pickRate,0.0658,ratio,21558,,rivalstracker,primary,https://rivalstracker.com/heroes/hulk,2026-08-25T14:02:59.000Z,2026-08-25T18:18:25.445Z,A,14,55,"Filters: Season 9.5, Competitive, Diamond. Percentages are displayed by RivalsTracker to two decimal places and converted to ratios without further precision. sample_matches repeats the source Matches field for each metric row. hero_rank is the displayed table order (win rate descending); tier_label is source-provided. Platform, region, and sample_players are not stated by the source and are left empty."
hulk-s9-5-diamond,hulk,Hulk,seasonalRank,9.5,competitive,diamond,,,banRate,0.0047,ratio,21558,,rivalstracker,primary,https://rivalstracker.com/heroes/hulk,2026-08-25T14:02:59.000Z,2026-08-25T18:18:25.445Z,A,14,55,"Filters: Season 9.5, Competitive, Diamond. Percentages are displayed by RivalsTracker to two decimal places and converted to ratios without further precision. sample_matches repeats the source Matches field for each metric row. hero_rank is the displayed table order (win rate descending); tier_label is source-provided. Platform, region, and sample_players are not stated by the source and are left empty."
iron-man-s9-5-diamond,iron-man,Iron Man,seasonalRank,9.5,competitive,diamond,,,winRate,0.5308,ratio,19871,,rivalstracker,primary,https://rivalstracker.com/heroes/iron-man,2026-08-25T14:02:59.000Z,2026-08-25T18:18:25.445Z,A,15,55,"Filters: Season 9.5, Competitive, Diamond. Percentages are displayed by RivalsTracker to two decimal places and converted to ratios without further precision. sample_matches repeats the source Matches field for each metric row. hero_rank is the displayed table order (win rate descending); tier_label is source-provided. Platform, region, and sample_players are not stated by the source and are left empty."
iron-man-s9-5-diamond,iron-man,Iron Man,seasonalRank,9.5,competitive,diamond,,,pickRate,0.0606,ratio,19871,,rivalstracker,primary,https://rivalstracker.com/heroes/iron-man,2026-08-25T14:02:59.000Z,2026-08-25T18:18:25.445Z,A,15,55,"Filters: Season 9.5, Competitive, Diamond. Percentages are displayed by RivalsTracker to two decimal places and converted to ratios without further precision. sample_matches repeats the source Matches field for each metric row. hero_rank is the displayed table order (win rate descending); tier_label is source-provided. Platform, region, and sample_players are not stated by the source and are left empty."
iron-man-s9-5-diamond,iron-man,Iron Man,seasonalRank,9.5,competitive,diamond,,,banRate,0.0067,ratio,19871,,rivalstracker,primary,https://rivalstracker.com/heroes/iron-man,2026-08-25T14:02:59.000Z,2026-08-25T18:18:25.445Z,A,15,55,"Filters: Season 9.5, Competitive, Diamond. Percentages are displayed by RivalsTracker to two decimal places and converted to ratios without further precision. sample_matches repeats the source Matches field for each metric row. hero_rank is the displayed table order (win rate descending); tier_label is source-provided. Platform, region, and sample_players are not stated by the source and are left empty."
mister-fantastic-s9-5-diamond,mister-fantastic,Mister Fantastic,seasonalRank,9.5,competitive,diamond,,,winRate,0.5248,ratio,18925,,rivalstracker,primary,https://rivalstracker.com/heroes/mister-fantastic,2026-08-25T14:02:59.000Z,2026-08-25T18:18:25.445Z,B,16,55,"Filters: Season 9.5, Competitive, Diamond. Percentages are displayed by RivalsTracker to two decimal places and converted to ratios without further precision. sample_matches repeats the source Matches field for each metric row. hero_rank is the displayed table order (win rate descending); tier_label is source-provided. Platform, region, and sample_players are not stated by the source and are left empty."
mister-fantastic-s9-5-diamond,mister-fantastic,Mister Fantastic,seasonalRank,9.5,competitive,diamond,,,pickRate,0.0577,ratio,18925,,rivalstracker,primary,https://rivalstracker.com/heroes/mister-fantastic,2026-08-25T14:02:59.000Z,2026-08-25T18:18:25.445Z,B,16,55,"Filters: Season 9.5, Competitive, Diamond. Percentages are displayed by RivalsTracker to two decimal places and converted to ratios without further precision. sample_matches repeats the source Matches field for each metric row. hero_rank is the displayed table order (win rate descending); tier_label is source-provided. Platform, region, and sample_players are not stated by the source and are left empty."
mister-fantastic-s9-5-diamond,mister-fantastic,Mister Fantastic,seasonalRank,9.5,competitive,diamond,,,banRate,0.0024,ratio,18925,,rivalstracker,primary,https://rivalstracker.com/heroes/mister-fantastic,2026-08-25T14:02:59.000Z,2026-08-25T18:18:25.445Z,B,16,55,"Filters: Season 9.5, Competitive, Diamond. Percentages are displayed by RivalsTracker to two decimal places and converted to ratios without further precision. sample_matches repeats the source Matches field for each metric row. hero_rank is the displayed table order (win rate descending); tier_label is source-provided. Platform, region, and sample_players are not stated by the source and are left empty."
angela-s9-5-diamond,angela,Angela,seasonalRank,9.5,competitive,diamond,,,winRate,0.5222,ratio,12542,,rivalstracker,primary,https://rivalstracker.com/heroes/angela,2026-08-25T14:02:59.000Z,2026-08-25T18:18:25.445Z,B,17,55,"Filters: Season 9.5, Competitive, Diamond. Percentages are displayed by RivalsTracker to two decimal places and converted to ratios without further precision. sample_matches repeats the source Matches field for each metric row. hero_rank is the displayed table order (win rate descending); tier_label is source-provided. Platform, region, and sample_players are not stated by the source and are left empty."
angela-s9-5-diamond,angela,Angela,seasonalRank,9.5,competitive,diamond,,,pickRate,0.0383,ratio,12542,,rivalstracker,primary,https://rivalstracker.com/heroes/angela,2026-08-25T14:02:59.000Z,2026-08-25T18:18:25.445Z,B,17,55,"Filters: Season 9.5, Competitive, Diamond. Percentages are displayed by RivalsTracker to two decimal places and converted to ratios without further precision. sample_matches repeats the source Matches field for each metric row. hero_rank is the displayed table order (win rate descending); tier_label is source-provided. Platform, region, and sample_players are not stated by the source and are left empty."
angela-s9-5-diamond,angela,Angela,seasonalRank,9.5,competitive,diamond,,,banRate,0.0055,ratio,12542,,rivalstracker,primary,https://rivalstracker.com/heroes/angela,2026-08-25T14:02:59.000Z,2026-08-25T18:18:25.445Z,B,17,55,"Filters: Season 9.5, Competitive, Diamond. Percentages are displayed by RivalsTracker to two decimal places and converted to ratios without further precision. sample_matches repeats the source Matches field for each metric row. hero_rank is the displayed table order (win rate descending); tier_label is source-provided. Platform, region, and sample_players are not stated by the source and are left empty."
loki-s9-5-diamond,loki,Loki,seasonalRank,9.5,competitive,diamond,,,winRate,0.5168,ratio,14005,,rivalstracker,primary,https://rivalstracker.com/heroes/loki,2026-08-25T14:02:59.000Z,2026-08-25T18:18:25.445Z,B,18,55,"Filters: Season 9.5, Competitive, Diamond. Percentages are displayed by RivalsTracker to two decimal places and converted to ratios without further precision. sample_matches repeats the source Matches field for each metric row. hero_rank is the displayed table order (win rate descending); tier_label is source-provided. Platform, region, and sample_players are not stated by the source and are left empty."
loki-s9-5-diamond,loki,Loki,seasonalRank,9.5,competitive,diamond,,,pickRate,0.0427,ratio,14005,,rivalstracker,primary,https://rivalstracker.com/heroes/loki,2026-08-25T14:02:59.000Z,2026-08-25T18:18:25.445Z,B,18,55,"Filters: Season 9.5, Competitive, Diamond. Percentages are displayed by RivalsTracker to two decimal places and converted to ratios without further precision. sample_matches repeats the source Matches field for each metric row. hero_rank is the displayed table order (win rate descending); tier_label is source-provided. Platform, region, and sample_players are not stated by the source and are left empty."
loki-s9-5-diamond,loki,Loki,seasonalRank,9.5,competitive,diamond,,,banRate,0.0016,ratio,14005,,rivalstracker,primary,https://rivalstracker.com/heroes/loki,2026-08-25T14:02:59.000Z,2026-08-25T18:18:25.445Z,B,18,55,"Filters: Season 9.5, Competitive, Diamond. Percentages are displayed by RivalsTracker to two decimal places and converted to ratios without further precision. sample_matches repeats the source Matches field for each metric row. hero_rank is the displayed table order (win rate descending); tier_label is source-provided. Platform, region, and sample_players are not stated by the source and are left empty."
spider-man-s9-5-diamond,spider-man,Spider-man,seasonalRank,9.5,competitive,diamond,,,winRate,0.5136,ratio,36575,,rivalstracker,primary,https://rivalstracker.com/heroes/spider-man,2026-08-25T14:02:59.000Z,2026-08-25T18:18:25.445Z,A,19,55,"Filters: Season 9.5, Competitive, Diamond. Percentages are displayed by RivalsTracker to two decimal places and converted to ratios without further precision. sample_matches repeats the source Matches field for each metric row. hero_rank is the displayed table order (win rate descending); tier_label is source-provided. Platform, region, and sample_players are not stated by the source and are left empty."
spider-man-s9-5-diamond,spider-man,Spider-man,seasonalRank,9.5,competitive,diamond,,,pickRate,0.1116,ratio,36575,,rivalstracker,primary,https://rivalstracker.com/heroes/spider-man,2026-08-25T14:02:59.000Z,2026-08-25T18:18:25.445Z,A,19,55,"Filters: Season 9.5, Competitive, Diamond. Percentages are displayed by RivalsTracker to two decimal places and converted to ratios without further precision. sample_matches repeats the source Matches field for each metric row. hero_rank is the displayed table order (win rate descending); tier_label is source-provided. Platform, region, and sample_players are not stated by the source and are left empty."
spider-man-s9-5-diamond,spider-man,Spider-man,seasonalRank,9.5,competitive,diamond,,,banRate,0.1537,ratio,36575,,rivalstracker,primary,https://rivalstracker.com/heroes/spider-man,2026-08-25T14:02:59.000Z,2026-08-25T18:18:25.445Z,A,19,55,"Filters: Season 9.5, Competitive, Diamond. Percentages are displayed by RivalsTracker to two decimal places and converted to ratios without further precision. sample_matches repeats the source Matches field for each metric row. hero_rank is the displayed table order (win rate descending); tier_label is source-provided. Platform, region, and sample_players are not stated by the source and are left empty."
thor-s9-5-diamond,thor,Thor,seasonalRank,9.5,competitive,diamond,,,winRate,0.5088,ratio,28346,,rivalstracker,primary,https://rivalstracker.com/heroes/thor,2026-08-25T14:02:59.000Z,2026-08-25T18:18:25.445Z,B,20,55,"Filters: Season 9.5, Competitive, Diamond. Percentages are displayed by RivalsTracker to two decimal places and converted to ratios without further precision. sample_matches repeats the source Matches field for each metric row. hero_rank is the displayed table order (win rate descending); tier_label is source-provided. Platform, region, and sample_players are not stated by the source and are left empty."
thor-s9-5-diamond,thor,Thor,seasonalRank,9.5,competitive,diamond,,,pickRate,0.0865,ratio,28346,,rivalstracker,primary,https://rivalstracker.com/heroes/thor,2026-08-25T14:02:59.000Z,2026-08-25T18:18:25.445Z,B,20,55,"Filters: Season 9.5, Competitive, Diamond. Percentages are displayed by RivalsTracker to two decimal places and converted to ratios without further precision. sample_matches repeats the source Matches field for each metric row. hero_rank is the displayed table order (win rate descending); tier_label is source-provided. Platform, region, and sample_players are not stated by the source and are left empty."
thor-s9-5-diamond,thor,Thor,seasonalRank,9.5,competitive,diamond,,,banRate,0.0045,ratio,28346,,rivalstracker,primary,https://rivalstracker.com/heroes/thor,2026-08-25T14:02:59.000Z,2026-08-25T18:18:25.445Z,B,20,55,"Filters: Season 9.5, Competitive, Diamond. Percentages are displayed by RivalsTracker to two decimal places and converted to ratios without further precision. sample_matches repeats the source Matches field for each metric row. hero_rank is the displayed table order (win rate descending); tier_label is source-provided. Platform, region, and sample_players are not stated by the source and are left empty."
captain-america-s9-5-diamond,captain-america,Captain America,seasonalRank,9.5,competitive,diamond,,,winRate,0.5081,ratio,8156,,rivalstracker,primary,https://rivalstracker.com/heroes/captain-america,2026-08-25T14:02:59.000Z,2026-08-25T18:18:25.445Z,B,21,55,"Filters: Season 9.5, Competitive, Diamond. Percentages are displayed by RivalsTracker to two decimal places and converted to ratios without further precision. sample_matches repeats the source Matches field for each metric row. hero_rank is the displayed table order (win rate descending); tier_label is source-provided. Platform, region, and sample_players are not stated by the source and are left empty."
captain-america-s9-5-diamond,captain-america,Captain America,seasonalRank,9.5,competitive,diamond,,,pickRate,0.0249,ratio,8156,,rivalstracker,primary,https://rivalstracker.com/heroes/captain-america,2026-08-25T14:02:59.000Z,2026-08-25T18:18:25.445Z,B,21,55,"Filters: Season 9.5, Competitive, Diamond. Percentages are displayed by RivalsTracker to two decimal places and converted to ratios without further precision. sample_matches repeats the source Matches field for each metric row. hero_rank is the displayed table order (win rate descending); tier_label is source-provided. Platform, region, and sample_players are not stated by the source and are left empty."
captain-america-s9-5-diamond,captain-america,Captain America,seasonalRank,9.5,competitive,diamond,,,banRate,0.0014,ratio,8156,,rivalstracker,primary,https://rivalstracker.com/heroes/captain-america,2026-08-25T14:02:59.000Z,2026-08-25T18:18:25.445Z,B,21,55,"Filters: Season 9.5, Competitive, Diamond. Percentages are displayed by RivalsTracker to two decimal places and converted to ratios without further precision. sample_matches repeats the source Matches field for each metric row. hero_rank is the displayed table order (win rate descending); tier_label is source-provided. Platform, region, and sample_players are not stated by the source and are left empty."
magneto-s9-5-diamond,magneto,Magneto,seasonalRank,9.5,competitive,diamond,,,winRate,0.5052,ratio,136263,,rivalstracker,primary,https://rivalstracker.com/heroes/magneto,2026-08-25T14:02:59.000Z,2026-08-25T18:18:25.445Z,A,22,55,"Filters: Season 9.5, Competitive, Diamond. Percentages are displayed by RivalsTracker to two decimal places and converted to ratios without further precision. sample_matches repeats the source Matches field for each metric row. hero_rank is the displayed table order (win rate descending); tier_label is source-provided. Platform, region, and sample_players are not stated by the source and are left empty."
magneto-s9-5-diamond,magneto,Magneto,seasonalRank,9.5,competitive,diamond,,,pickRate,0.4157,ratio,136263,,rivalstracker,primary,https://rivalstracker.com/heroes/magneto,2026-08-25T14:02:59.000Z,2026-08-25T18:18:25.445Z,A,22,55,"Filters: Season 9.5, Competitive, Diamond. Percentages are displayed by RivalsTracker to two decimal places and converted to ratios without further precision. sample_matches repeats the source Matches field for each metric row. hero_rank is the displayed table order (win rate descending); tier_label is source-provided. Platform, region, and sample_players are not stated by the source and are left empty."
magneto-s9-5-diamond,magneto,Magneto,seasonalRank,9.5,competitive,diamond,,,banRate,0.0832,ratio,136263,,rivalstracker,primary,https://rivalstracker.com/heroes/magneto,2026-08-25T14:02:59.000Z,2026-08-25T18:18:25.445Z,A,22,55,"Filters: Season 9.5, Competitive, Diamond. Percentages are displayed by RivalsTracker to two decimal places and converted to ratios without further precision. sample_matches repeats the source Matches field for each metric row. hero_rank is the displayed table order (win rate descending); tier_label is source-provided. Platform, region, and sample_players are not stated by the source and are left empty."
star-lord-s9-5-diamond,star-lord,Star-lord,seasonalRank,9.5,competitive,diamond,,,winRate,0.5031,ratio,17008,,rivalstracker,primary,https://rivalstracker.com/heroes/star-lord,2026-08-25T14:02:59.000Z,2026-08-25T18:18:25.445Z,B,23,55,"Filters: Season 9.5, Competitive, Diamond. Percentages are displayed by RivalsTracker to two decimal places and converted to ratios without further precision. sample_matches repeats the source Matches field for each metric row. hero_rank is the displayed table order (win rate descending); tier_label is source-provided. Platform, region, and sample_players are not stated by the source and are left empty."
star-lord-s9-5-diamond,star-lord,Star-lord,seasonalRank,9.5,competitive,diamond,,,pickRate,0.0519,ratio,17008,,rivalstracker,primary,https://rivalstracker.com/heroes/star-lord,2026-08-25T14:02:59.000Z,2026-08-25T18:18:25.445Z,B,23,55,"Filters: Season 9.5, Competitive, Diamond. Percentages are displayed by RivalsTracker to two decimal places and converted to ratios without further precision. sample_matches repeats the source Matches field for each metric row. hero_rank is the displayed table order (win rate descending); tier_label is source-provided. Platform, region, and sample_players are not stated by the source and are left empty."
star-lord-s9-5-diamond,star-lord,Star-lord,seasonalRank,9.5,competitive,diamond,,,banRate,0.0036,ratio,17008,,rivalstracker,primary,https://rivalstracker.com/heroes/star-lord,2026-08-25T14:02:59.000Z,2026-08-25T18:18:25.445Z,B,23,55,"Filters: Season 9.5, Competitive, Diamond. Percentages are displayed by RivalsTracker to two decimal places and converted to ratios without further precision. sample_matches repeats the source Matches field for each metric row. hero_rank is the displayed table order (win rate descending); tier_label is source-provided. Platform, region, and sample_players are not stated by the source and are left empty."
blade-s9-5-diamond,blade,Blade,seasonalRank,9.5,competitive,diamond,,,winRate,0.5019,ratio,17963,,rivalstracker,primary,https://rivalstracker.com/heroes/blade,2026-08-25T14:02:59.000Z,2026-08-25T18:18:25.445Z,B,24,55,"Filters: Season 9.5, Competitive, Diamond. Percentages are displayed by RivalsTracker to two decimal places and converted to ratios without further precision. sample_matches repeats the source Matches field for each metric row. hero_rank is the displayed table order (win rate descending); tier_label is source-provided. Platform, region, and sample_players are not stated by the source and are left empty."
blade-s9-5-diamond,blade,Blade,seasonalRank,9.5,competitive,diamond,,,pickRate,0.0548,ratio,17963,,rivalstracker,primary,https://rivalstracker.com/heroes/blade,2026-08-25T14:02:59.000Z,2026-08-25T18:18:25.445Z,B,24,55,"Filters: Season 9.5, Competitive, Diamond. Percentages are displayed by RivalsTracker to two decimal places and converted to ratios without further precision. sample_matches repeats the source Matches field for each metric row. hero_rank is the displayed table order (win rate descending); tier_label is source-provided. Platform, region, and sample_players are not stated by the source and are left empty."
blade-s9-5-diamond,blade,Blade,seasonalRank,9.5,competitive,diamond,,,banRate,0.0090,ratio,17963,,rivalstracker,primary,https://rivalstracker.com/heroes/blade,2026-08-25T14:02:59.000Z,2026-08-25T18:18:25.445Z,B,24,55,"Filters: Season 9.5, Competitive, Diamond. Percentages are displayed by RivalsTracker to two decimal places and converted to ratios without further precision. sample_matches repeats the source Matches field for each metric row. hero_rank is the displayed table order (win rate descending); tier_label is source-provided. Platform, region, and sample_players are not stated by the source and are left empty."
rogue-s9-5-diamond,rogue,Rogue,seasonalRank,9.5,competitive,diamond,,,winRate,0.5013,ratio,16150,,rivalstracker,primary,https://rivalstracker.com/heroes/rogue,2026-08-25T14:02:59.000Z,2026-08-25T18:18:25.445Z,B,25,55,"Filters: Season 9.5, Competitive, Diamond. Percentages are displayed by RivalsTracker to two decimal places and converted to ratios without further precision. sample_matches repeats the source Matches field for each metric row. hero_rank is the displayed table order (win rate descending); tier_label is source-provided. Platform, region, and sample_players are not stated by the source and are left empty."
rogue-s9-5-diamond,rogue,Rogue,seasonalRank,9.5,competitive,diamond,,,pickRate,0.0493,ratio,16150,,rivalstracker,primary,https://rivalstracker.com/heroes/rogue,2026-08-25T14:02:59.000Z,2026-08-25T18:18:25.445Z,B,25,55,"Filters: Season 9.5, Competitive, Diamond. Percentages are displayed by RivalsTracker to two decimal places and converted to ratios without further precision. sample_matches repeats the source Matches field for each metric row. hero_rank is the displayed table order (win rate descending); tier_label is source-provided. Platform, region, and sample_players are not stated by the source and are left empty."
rogue-s9-5-diamond,rogue,Rogue,seasonalRank,9.5,competitive,diamond,,,banRate,0.0023,ratio,16150,,rivalstracker,primary,https://rivalstracker.com/heroes/rogue,2026-08-25T14:02:59.000Z,2026-08-25T18:18:25.445Z,B,25,55,"Filters: Season 9.5, Competitive, Diamond. Percentages are displayed by RivalsTracker to two decimal places and converted to ratios without further precision. sample_matches repeats the source Matches field for each metric row. hero_rank is the displayed table order (win rate descending); tier_label is source-provided. Platform, region, and sample_players are not stated by the source and are left empty."
groot-s9-5-diamond,groot,Groot,seasonalRank,9.5,competitive,diamond,,,winRate,0.5002,ratio,18139,,rivalstracker,primary,https://rivalstracker.com/heroes/groot,2026-08-25T14:02:59.000Z,2026-08-25T18:18:25.445Z,B,26,55,"Filters: Season 9.5, Competitive, Diamond. Percentages are displayed by RivalsTracker to two decimal places and converted to ratios without further precision. sample_matches repeats the source Matches field for each metric row. hero_rank is the displayed table order (win rate descending); tier_label is source-provided. Platform, region, and sample_players are not stated by the source and are left empty."
groot-s9-5-diamond,groot,Groot,seasonalRank,9.5,competitive,diamond,,,pickRate,0.0553,ratio,18139,,rivalstracker,primary,https://rivalstracker.com/heroes/groot,2026-08-25T14:02:59.000Z,2026-08-25T18:18:25.445Z,B,26,55,"Filters: Season 9.5, Competitive, Diamond. Percentages are displayed by RivalsTracker to two decimal places and converted to ratios without further precision. sample_matches repeats the source Matches field for each metric row. hero_rank is the displayed table order (win rate descending); tier_label is source-provided. Platform, region, and sample_players are not stated by the source and are left empty."
groot-s9-5-diamond,groot,Groot,seasonalRank,9.5,competitive,diamond,,,banRate,0.0639,ratio,18139,,rivalstracker,primary,https://rivalstracker.com/heroes/groot,2026-08-25T14:02:59.000Z,2026-08-25T18:18:25.445Z,B,26,55,"Filters: Season 9.5, Competitive, Diamond. Percentages are displayed by RivalsTracker to two decimal places and converted to ratios without further precision. sample_matches repeats the source Matches field for each metric row. hero_rank is the displayed table order (win rate descending); tier_label is source-provided. Platform, region, and sample_players are not stated by the source and are left empty."
hela-s9-5-diamond,hela,Hela,seasonalRank,9.5,competitive,diamond,,,winRate,0.4995,ratio,31846,,rivalstracker,primary,https://rivalstracker.com/heroes/hela,2026-08-25T14:02:59.000Z,2026-08-25T18:18:25.445Z,B,27,55,"Filters: Season 9.5, Competitive, Diamond. Percentages are displayed by RivalsTracker to two decimal places and converted to ratios without further precision. sample_matches repeats the source Matches field for each metric row. hero_rank is the displayed table order (win rate descending); tier_label is source-provided. Platform, region, and sample_players are not stated by the source and are left empty."
hela-s9-5-diamond,hela,Hela,seasonalRank,9.5,competitive,diamond,,,pickRate,0.0971,ratio,31846,,rivalstracker,primary,https://rivalstracker.com/heroes/hela,2026-08-25T14:02:59.000Z,2026-08-25T18:18:25.445Z,B,27,55,"Filters: Season 9.5, Competitive, Diamond. Percentages are displayed by RivalsTracker to two decimal places and converted to ratios without further precision. sample_matches repeats the source Matches field for each metric row. hero_rank is the displayed table order (win rate descending); tier_label is source-provided. Platform, region, and sample_players are not stated by the source and are left empty."
hela-s9-5-diamond,hela,Hela,seasonalRank,9.5,competitive,diamond,,,banRate,0.0640,ratio,31846,,rivalstracker,primary,https://rivalstracker.com/heroes/hela,2026-08-25T14:02:59.000Z,2026-08-25T18:18:25.445Z,B,27,55,"Filters: Season 9.5, Competitive, Diamond. Percentages are displayed by RivalsTracker to two decimal places and converted to ratios without further precision. sample_matches repeats the source Matches field for each metric row. hero_rank is the displayed table order (win rate descending); tier_label is source-provided. Platform, region, and sample_players are not stated by the source and are left empty."
winter-soldier-s9-5-diamond,winter-soldier,Winter Soldier,seasonalRank,9.5,competitive,diamond,,,winRate,0.4975,ratio,79126,,rivalstracker,primary,https://rivalstracker.com/heroes/winter-soldier,2026-08-25T14:02:59.000Z,2026-08-25T18:18:25.445Z,A,28,55,"Filters: Season 9.5, Competitive, Diamond. Percentages are displayed by RivalsTracker to two decimal places and converted to ratios without further precision. sample_matches repeats the source Matches field for each metric row. hero_rank is the displayed table order (win rate descending); tier_label is source-provided. Platform, region, and sample_players are not stated by the source and are left empty."
winter-soldier-s9-5-diamond,winter-soldier,Winter Soldier,seasonalRank,9.5,competitive,diamond,,,pickRate,0.2414,ratio,79126,,rivalstracker,primary,https://rivalstracker.com/heroes/winter-soldier,2026-08-25T14:02:59.000Z,2026-08-25T18:18:25.445Z,A,28,55,"Filters: Season 9.5, Competitive, Diamond. Percentages are displayed by RivalsTracker to two decimal places and converted to ratios without further precision. sample_matches repeats the source Matches field for each metric row. hero_rank is the displayed table order (win rate descending); tier_label is source-provided. Platform, region, and sample_players are not stated by the source and are left empty."
winter-soldier-s9-5-diamond,winter-soldier,Winter Soldier,seasonalRank,9.5,competitive,diamond,,,banRate,0.0890,ratio,79126,,rivalstracker,primary,https://rivalstracker.com/heroes/winter-soldier,2026-08-25T14:02:59.000Z,2026-08-25T18:18:25.445Z,A,28,55,"Filters: Season 9.5, Competitive, Diamond. Percentages are displayed by RivalsTracker to two decimal places and converted to ratios without further precision. sample_matches repeats the source Matches field for each metric row. hero_rank is the displayed table order (win rate descending); tier_label is source-provided. Platform, region, and sample_players are not stated by the source and are left empty."
cloak-and-dagger-s9-5-diamond,cloak-and-dagger,Cloak & Dagger,seasonalRank,9.5,competitive,diamond,,,winRate,0.4966,ratio,131252,,rivalstracker,primary,https://rivalstracker.com/heroes/cloak-&-dagger,2026-08-25T14:02:59.000Z,2026-08-25T18:18:25.445Z,A,29,55,"Filters: Season 9.5, Competitive, Diamond. Percentages are displayed by RivalsTracker to two decimal places and converted to ratios without further precision. sample_matches repeats the source Matches field for each metric row. hero_rank is the displayed table order (win rate descending); tier_label is source-provided. Platform, region, and sample_players are not stated by the source and are left empty."
cloak-and-dagger-s9-5-diamond,cloak-and-dagger,Cloak & Dagger,seasonalRank,9.5,competitive,diamond,,,pickRate,0.4004,ratio,131252,,rivalstracker,primary,https://rivalstracker.com/heroes/cloak-&-dagger,2026-08-25T14:02:59.000Z,2026-08-25T18:18:25.445Z,A,29,55,"Filters: Season 9.5, Competitive, Diamond. Percentages are displayed by RivalsTracker to two decimal places and converted to ratios without further precision. sample_matches repeats the source Matches field for each metric row. hero_rank is the displayed table order (win rate descending); tier_label is source-provided. Platform, region, and sample_players are not stated by the source and are left empty."
cloak-and-dagger-s9-5-diamond,cloak-and-dagger,Cloak & Dagger,seasonalRank,9.5,competitive,diamond,,,banRate,0.1778,ratio,131252,,rivalstracker,primary,https://rivalstracker.com/heroes/cloak-&-dagger,2026-08-25T14:02:59.000Z,2026-08-25T18:18:25.445Z,A,29,55,"Filters: Season 9.5, Competitive, Diamond. Percentages are displayed by RivalsTracker to two decimal places and converted to ratios without further precision. sample_matches repeats the source Matches field for each metric row. hero_rank is the displayed table order (win rate descending); tier_label is source-provided. Platform, region, and sample_players are not stated by the source and are left empty."
moon-knight-s9-5-diamond,moon-knight,Moon Knight,seasonalRank,9.5,competitive,diamond,,,winRate,0.4964,ratio,27259,,rivalstracker,primary,https://rivalstracker.com/heroes/moon-knight,2026-08-25T14:02:59.000Z,2026-08-25T18:18:25.445Z,B,30,55,"Filters: Season 9.5, Competitive, Diamond. Percentages are displayed by RivalsTracker to two decimal places and converted to ratios without further precision. sample_matches repeats the source Matches field for each metric row. hero_rank is the displayed table order (win rate descending); tier_label is source-provided. Platform, region, and sample_players are not stated by the source and are left empty."
moon-knight-s9-5-diamond,moon-knight,Moon Knight,seasonalRank,9.5,competitive,diamond,,,pickRate,0.0832,ratio,27259,,rivalstracker,primary,https://rivalstracker.com/heroes/moon-knight,2026-08-25T14:02:59.000Z,2026-08-25T18:18:25.445Z,B,30,55,"Filters: Season 9.5, Competitive, Diamond. Percentages are displayed by RivalsTracker to two decimal places and converted to ratios without further precision. sample_matches repeats the source Matches field for each metric row. hero_rank is the displayed table order (win rate descending); tier_label is source-provided. Platform, region, and sample_players are not stated by the source and are left empty."
moon-knight-s9-5-diamond,moon-knight,Moon Knight,seasonalRank,9.5,competitive,diamond,,,banRate,0.0080,ratio,27259,,rivalstracker,primary,https://rivalstracker.com/heroes/moon-knight,2026-08-25T14:02:59.000Z,2026-08-25T18:18:25.445Z,B,30,55,"Filters: Season 9.5, Competitive, Diamond. Percentages are displayed by RivalsTracker to two decimal places and converted to ratios without further precision. sample_matches repeats the source Matches field for each metric row. hero_rank is the displayed table order (win rate descending); tier_label is source-provided. Platform, region, and sample_players are not stated by the source and are left empty."
wolverine-s9-5-diamond,wolverine,Wolverine,seasonalRank,9.5,competitive,diamond,,,winRate,0.4958,ratio,12459,,rivalstracker,primary,https://rivalstracker.com/heroes/wolverine,2026-08-25T14:02:59.000Z,2026-08-25T18:18:25.445Z,C,31,55,"Filters: Season 9.5, Competitive, Diamond. Percentages are displayed by RivalsTracker to two decimal places and converted to ratios without further precision. sample_matches repeats the source Matches field for each metric row. hero_rank is the displayed table order (win rate descending); tier_label is source-provided. Platform, region, and sample_players are not stated by the source and are left empty."
wolverine-s9-5-diamond,wolverine,Wolverine,seasonalRank,9.5,competitive,diamond,,,pickRate,0.0380,ratio,12459,,rivalstracker,primary,https://rivalstracker.com/heroes/wolverine,2026-08-25T14:02:59.000Z,2026-08-25T18:18:25.445Z,C,31,55,"Filters: Season 9.5, Competitive, Diamond. Percentages are displayed by RivalsTracker to two decimal places and converted to ratios without further precision. sample_matches repeats the source Matches field for each metric row. hero_rank is the displayed table order (win rate descending); tier_label is source-provided. Platform, region, and sample_players are not stated by the source and are left empty."
wolverine-s9-5-diamond,wolverine,Wolverine,seasonalRank,9.5,competitive,diamond,,,banRate,0.0054,ratio,12459,,rivalstracker,primary,https://rivalstracker.com/heroes/wolverine,2026-08-25T14:02:59.000Z,2026-08-25T18:18:25.445Z,C,31,55,"Filters: Season 9.5, Competitive, Diamond. Percentages are displayed by RivalsTracker to two decimal places and converted to ratios without further precision. sample_matches repeats the source Matches field for each metric row. hero_rank is the displayed table order (win rate descending); tier_label is source-provided. Platform, region, and sample_players are not stated by the source and are left empty."
psylocke-s9-5-diamond,psylocke,Psylocke,seasonalRank,9.5,competitive,diamond,,,winRate,0.4951,ratio,11487,,rivalstracker,primary,https://rivalstracker.com/heroes/psylocke,2026-08-25T14:02:59.000Z,2026-08-25T18:18:25.445Z,C,32,55,"Filters: Season 9.5, Competitive, Diamond. Percentages are displayed by RivalsTracker to two decimal places and converted to ratios without further precision. sample_matches repeats the source Matches field for each metric row. hero_rank is the displayed table order (win rate descending); tier_label is source-provided. Platform, region, and sample_players are not stated by the source and are left empty."
psylocke-s9-5-diamond,psylocke,Psylocke,seasonalRank,9.5,competitive,diamond,,,pickRate,0.0350,ratio,11487,,rivalstracker,primary,https://rivalstracker.com/heroes/psylocke,2026-08-25T14:02:59.000Z,2026-08-25T18:18:25.445Z,C,32,55,"Filters: Season 9.5, Competitive, Diamond. Percentages are displayed by RivalsTracker to two decimal places and converted to ratios without further precision. sample_matches repeats the source Matches field for each metric row. hero_rank is the displayed table order (win rate descending); tier_label is source-provided. Platform, region, and sample_players are not stated by the source and are left empty."
psylocke-s9-5-diamond,psylocke,Psylocke,seasonalRank,9.5,competitive,diamond,,,banRate,0.0026,ratio,11487,,rivalstracker,primary,https://rivalstracker.com/heroes/psylocke,2026-08-25T14:02:59.000Z,2026-08-25T18:18:25.445Z,C,32,55,"Filters: Season 9.5, Competitive, Diamond. Percentages are displayed by RivalsTracker to two decimal places and converted to ratios without further precision. sample_matches repeats the source Matches field for each metric row. hero_rank is the displayed table order (win rate descending); tier_label is source-provided. Platform, region, and sample_players are not stated by the source and are left empty."
jubilee-s9-5-diamond,jubilee,Jubilee,seasonalRank,9.5,competitive,diamond,,,winRate,0.4950,ratio,106335,,rivalstracker,primary,https://rivalstracker.com/heroes/jubilee,2026-08-25T14:02:59.000Z,2026-08-25T18:18:25.445Z,B,33,55,"Filters: Season 9.5, Competitive, Diamond. Percentages are displayed by RivalsTracker to two decimal places and converted to ratios without further precision. sample_matches repeats the source Matches field for each metric row. hero_rank is the displayed table order (win rate descending); tier_label is source-provided. Platform, region, and sample_players are not stated by the source and are left empty."
jubilee-s9-5-diamond,jubilee,Jubilee,seasonalRank,9.5,competitive,diamond,,,pickRate,0.3244,ratio,106335,,rivalstracker,primary,https://rivalstracker.com/heroes/jubilee,2026-08-25T14:02:59.000Z,2026-08-25T18:18:25.445Z,B,33,55,"Filters: Season 9.5, Competitive, Diamond. Percentages are displayed by RivalsTracker to two decimal places and converted to ratios without further precision. sample_matches repeats the source Matches field for each metric row. hero_rank is the displayed table order (win rate descending); tier_label is source-provided. Platform, region, and sample_players are not stated by the source and are left empty."
jubilee-s9-5-diamond,jubilee,Jubilee,seasonalRank,9.5,competitive,diamond,,,banRate,0.0147,ratio,106335,,rivalstracker,primary,https://rivalstracker.com/heroes/jubilee,2026-08-25T14:02:59.000Z,2026-08-25T18:18:25.445Z,B,33,55,"Filters: Season 9.5, Competitive, Diamond. Percentages are displayed by RivalsTracker to two decimal places and converted to ratios without further precision. sample_matches repeats the source Matches field for each metric row. hero_rank is the displayed table order (win rate descending); tier_label is source-provided. Platform, region, and sample_players are not stated by the source and are left empty."
venom-s9-5-diamond,venom,Venom,seasonalRank,9.5,competitive,diamond,,,winRate,0.4948,ratio,30502,,rivalstracker,primary,https://rivalstracker.com/heroes/venom,2026-08-25T14:02:59.000Z,2026-08-25T18:18:25.445Z,B,34,55,"Filters: Season 9.5, Competitive, Diamond. Percentages are displayed by RivalsTracker to two decimal places and converted to ratios without further precision. sample_matches repeats the source Matches field for each metric row. hero_rank is the displayed table order (win rate descending); tier_label is source-provided. Platform, region, and sample_players are not stated by the source and are left empty."
venom-s9-5-diamond,venom,Venom,seasonalRank,9.5,competitive,diamond,,,pickRate,0.0930,ratio,30502,,rivalstracker,primary,https://rivalstracker.com/heroes/venom,2026-08-25T14:02:59.000Z,2026-08-25T18:18:25.445Z,B,34,55,"Filters: Season 9.5, Competitive, Diamond. Percentages are displayed by RivalsTracker to two decimal places and converted to ratios without further precision. sample_matches repeats the source Matches field for each metric row. hero_rank is the displayed table order (win rate descending); tier_label is source-provided. Platform, region, and sample_players are not stated by the source and are left empty."
venom-s9-5-diamond,venom,Venom,seasonalRank,9.5,competitive,diamond,,,banRate,0.1260,ratio,30502,,rivalstracker,primary,https://rivalstracker.com/heroes/venom,2026-08-25T14:02:59.000Z,2026-08-25T18:18:25.445Z,B,34,55,"Filters: Season 9.5, Competitive, Diamond. Percentages are displayed by RivalsTracker to two decimal places and converted to ratios without further precision. sample_matches repeats the source Matches field for each metric row. hero_rank is the displayed table order (win rate descending); tier_label is source-provided. Platform, region, and sample_players are not stated by the source and are left empty."
adam-warlock-s9-5-diamond,adam-warlock,Adam Warlock,seasonalRank,9.5,competitive,diamond,,,winRate,0.4938,ratio,7846,,rivalstracker,primary,https://rivalstracker.com/heroes/adam-warlock,2026-08-25T14:02:59.000Z,2026-08-25T18:18:25.445Z,C,35,55,"Filters: Season 9.5, Competitive, Diamond. Percentages are displayed by RivalsTracker to two decimal places and converted to ratios without further precision. sample_matches repeats the source Matches field for each metric row. hero_rank is the displayed table order (win rate descending); tier_label is source-provided. Platform, region, and sample_players are not stated by the source and are left empty."
adam-warlock-s9-5-diamond,adam-warlock,Adam Warlock,seasonalRank,9.5,competitive,diamond,,,pickRate,0.0239,ratio,7846,,rivalstracker,primary,https://rivalstracker.com/heroes/adam-warlock,2026-08-25T14:02:59.000Z,2026-08-25T18:18:25.445Z,C,35,55,"Filters: Season 9.5, Competitive, Diamond. Percentages are displayed by RivalsTracker to two decimal places and converted to ratios without further precision. sample_matches repeats the source Matches field for each metric row. hero_rank is the displayed table order (win rate descending); tier_label is source-provided. Platform, region, and sample_players are not stated by the source and are left empty."
adam-warlock-s9-5-diamond,adam-warlock,Adam Warlock,seasonalRank,9.5,competitive,diamond,,,banRate,0.0009,ratio,7846,,rivalstracker,primary,https://rivalstracker.com/heroes/adam-warlock,2026-08-25T14:02:59.000Z,2026-08-25T18:18:25.445Z,C,35,55,"Filters: Season 9.5, Competitive, Diamond. Percentages are displayed by RivalsTracker to two decimal places and converted to ratios without further precision. sample_matches repeats the source Matches field for each metric row. hero_rank is the displayed table order (win rate descending); tier_label is source-provided. Platform, region, and sample_players are not stated by the source and are left empty."
doctor-strange-s9-5-diamond,doctor-strange,Doctor Strange,seasonalRank,9.5,competitive,diamond,,,winRate,0.4885,ratio,60782,,rivalstracker,primary,https://rivalstracker.com/heroes/doctor-strange,2026-08-25T14:02:59.000Z,2026-08-25T18:18:25.445Z,B,36,55,"Filters: Season 9.5, Competitive, Diamond. Percentages are displayed by RivalsTracker to two decimal places and converted to ratios without further precision. sample_matches repeats the source Matches field for each metric row. hero_rank is the displayed table order (win rate descending); tier_label is source-provided. Platform, region, and sample_players are not stated by the source and are left empty."
doctor-strange-s9-5-diamond,doctor-strange,Doctor Strange,seasonalRank,9.5,competitive,diamond,,,pickRate,0.1854,ratio,60782,,rivalstracker,primary,https://rivalstracker.com/heroes/doctor-strange,2026-08-25T14:02:59.000Z,2026-08-25T18:18:25.445Z,B,36,55,"Filters: Season 9.5, Competitive, Diamond. Percentages are displayed by RivalsTracker to two decimal places and converted to ratios without further precision. sample_matches repeats the source Matches field for each metric row. hero_rank is the displayed table order (win rate descending); tier_label is source-provided. Platform, region, and sample_players are not stated by the source and are left empty."
doctor-strange-s9-5-diamond,doctor-strange,Doctor Strange,seasonalRank,9.5,competitive,diamond,,,banRate,0.0051,ratio,60782,,rivalstracker,primary,https://rivalstracker.com/heroes/doctor-strange,2026-08-25T14:02:59.000Z,2026-08-25T18:18:25.445Z,B,36,55,"Filters: Season 9.5, Competitive, Diamond. Percentages are displayed by RivalsTracker to two decimal places and converted to ratios without further precision. sample_matches repeats the source Matches field for each metric row. hero_rank is the displayed table order (win rate descending); tier_label is source-provided. Platform, region, and sample_players are not stated by the source and are left empty."
elsa-bloodstone-s9-5-diamond,elsa-bloodstone,Elsa Bloodstone,seasonalRank,9.5,competitive,diamond,,,winRate,0.4869,ratio,28096,,rivalstracker,primary,https://rivalstracker.com/heroes/elsa-bloodstone,2026-08-25T14:02:59.000Z,2026-08-25T18:18:25.445Z,B,37,55,"Filters: Season 9.5, Competitive, Diamond. Percentages are displayed by RivalsTracker to two decimal places and converted to ratios without further precision. sample_matches repeats the source Matches field for each metric row. hero_rank is the displayed table order (win rate descending); tier_label is source-provided. Platform, region, and sample_players are not stated by the source and are left empty."
elsa-bloodstone-s9-5-diamond,elsa-bloodstone,Elsa Bloodstone,seasonalRank,9.5,competitive,diamond,,,pickRate,0.0857,ratio,28096,,rivalstracker,primary,https://rivalstracker.com/heroes/elsa-bloodstone,2026-08-25T14:02:59.000Z,2026-08-25T18:18:25.445Z,B,37,55,"Filters: Season 9.5, Competitive, Diamond. Percentages are displayed by RivalsTracker to two decimal places and converted to ratios without further precision. sample_matches repeats the source Matches field for each metric row. hero_rank is the displayed table order (win rate descending); tier_label is source-provided. Platform, region, and sample_players are not stated by the source and are left empty."
elsa-bloodstone-s9-5-diamond,elsa-bloodstone,Elsa Bloodstone,seasonalRank,9.5,competitive,diamond,,,banRate,0.1400,ratio,28096,,rivalstracker,primary,https://rivalstracker.com/heroes/elsa-bloodstone,2026-08-25T14:02:59.000Z,2026-08-25T18:18:25.445Z,B,37,55,"Filters: Season 9.5, Competitive, Diamond. Percentages are displayed by RivalsTracker to two decimal places and converted to ratios without further precision. sample_matches repeats the source Matches field for each metric row. hero_rank is the displayed table order (win rate descending); tier_label is source-provided. Platform, region, and sample_players are not stated by the source and are left empty."
devil-dinosaur-s9-5-diamond,devil-dinosaur,Devil Dinosaur,seasonalRank,9.5,competitive,diamond,,,winRate,0.4860,ratio,25878,,rivalstracker,primary,https://rivalstracker.com/heroes/devil-dinosaur,2026-08-25T14:02:59.000Z,2026-08-25T18:18:25.445Z,C,38,55,"Filters: Season 9.5, Competitive, Diamond. Percentages are displayed by RivalsTracker to two decimal places and converted to ratios without further precision. sample_matches repeats the source Matches field for each metric row. hero_rank is the displayed table order (win rate descending); tier_label is source-provided. Platform, region, and sample_players are not stated by the source and are left empty."
devil-dinosaur-s9-5-diamond,devil-dinosaur,Devil Dinosaur,seasonalRank,9.5,competitive,diamond,,,pickRate,0.0789,ratio,25878,,rivalstracker,primary,https://rivalstracker.com/heroes/devil-dinosaur,2026-08-25T14:02:59.000Z,2026-08-25T18:18:25.445Z,C,38,55,"Filters: Season 9.5, Competitive, Diamond. Percentages are displayed by RivalsTracker to two decimal places and converted to ratios without further precision. sample_matches repeats the source Matches field for each metric row. hero_rank is the displayed table order (win rate descending); tier_label is source-provided. Platform, region, and sample_players are not stated by the source and are left empty."
devil-dinosaur-s9-5-diamond,devil-dinosaur,Devil Dinosaur,seasonalRank,9.5,competitive,diamond,,,banRate,0.0165,ratio,25878,,rivalstracker,primary,https://rivalstracker.com/heroes/devil-dinosaur,2026-08-25T14:02:59.000Z,2026-08-25T18:18:25.445Z,C,38,55,"Filters: Season 9.5, Competitive, Diamond. Percentages are displayed by RivalsTracker to two decimal places and converted to ratios without further precision. sample_matches repeats the source Matches field for each metric row. hero_rank is the displayed table order (win rate descending); tier_label is source-provided. Platform, region, and sample_players are not stated by the source and are left empty."
hawkeye-s9-5-diamond,hawkeye,Hawkeye,seasonalRank,9.5,competitive,diamond,,,winRate,0.4860,ratio,9854,,rivalstracker,primary,https://rivalstracker.com/heroes/hawkeye,2026-08-25T14:02:59.000Z,2026-08-25T18:18:25.445Z,C,39,55,"Filters: Season 9.5, Competitive, Diamond. Percentages are displayed by RivalsTracker to two decimal places and converted to ratios without further precision. sample_matches repeats the source Matches field for each metric row. hero_rank is the displayed table order (win rate descending); tier_label is source-provided. Platform, region, and sample_players are not stated by the source and are left empty."
hawkeye-s9-5-diamond,hawkeye,Hawkeye,seasonalRank,9.5,competitive,diamond,,,pickRate,0.0301,ratio,9854,,rivalstracker,primary,https://rivalstracker.com/heroes/hawkeye,2026-08-25T14:02:59.000Z,2026-08-25T18:18:25.445Z,C,39,55,"Filters: Season 9.5, Competitive, Diamond. Percentages are displayed by RivalsTracker to two decimal places and converted to ratios without further precision. sample_matches repeats the source Matches field for each metric row. hero_rank is the displayed table order (win rate descending); tier_label is source-provided. Platform, region, and sample_players are not stated by the source and are left empty."
hawkeye-s9-5-diamond,hawkeye,Hawkeye,seasonalRank,9.5,competitive,diamond,,,banRate,0.0032,ratio,9854,,rivalstracker,primary,https://rivalstracker.com/heroes/hawkeye,2026-08-25T14:02:59.000Z,2026-08-25T18:18:25.445Z,C,39,55,"Filters: Season 9.5, Competitive, Diamond. Percentages are displayed by RivalsTracker to two decimal places and converted to ratios without further precision. sample_matches repeats the source Matches field for each metric row. hero_rank is the displayed table order (win rate descending); tier_label is source-provided. Platform, region, and sample_players are not stated by the source and are left empty."
black-widow-s9-5-diamond,black-widow,Black Widow,seasonalRank,9.5,competitive,diamond,,,winRate,0.4758,ratio,22541,,rivalstracker,primary,https://rivalstracker.com/heroes/black-widow,2026-08-25T14:02:59.000Z,2026-08-25T18:18:25.445Z,C,40,55,"Filters: Season 9.5, Competitive, Diamond. Percentages are displayed by RivalsTracker to two decimal places and converted to ratios without further precision. sample_matches repeats the source Matches field for each metric row. hero_rank is the displayed table order (win rate descending); tier_label is source-provided. Platform, region, and sample_players are not stated by the source and are left empty."
black-widow-s9-5-diamond,black-widow,Black Widow,seasonalRank,9.5,competitive,diamond,,,pickRate,0.0688,ratio,22541,,rivalstracker,primary,https://rivalstracker.com/heroes/black-widow,2026-08-25T14:02:59.000Z,2026-08-25T18:18:25.445Z,C,40,55,"Filters: Season 9.5, Competitive, Diamond. Percentages are displayed by RivalsTracker to two decimal places and converted to ratios without further precision. sample_matches repeats the source Matches field for each metric row. hero_rank is the displayed table order (win rate descending); tier_label is source-provided. Platform, region, and sample_players are not stated by the source and are left empty."
black-widow-s9-5-diamond,black-widow,Black Widow,seasonalRank,9.5,competitive,diamond,,,banRate,0.0095,ratio,22541,,rivalstracker,primary,https://rivalstracker.com/heroes/black-widow,2026-08-25T14:02:59.000Z,2026-08-25T18:18:25.445Z,C,40,55,"Filters: Season 9.5, Competitive, Diamond. Percentages are displayed by RivalsTracker to two decimal places and converted to ratios without further precision. sample_matches repeats the source Matches field for each metric row. hero_rank is the displayed table order (win rate descending); tier_label is source-provided. Platform, region, and sample_players are not stated by the source and are left empty."
gambit-s9-5-diamond,gambit,Gambit,seasonalRank,9.5,competitive,diamond,,,winRate,0.4754,ratio,68915,,rivalstracker,primary,https://rivalstracker.com/heroes/gambit,2026-08-25T14:02:59.000Z,2026-08-25T18:18:25.445Z,B,41,55,"Filters: Season 9.5, Competitive, Diamond. Percentages are displayed by RivalsTracker to two decimal places and converted to ratios without further precision. sample_matches repeats the source Matches field for each metric row. hero_rank is the displayed table order (win rate descending); tier_label is source-provided. Platform, region, and sample_players are not stated by the source and are left empty."
gambit-s9-5-diamond,gambit,Gambit,seasonalRank,9.5,competitive,diamond,,,pickRate,0.2102,ratio,68915,,rivalstracker,primary,https://rivalstracker.com/heroes/gambit,2026-08-25T14:02:59.000Z,2026-08-25T18:18:25.445Z,B,41,55,"Filters: Season 9.5, Competitive, Diamond. Percentages are displayed by RivalsTracker to two decimal places and converted to ratios without further precision. sample_matches repeats the source Matches field for each metric row. hero_rank is the displayed table order (win rate descending); tier_label is source-provided. Platform, region, and sample_players are not stated by the source and are left empty."
gambit-s9-5-diamond,gambit,Gambit,seasonalRank,9.5,competitive,diamond,,,banRate,0.1456,ratio,68915,,rivalstracker,primary,https://rivalstracker.com/heroes/gambit,2026-08-25T14:02:59.000Z,2026-08-25T18:18:25.445Z,B,41,55,"Filters: Season 9.5, Competitive, Diamond. Percentages are displayed by RivalsTracker to two decimal places and converted to ratios without further precision. sample_matches repeats the source Matches field for each metric row. hero_rank is the displayed table order (win rate descending); tier_label is source-provided. Platform, region, and sample_players are not stated by the source and are left empty."
deadpool-duelist-s9-5-diamond,deadpool-duelist,Deadpool (Duelist),seasonalRank,9.5,competitive,diamond,,,winRate,0.4721,ratio,11423,,rivalstracker,primary,https://rivalstracker.com/heroes/deadpool-duelist,2026-08-25T14:02:59.000Z,2026-08-25T18:18:25.445Z,D,42,55,"Filters: Season 9.5, Competitive, Diamond. Percentages are displayed by RivalsTracker to two decimal places and converted to ratios without further precision. sample_matches repeats the source Matches field for each metric row. hero_rank is the displayed table order (win rate descending); tier_label is source-provided. Platform, region, and sample_players are not stated by the source and are left empty."
deadpool-duelist-s9-5-diamond,deadpool-duelist,Deadpool (Duelist),seasonalRank,9.5,competitive,diamond,,,pickRate,0.0348,ratio,11423,,rivalstracker,primary,https://rivalstracker.com/heroes/deadpool-duelist,2026-08-25T14:02:59.000Z,2026-08-25T18:18:25.445Z,D,42,55,"Filters: Season 9.5, Competitive, Diamond. Percentages are displayed by RivalsTracker to two decimal places and converted to ratios without further precision. sample_matches repeats the source Matches field for each metric row. hero_rank is the displayed table order (win rate descending); tier_label is source-provided. Platform, region, and sample_players are not stated by the source and are left empty."
deadpool-duelist-s9-5-diamond,deadpool-duelist,Deadpool (Duelist),seasonalRank,9.5,competitive,diamond,,,banRate,0.0018,ratio,11423,,rivalstracker,primary,https://rivalstracker.com/heroes/deadpool-duelist,2026-08-25T14:02:59.000Z,2026-08-25T18:18:25.445Z,D,42,55,"Filters: Season 9.5, Competitive, Diamond. Percentages are displayed by RivalsTracker to two decimal places and converted to ratios without further precision. sample_matches repeats the source Matches field for each metric row. hero_rank is the displayed table order (win rate descending); tier_label is source-provided. Platform, region, and sample_players are not stated by the source and are left empty."
invisible-woman-s9-5-diamond,invisible-woman,Invisible Woman,seasonalRank,9.5,competitive,diamond,,,winRate,0.4674,ratio,84050,,rivalstracker,primary,https://rivalstracker.com/heroes/invisible-woman,2026-08-25T14:02:59.000Z,2026-08-25T18:18:25.445Z,C,43,55,"Filters: Season 9.5, Competitive, Diamond. Percentages are displayed by RivalsTracker to two decimal places and converted to ratios without further precision. sample_matches repeats the source Matches field for each metric row. hero_rank is the displayed table order (win rate descending); tier_label is source-provided. Platform, region, and sample_players are not stated by the source and are left empty."
invisible-woman-s9-5-diamond,invisible-woman,Invisible Woman,seasonalRank,9.5,competitive,diamond,,,pickRate,0.2564,ratio,84050,,rivalstracker,primary,https://rivalstracker.com/heroes/invisible-woman,2026-08-25T14:02:59.000Z,2026-08-25T18:18:25.445Z,C,43,55,"Filters: Season 9.5, Competitive, Diamond. Percentages are displayed by RivalsTracker to two decimal places and converted to ratios without further precision. sample_matches repeats the source Matches field for each metric row. hero_rank is the displayed table order (win rate descending); tier_label is source-provided. Platform, region, and sample_players are not stated by the source and are left empty."
invisible-woman-s9-5-diamond,invisible-woman,Invisible Woman,seasonalRank,9.5,competitive,diamond,,,banRate,0.0087,ratio,84050,,rivalstracker,primary,https://rivalstracker.com/heroes/invisible-woman,2026-08-25T14:02:59.000Z,2026-08-25T18:18:25.445Z,C,43,55,"Filters: Season 9.5, Competitive, Diamond. Percentages are displayed by RivalsTracker to two decimal places and converted to ratios without further precision. sample_matches repeats the source Matches field for each metric row. hero_rank is the displayed table order (win rate descending); tier_label is source-provided. Platform, region, and sample_players are not stated by the source and are left empty."
the-punisher-s9-5-diamond,the-punisher,The Punisher,seasonalRank,9.5,competitive,diamond,,,winRate,0.4629,ratio,34418,,rivalstracker,primary,https://rivalstracker.com/heroes/the-punisher,2026-08-25T14:02:59.000Z,2026-08-25T18:18:25.445Z,C,44,55,"Filters: Season 9.5, Competitive, Diamond. Percentages are displayed by RivalsTracker to two decimal places and converted to ratios without further precision. sample_matches repeats the source Matches field for each metric row. hero_rank is the displayed table order (win rate descending); tier_label is source-provided. Platform, region, and sample_players are not stated by the source and are left empty."
the-punisher-s9-5-diamond,the-punisher,The Punisher,seasonalRank,9.5,competitive,diamond,,,pickRate,0.1050,ratio,34418,,rivalstracker,primary,https://rivalstracker.com/heroes/the-punisher,2026-08-25T14:02:59.000Z,2026-08-25T18:18:25.445Z,C,44,55,"Filters: Season 9.5, Competitive, Diamond. Percentages are displayed by RivalsTracker to two decimal places and converted to ratios without further precision. sample_matches repeats the source Matches field for each metric row. hero_rank is the displayed table order (win rate descending); tier_label is source-provided. Platform, region, and sample_players are not stated by the source and are left empty."
the-punisher-s9-5-diamond,the-punisher,The Punisher,seasonalRank,9.5,competitive,diamond,,,banRate,0.0872,ratio,34418,,rivalstracker,primary,https://rivalstracker.com/heroes/the-punisher,2026-08-25T14:02:59.000Z,2026-08-25T18:18:25.445Z,C,44,55,"Filters: Season 9.5, Competitive, Diamond. Percentages are displayed by RivalsTracker to two decimal places and converted to ratios without further precision. sample_matches repeats the source Matches field for each metric row. hero_rank is the displayed table order (win rate descending); tier_label is source-provided. Platform, region, and sample_players are not stated by the source and are left empty."
scarlet-witch-s9-5-diamond,scarlet-witch,Scarlet Witch,seasonalRank,9.5,competitive,diamond,,,winRate,0.4599,ratio,25465,,rivalstracker,primary,https://rivalstracker.com/heroes/scarlet-witch,2026-08-25T14:02:59.000Z,2026-08-25T18:18:25.445Z,C,45,55,"Filters: Season 9.5, Competitive, Diamond. Percentages are displayed by RivalsTracker to two decimal places and converted to ratios without further precision. sample_matches repeats the source Matches field for each metric row. hero_rank is the displayed table order (win rate descending); tier_label is source-provided. Platform, region, and sample_players are not stated by the source and are left empty."
scarlet-witch-s9-5-diamond,scarlet-witch,Scarlet Witch,seasonalRank,9.5,competitive,diamond,,,pickRate,0.0777,ratio,25465,,rivalstracker,primary,https://rivalstracker.com/heroes/scarlet-witch,2026-08-25T14:02:59.000Z,2026-08-25T18:18:25.445Z,C,45,55,"Filters: Season 9.5, Competitive, Diamond. Percentages are displayed by RivalsTracker to two decimal places and converted to ratios without further precision. sample_matches repeats the source Matches field for each metric row. hero_rank is the displayed table order (win rate descending); tier_label is source-provided. Platform, region, and sample_players are not stated by the source and are left empty."
scarlet-witch-s9-5-diamond,scarlet-witch,Scarlet Witch,seasonalRank,9.5,competitive,diamond,,,banRate,0.0031,ratio,25465,,rivalstracker,primary,https://rivalstracker.com/heroes/scarlet-witch,2026-08-25T14:02:59.000Z,2026-08-25T18:18:25.445Z,C,45,55,"Filters: Season 9.5, Competitive, Diamond. Percentages are displayed by RivalsTracker to two decimal places and converted to ratios without further precision. sample_matches repeats the source Matches field for each metric row. hero_rank is the displayed table order (win rate descending); tier_label is source-provided. Platform, region, and sample_players are not stated by the source and are left empty."
emma-frost-s9-5-diamond,emma-frost,Emma Frost,seasonalRank,9.5,competitive,diamond,,,winRate,0.4569,ratio,71591,,rivalstracker,primary,https://rivalstracker.com/heroes/emma-frost,2026-08-25T14:02:59.000Z,2026-08-25T18:18:25.445Z,C,46,55,"Filters: Season 9.5, Competitive, Diamond. Percentages are displayed by RivalsTracker to two decimal places and converted to ratios without further precision. sample_matches repeats the source Matches field for each metric row. hero_rank is the displayed table order (win rate descending); tier_label is source-provided. Platform, region, and sample_players are not stated by the source and are left empty."
emma-frost-s9-5-diamond,emma-frost,Emma Frost,seasonalRank,9.5,competitive,diamond,,,pickRate,0.2184,ratio,71591,,rivalstracker,primary,https://rivalstracker.com/heroes/emma-frost,2026-08-25T14:02:59.000Z,2026-08-25T18:18:25.445Z,C,46,55,"Filters: Season 9.5, Competitive, Diamond. Percentages are displayed by RivalsTracker to two decimal places and converted to ratios without further precision. sample_matches repeats the source Matches field for each metric row. hero_rank is the displayed table order (win rate descending); tier_label is source-provided. Platform, region, and sample_players are not stated by the source and are left empty."
emma-frost-s9-5-diamond,emma-frost,Emma Frost,seasonalRank,9.5,competitive,diamond,,,banRate,0.0204,ratio,71591,,rivalstracker,primary,https://rivalstracker.com/heroes/emma-frost,2026-08-25T14:02:59.000Z,2026-08-25T18:18:25.445Z,C,46,55,"Filters: Season 9.5, Competitive, Diamond. Percentages are displayed by RivalsTracker to two decimal places and converted to ratios without further precision. sample_matches repeats the source Matches field for each metric row. hero_rank is the displayed table order (win rate descending); tier_label is source-provided. Platform, region, and sample_players are not stated by the source and are left empty."
namor-s9-5-diamond,namor,Namor,seasonalRank,9.5,competitive,diamond,,,winRate,0.4559,ratio,40337,,rivalstracker,primary,https://rivalstracker.com/heroes/namor,2026-08-25T14:02:59.000Z,2026-08-25T18:18:25.445Z,C,47,55,"Filters: Season 9.5, Competitive, Diamond. Percentages are displayed by RivalsTracker to two decimal places and converted to ratios without further precision. sample_matches repeats the source Matches field for each metric row. hero_rank is the displayed table order (win rate descending); tier_label is source-provided. Platform, region, and sample_players are not stated by the source and are left empty."
namor-s9-5-diamond,namor,Namor,seasonalRank,9.5,competitive,diamond,,,pickRate,0.1230,ratio,40337,,rivalstracker,primary,https://rivalstracker.com/heroes/namor,2026-08-25T14:02:59.000Z,2026-08-25T18:18:25.445Z,C,47,55,"Filters: Season 9.5, Competitive, Diamond. Percentages are displayed by RivalsTracker to two decimal places and converted to ratios without further precision. sample_matches repeats the source Matches field for each metric row. hero_rank is the displayed table order (win rate descending); tier_label is source-provided. Platform, region, and sample_players are not stated by the source and are left empty."
namor-s9-5-diamond,namor,Namor,seasonalRank,9.5,competitive,diamond,,,banRate,0.1562,ratio,40337,,rivalstracker,primary,https://rivalstracker.com/heroes/namor,2026-08-25T14:02:59.000Z,2026-08-25T18:18:25.445Z,C,47,55,"Filters: Season 9.5, Competitive, Diamond. Percentages are displayed by RivalsTracker to two decimal places and converted to ratios without further precision. sample_matches repeats the source Matches field for each metric row. hero_rank is the displayed table order (win rate descending); tier_label is source-provided. Platform, region, and sample_players are not stated by the source and are left empty."
jeff-the-land-shark-s9-5-diamond,jeff-the-land-shark,Jeff The Land Shark,seasonalRank,9.5,competitive,diamond,,,winRate,0.4537,ratio,25478,,rivalstracker,primary,https://rivalstracker.com/heroes/jeff-the-land-shark,2026-08-25T14:02:59.000Z,2026-08-25T18:18:25.445Z,D,48,55,"Filters: Season 9.5, Competitive, Diamond. Percentages are displayed by RivalsTracker to two decimal places and converted to ratios without further precision. sample_matches repeats the source Matches field for each metric row. hero_rank is the displayed table order (win rate descending); tier_label is source-provided. Platform, region, and sample_players are not stated by the source and are left empty."
jeff-the-land-shark-s9-5-diamond,jeff-the-land-shark,Jeff The Land Shark,seasonalRank,9.5,competitive,diamond,,,pickRate,0.0777,ratio,25478,,rivalstracker,primary,https://rivalstracker.com/heroes/jeff-the-land-shark,2026-08-25T14:02:59.000Z,2026-08-25T18:18:25.445Z,D,48,55,"Filters: Season 9.5, Competitive, Diamond. Percentages are displayed by RivalsTracker to two decimal places and converted to ratios without further precision. sample_matches repeats the source Matches field for each metric row. hero_rank is the displayed table order (win rate descending); tier_label is source-provided. Platform, region, and sample_players are not stated by the source and are left empty."
jeff-the-land-shark-s9-5-diamond,jeff-the-land-shark,Jeff The Land Shark,seasonalRank,9.5,competitive,diamond,,,banRate,0.0024,ratio,25478,,rivalstracker,primary,https://rivalstracker.com/heroes/jeff-the-land-shark,2026-08-25T14:02:59.000Z,2026-08-25T18:18:25.445Z,D,48,55,"Filters: Season 9.5, Competitive, Diamond. Percentages are displayed by RivalsTracker to two decimal places and converted to ratios without further precision. sample_matches repeats the source Matches field for each metric row. hero_rank is the displayed table order (win rate descending); tier_label is source-provided. Platform, region, and sample_players are not stated by the source and are left empty."
luna-snow-s9-5-diamond,luna-snow,Luna Snow,seasonalRank,9.5,competitive,diamond,,,winRate,0.4491,ratio,61975,,rivalstracker,primary,https://rivalstracker.com/heroes/luna-snow,2026-08-25T14:02:59.000Z,2026-08-25T18:18:25.445Z,C,49,55,"Filters: Season 9.5, Competitive, Diamond. Percentages are displayed by RivalsTracker to two decimal places and converted to ratios without further precision. sample_matches repeats the source Matches field for each metric row. hero_rank is the displayed table order (win rate descending); tier_label is source-provided. Platform, region, and sample_players are not stated by the source and are left empty."
luna-snow-s9-5-diamond,luna-snow,Luna Snow,seasonalRank,9.5,competitive,diamond,,,pickRate,0.1891,ratio,61975,,rivalstracker,primary,https://rivalstracker.com/heroes/luna-snow,2026-08-25T14:02:59.000Z,2026-08-25T18:18:25.445Z,C,49,55,"Filters: Season 9.5, Competitive, Diamond. Percentages are displayed by RivalsTracker to two decimal places and converted to ratios without further precision. sample_matches repeats the source Matches field for each metric row. hero_rank is the displayed table order (win rate descending); tier_label is source-provided. Platform, region, and sample_players are not stated by the source and are left empty."
luna-snow-s9-5-diamond,luna-snow,Luna Snow,seasonalRank,9.5,competitive,diamond,,,banRate,0.0069,ratio,61975,,rivalstracker,primary,https://rivalstracker.com/heroes/luna-snow,2026-08-25T14:02:59.000Z,2026-08-25T18:18:25.445Z,C,49,55,"Filters: Season 9.5, Competitive, Diamond. Percentages are displayed by RivalsTracker to two decimal places and converted to ratios without further precision. sample_matches repeats the source Matches field for each metric row. hero_rank is the displayed table order (win rate descending); tier_label is source-provided. Platform, region, and sample_players are not stated by the source and are left empty."
white-fox-s9-5-diamond,white-fox,White Fox,seasonalRank,9.5,competitive,diamond,,,winRate,0.4484,ratio,43747,,rivalstracker,primary,https://rivalstracker.com/heroes/white-fox,2026-08-25T14:02:59.000Z,2026-08-25T18:18:25.445Z,C,50,55,"Filters: Season 9.5, Competitive, Diamond. Percentages are displayed by RivalsTracker to two decimal places and converted to ratios without further precision. sample_matches repeats the source Matches field for each metric row. hero_rank is the displayed table order (win rate descending); tier_label is source-provided. Platform, region, and sample_players are not stated by the source and are left empty."
white-fox-s9-5-diamond,white-fox,White Fox,seasonalRank,9.5,competitive,diamond,,,pickRate,0.1334,ratio,43747,,rivalstracker,primary,https://rivalstracker.com/heroes/white-fox,2026-08-25T14:02:59.000Z,2026-08-25T18:18:25.445Z,C,50,55,"Filters: Season 9.5, Competitive, Diamond. Percentages are displayed by RivalsTracker to two decimal places and converted to ratios without further precision. sample_matches repeats the source Matches field for each metric row. hero_rank is the displayed table order (win rate descending); tier_label is source-provided. Platform, region, and sample_players are not stated by the source and are left empty."
white-fox-s9-5-diamond,white-fox,White Fox,seasonalRank,9.5,competitive,diamond,,,banRate,0.0044,ratio,43747,,rivalstracker,primary,https://rivalstracker.com/heroes/white-fox,2026-08-25T14:02:59.000Z,2026-08-25T18:18:25.445Z,C,50,55,"Filters: Season 9.5, Competitive, Diamond. Percentages are displayed by RivalsTracker to two decimal places and converted to ratios without further precision. sample_matches repeats the source Matches field for each metric row. hero_rank is the displayed table order (win rate descending); tier_label is source-provided. Platform, region, and sample_players are not stated by the source and are left empty."
cyclops-s9-5-diamond,cyclops,Cyclops,seasonalRank,9.5,competitive,diamond,,,winRate,0.4457,ratio,46269,,rivalstracker,primary,https://rivalstracker.com/heroes/cyclops,2026-08-25T14:02:59.000Z,2026-08-25T18:18:25.445Z,C,51,55,"Filters: Season 9.5, Competitive, Diamond. Percentages are displayed by RivalsTracker to two decimal places and converted to ratios without further precision. sample_matches repeats the source Matches field for each metric row. hero_rank is the displayed table order (win rate descending); tier_label is source-provided. Platform, region, and sample_players are not stated by the source and are left empty."
cyclops-s9-5-diamond,cyclops,Cyclops,seasonalRank,9.5,competitive,diamond,,,pickRate,0.1411,ratio,46269,,rivalstracker,primary,https://rivalstracker.com/heroes/cyclops,2026-08-25T14:02:59.000Z,2026-08-25T18:18:25.445Z,C,51,55,"Filters: Season 9.5, Competitive, Diamond. Percentages are displayed by RivalsTracker to two decimal places and converted to ratios without further precision. sample_matches repeats the source Matches field for each metric row. hero_rank is the displayed table order (win rate descending); tier_label is source-provided. Platform, region, and sample_players are not stated by the source and are left empty."
cyclops-s9-5-diamond,cyclops,Cyclops,seasonalRank,9.5,competitive,diamond,,,banRate,0.0220,ratio,46269,,rivalstracker,primary,https://rivalstracker.com/heroes/cyclops,2026-08-25T14:02:59.000Z,2026-08-25T18:18:25.445Z,C,51,55,"Filters: Season 9.5, Competitive, Diamond. Percentages are displayed by RivalsTracker to two decimal places and converted to ratios without further precision. sample_matches repeats the source Matches field for each metric row. hero_rank is the displayed table order (win rate descending); tier_label is source-provided. Platform, region, and sample_players are not stated by the source and are left empty."
deadpool-vanguard-s9-5-diamond,deadpool-vanguard,Deadpool (Vanguard),seasonalRank,9.5,competitive,diamond,,,winRate,0.4359,ratio,9568,,rivalstracker,primary,https://rivalstracker.com/heroes/deadpool-vanguard,2026-08-25T14:02:59.000Z,2026-08-25T18:18:25.445Z,D,52,55,"Filters: Season 9.5, Competitive, Diamond. Percentages are displayed by RivalsTracker to two decimal places and converted to ratios without further precision. sample_matches repeats the source Matches field for each metric row. hero_rank is the displayed table order (win rate descending); tier_label is source-provided. Platform, region, and sample_players are not stated by the source and are left empty."
deadpool-vanguard-s9-5-diamond,deadpool-vanguard,Deadpool (Vanguard),seasonalRank,9.5,competitive,diamond,,,pickRate,0.0292,ratio,9568,,rivalstracker,primary,https://rivalstracker.com/heroes/deadpool-vanguard,2026-08-25T14:02:59.000Z,2026-08-25T18:18:25.445Z,D,52,55,"Filters: Season 9.5, Competitive, Diamond. Percentages are displayed by RivalsTracker to two decimal places and converted to ratios without further precision. sample_matches repeats the source Matches field for each metric row. hero_rank is the displayed table order (win rate descending); tier_label is source-provided. Platform, region, and sample_players are not stated by the source and are left empty."
deadpool-vanguard-s9-5-diamond,deadpool-vanguard,Deadpool (Vanguard),seasonalRank,9.5,competitive,diamond,,,banRate,0.0006,ratio,9568,,rivalstracker,primary,https://rivalstracker.com/heroes/deadpool-vanguard,2026-08-25T14:02:59.000Z,2026-08-25T18:18:25.445Z,D,52,55,"Filters: Season 9.5, Competitive, Diamond. Percentages are displayed by RivalsTracker to two decimal places and converted to ratios without further precision. sample_matches repeats the source Matches field for each metric row. hero_rank is the displayed table order (win rate descending); tier_label is source-provided. Platform, region, and sample_players are not stated by the source and are left empty."
squirrel-girl-s9-5-diamond,squirrel-girl,Squirrel Girl,seasonalRank,9.5,competitive,diamond,,,winRate,0.4334,ratio,18673,,rivalstracker,primary,https://rivalstracker.com/heroes/squirrel-girl,2026-08-25T14:02:59.000Z,2026-08-25T18:18:25.445Z,D,53,55,"Filters: Season 9.5, Competitive, Diamond. Percentages are displayed by RivalsTracker to two decimal places and converted to ratios without further precision. sample_matches repeats the source Matches field for each metric row. hero_rank is the displayed table order (win rate descending); tier_label is source-provided. Platform, region, and sample_players are not stated by the source and are left empty."
squirrel-girl-s9-5-diamond,squirrel-girl,Squirrel Girl,seasonalRank,9.5,competitive,diamond,,,pickRate,0.0570,ratio,18673,,rivalstracker,primary,https://rivalstracker.com/heroes/squirrel-girl,2026-08-25T14:02:59.000Z,2026-08-25T18:18:25.445Z,D,53,55,"Filters: Season 9.5, Competitive, Diamond. Percentages are displayed by RivalsTracker to two decimal places and converted to ratios without further precision. sample_matches repeats the source Matches field for each metric row. hero_rank is the displayed table order (win rate descending); tier_label is source-provided. Platform, region, and sample_players are not stated by the source and are left empty."
squirrel-girl-s9-5-diamond,squirrel-girl,Squirrel Girl,seasonalRank,9.5,competitive,diamond,,,banRate,0.0065,ratio,18673,,rivalstracker,primary,https://rivalstracker.com/heroes/squirrel-girl,2026-08-25T14:02:59.000Z,2026-08-25T18:18:25.445Z,D,53,55,"Filters: Season 9.5, Competitive, Diamond. Percentages are displayed by RivalsTracker to two decimal places and converted to ratios without further precision. sample_matches repeats the source Matches field for each metric row. hero_rank is the displayed table order (win rate descending); tier_label is source-provided. Platform, region, and sample_players are not stated by the source and are left empty."
phoenix-s9-5-diamond,phoenix,Phoenix,seasonalRank,9.5,competitive,diamond,,,winRate,0.4268,ratio,17029,,rivalstracker,primary,https://rivalstracker.com/heroes/phoenix,2026-08-25T14:02:59.000Z,2026-08-25T18:18:25.445Z,D,54,55,"Filters: Season 9.5, Competitive, Diamond. Percentages are displayed by RivalsTracker to two decimal places and converted to ratios without further precision. sample_matches repeats the source Matches field for each metric row. hero_rank is the displayed table order (win rate descending); tier_label is source-provided. Platform, region, and sample_players are not stated by the source and are left empty."
phoenix-s9-5-diamond,phoenix,Phoenix,seasonalRank,9.5,competitive,diamond,,,pickRate,0.0519,ratio,17029,,rivalstracker,primary,https://rivalstracker.com/heroes/phoenix,2026-08-25T14:02:59.000Z,2026-08-25T18:18:25.445Z,D,54,55,"Filters: Season 9.5, Competitive, Diamond. Percentages are displayed by RivalsTracker to two decimal places and converted to ratios without further precision. sample_matches repeats the source Matches field for each metric row. hero_rank is the displayed table order (win rate descending); tier_label is source-provided. Platform, region, and sample_players are not stated by the source and are left empty."
phoenix-s9-5-diamond,phoenix,Phoenix,seasonalRank,9.5,competitive,diamond,,,banRate,0.0099,ratio,17029,,rivalstracker,primary,https://rivalstracker.com/heroes/phoenix,2026-08-25T14:02:59.000Z,2026-08-25T18:18:25.445Z,D,54,55,"Filters: Season 9.5, Competitive, Diamond. Percentages are displayed by RivalsTracker to two decimal places and converted to ratios without further precision. sample_matches repeats the source Matches field for each metric row. hero_rank is the displayed table order (win rate descending); tier_label is source-provided. Platform, region, and sample_players are not stated by the source and are left empty."
deadpool-strategist-s9-5-diamond,deadpool-strategist,Deadpool (Strategist),seasonalRank,9.5,competitive,diamond,,,winRate,0.4228,ratio,20252,,rivalstracker,primary,https://rivalstracker.com/heroes/deadpool-strategist,2026-08-25T14:02:59.000Z,2026-08-25T18:18:25.445Z,D,55,55,"Filters: Season 9.5, Competitive, Diamond. Percentages are displayed by RivalsTracker to two decimal places and converted to ratios without further precision. sample_matches repeats the source Matches field for each metric row. hero_rank is the displayed table order (win rate descending); tier_label is source-provided. Platform, region, and sample_players are not stated by the source and are left empty."
deadpool-strategist-s9-5-diamond,deadpool-strategist,Deadpool (Strategist),seasonalRank,9.5,competitive,diamond,,,pickRate,0.0618,ratio,20252,,rivalstracker,primary,https://rivalstracker.com/heroes/deadpool-strategist,2026-08-25T14:02:59.000Z,2026-08-25T18:18:25.445Z,D,55,55,"Filters: Season 9.5, Competitive, Diamond. Percentages are displayed by RivalsTracker to two decimal places and converted to ratios without further precision. sample_matches repeats the source Matches field for each metric row. hero_rank is the displayed table order (win rate descending); tier_label is source-provided. Platform, region, and sample_players are not stated by the source and are left empty."
deadpool-strategist-s9-5-diamond,deadpool-strategist,Deadpool (Strategist),seasonalRank,9.5,competitive,diamond,,,banRate,0.0008,ratio,20252,,rivalstracker,primary,https://rivalstracker.com/heroes/deadpool-strategist,2026-08-25T14:02:59.000Z,2026-08-25T18:18:25.445Z,D,55,55,"Filters: Season 9.5, Competitive, Diamond. Percentages are displayed by RivalsTracker to two decimal places and converted to ratios without further precision. sample_matches repeats the source Matches field for each metric row. hero_rank is the displayed table order (win rate descending); tier_label is source-provided. Platform, region, and sample_players are not stated by the source and are left empty."
