benchmark_group_id,hero_id,hero_name,context_type,season,game_mode,rank_tier,platform,region,metric_name,average,unit,sample_matches,sample_players,source_id,source_role,source_url,source_updated_at,collected_at,tier_label,hero_rank,hero_pool_size,methodology_notes
mantis-s9-5-eternity-plus,mantis,Mantis,seasonalRankThreshold,9.5,competitive,eternity_plus,,,winRate,0.6881,ratio,3624,,rivalstracker,primary,https://rivalstracker.com/heroes/mantis,2026-08-25T14:02:59.000Z,2026-08-25T18:57:56.232Z,S,1,55,"Filters: Season 9.5, Competitive, Eternity+. Eternity+ is a seasonal rank-threshold population and is kept separate from the exact-rank benchmark and rolling Stats History. Percentages are displayed by RivalsTracker to two decimal places and converted to ratios without further precision. sample_matches repeats the source Matches field for each metric row. hero_rank is the displayed table order (win rate descending); tier_label is source-provided. Platform, region, and sample_players are not stated by the source and are left empty."
mantis-s9-5-eternity-plus,mantis,Mantis,seasonalRankThreshold,9.5,competitive,eternity_plus,,,pickRate,0.3225,ratio,3624,,rivalstracker,primary,https://rivalstracker.com/heroes/mantis,2026-08-25T14:02:59.000Z,2026-08-25T18:57:56.232Z,S,1,55,"Filters: Season 9.5, Competitive, Eternity+. Eternity+ is a seasonal rank-threshold population and is kept separate from the exact-rank benchmark and rolling Stats History. Percentages are displayed by RivalsTracker to two decimal places and converted to ratios without further precision. sample_matches repeats the source Matches field for each metric row. hero_rank is the displayed table order (win rate descending); tier_label is source-provided. Platform, region, and sample_players are not stated by the source and are left empty."
mantis-s9-5-eternity-plus,mantis,Mantis,seasonalRankThreshold,9.5,competitive,eternity_plus,,,banRate,0.2467,ratio,3624,,rivalstracker,primary,https://rivalstracker.com/heroes/mantis,2026-08-25T14:02:59.000Z,2026-08-25T18:57:56.232Z,S,1,55,"Filters: Season 9.5, Competitive, Eternity+. Eternity+ is a seasonal rank-threshold population and is kept separate from the exact-rank benchmark and rolling Stats History. Percentages are displayed by RivalsTracker to two decimal places and converted to ratios without further precision. sample_matches repeats the source Matches field for each metric row. hero_rank is the displayed table order (win rate descending); tier_label is source-provided. Platform, region, and sample_players are not stated by the source and are left empty."
peni-parker-s9-5-eternity-plus,peni-parker,Peni Parker,seasonalRankThreshold,9.5,competitive,eternity_plus,,,winRate,0.6364,ratio,156,,rivalstracker,primary,https://rivalstracker.com/heroes/peni-parker,2026-08-25T14:02:59.000Z,2026-08-25T18:57:56.232Z,A,2,55,"Filters: Season 9.5, Competitive, Eternity+. Eternity+ is a seasonal rank-threshold population and is kept separate from the exact-rank benchmark and rolling Stats History. Percentages are displayed by RivalsTracker to two decimal places and converted to ratios without further precision. sample_matches repeats the source Matches field for each metric row. hero_rank is the displayed table order (win rate descending); tier_label is source-provided. Platform, region, and sample_players are not stated by the source and are left empty."
peni-parker-s9-5-eternity-plus,peni-parker,Peni Parker,seasonalRankThreshold,9.5,competitive,eternity_plus,,,pickRate,0.0139,ratio,156,,rivalstracker,primary,https://rivalstracker.com/heroes/peni-parker,2026-08-25T14:02:59.000Z,2026-08-25T18:57:56.232Z,A,2,55,"Filters: Season 9.5, Competitive, Eternity+. Eternity+ is a seasonal rank-threshold population and is kept separate from the exact-rank benchmark and rolling Stats History. Percentages are displayed by RivalsTracker to two decimal places and converted to ratios without further precision. sample_matches repeats the source Matches field for each metric row. hero_rank is the displayed table order (win rate descending); tier_label is source-provided. Platform, region, and sample_players are not stated by the source and are left empty."
peni-parker-s9-5-eternity-plus,peni-parker,Peni Parker,seasonalRankThreshold,9.5,competitive,eternity_plus,,,banRate,0.0214,ratio,156,,rivalstracker,primary,https://rivalstracker.com/heroes/peni-parker,2026-08-25T14:02:59.000Z,2026-08-25T18:57:56.232Z,A,2,55,"Filters: Season 9.5, Competitive, Eternity+. Eternity+ is a seasonal rank-threshold population and is kept separate from the exact-rank benchmark and rolling Stats History. Percentages are displayed by RivalsTracker to two decimal places and converted to ratios without further precision. sample_matches repeats the source Matches field for each metric row. hero_rank is the displayed table order (win rate descending); tier_label is source-provided. Platform, region, and sample_players are not stated by the source and are left empty."
black-cat-s9-5-eternity-plus,black-cat,Black Cat,seasonalRankThreshold,9.5,competitive,eternity_plus,,,winRate,0.6084,ratio,596,,rivalstracker,primary,https://rivalstracker.com/heroes/black-cat,2026-08-25T14:02:59.000Z,2026-08-25T18:57:56.232Z,A,3,55,"Filters: Season 9.5, Competitive, Eternity+. Eternity+ is a seasonal rank-threshold population and is kept separate from the exact-rank benchmark and rolling Stats History. Percentages are displayed by RivalsTracker to two decimal places and converted to ratios without further precision. sample_matches repeats the source Matches field for each metric row. hero_rank is the displayed table order (win rate descending); tier_label is source-provided. Platform, region, and sample_players are not stated by the source and are left empty."
black-cat-s9-5-eternity-plus,black-cat,Black Cat,seasonalRankThreshold,9.5,competitive,eternity_plus,,,pickRate,0.0530,ratio,596,,rivalstracker,primary,https://rivalstracker.com/heroes/black-cat,2026-08-25T14:02:59.000Z,2026-08-25T18:57:56.232Z,A,3,55,"Filters: Season 9.5, Competitive, Eternity+. Eternity+ is a seasonal rank-threshold population and is kept separate from the exact-rank benchmark and rolling Stats History. Percentages are displayed by RivalsTracker to two decimal places and converted to ratios without further precision. sample_matches repeats the source Matches field for each metric row. hero_rank is the displayed table order (win rate descending); tier_label is source-provided. Platform, region, and sample_players are not stated by the source and are left empty."
black-cat-s9-5-eternity-plus,black-cat,Black Cat,seasonalRankThreshold,9.5,competitive,eternity_plus,,,banRate,0.4542,ratio,596,,rivalstracker,primary,https://rivalstracker.com/heroes/black-cat,2026-08-25T14:02:59.000Z,2026-08-25T18:57:56.232Z,A,3,55,"Filters: Season 9.5, Competitive, Eternity+. Eternity+ is a seasonal rank-threshold population and is kept separate from the exact-rank benchmark and rolling Stats History. Percentages are displayed by RivalsTracker to two decimal places and converted to ratios without further precision. sample_matches repeats the source Matches field for each metric row. hero_rank is the displayed table order (win rate descending); tier_label is source-provided. Platform, region, and sample_players are not stated by the source and are left empty."
loki-s9-5-eternity-plus,loki,Loki,seasonalRankThreshold,9.5,competitive,eternity_plus,,,winRate,0.5855,ratio,1827,,rivalstracker,primary,https://rivalstracker.com/heroes/loki,2026-08-25T14:02:59.000Z,2026-08-25T18:57:56.232Z,S,4,55,"Filters: Season 9.5, Competitive, Eternity+. Eternity+ is a seasonal rank-threshold population and is kept separate from the exact-rank benchmark and rolling Stats History. Percentages are displayed by RivalsTracker to two decimal places and converted to ratios without further precision. sample_matches repeats the source Matches field for each metric row. hero_rank is the displayed table order (win rate descending); tier_label is source-provided. Platform, region, and sample_players are not stated by the source and are left empty."
loki-s9-5-eternity-plus,loki,Loki,seasonalRankThreshold,9.5,competitive,eternity_plus,,,pickRate,0.1626,ratio,1827,,rivalstracker,primary,https://rivalstracker.com/heroes/loki,2026-08-25T14:02:59.000Z,2026-08-25T18:57:56.232Z,S,4,55,"Filters: Season 9.5, Competitive, Eternity+. Eternity+ is a seasonal rank-threshold population and is kept separate from the exact-rank benchmark and rolling Stats History. Percentages are displayed by RivalsTracker to two decimal places and converted to ratios without further precision. sample_matches repeats the source Matches field for each metric row. hero_rank is the displayed table order (win rate descending); tier_label is source-provided. Platform, region, and sample_players are not stated by the source and are left empty."
loki-s9-5-eternity-plus,loki,Loki,seasonalRankThreshold,9.5,competitive,eternity_plus,,,banRate,0.0198,ratio,1827,,rivalstracker,primary,https://rivalstracker.com/heroes/loki,2026-08-25T14:02:59.000Z,2026-08-25T18:57:56.232Z,S,4,55,"Filters: Season 9.5, Competitive, Eternity+. Eternity+ is a seasonal rank-threshold population and is kept separate from the exact-rank benchmark and rolling Stats History. Percentages are displayed by RivalsTracker to two decimal places and converted to ratios without further precision. sample_matches repeats the source Matches field for each metric row. hero_rank is the displayed table order (win rate descending); tier_label is source-provided. Platform, region, and sample_players are not stated by the source and are left empty."
magneto-s9-5-eternity-plus,magneto,Magneto,seasonalRankThreshold,9.5,competitive,eternity_plus,,,winRate,0.5806,ratio,8030,,rivalstracker,primary,https://rivalstracker.com/heroes/magneto,2026-08-25T14:02:59.000Z,2026-08-25T18:57:56.232Z,S,5,55,"Filters: Season 9.5, Competitive, Eternity+. Eternity+ is a seasonal rank-threshold population and is kept separate from the exact-rank benchmark and rolling Stats History. Percentages are displayed by RivalsTracker to two decimal places and converted to ratios without further precision. sample_matches repeats the source Matches field for each metric row. hero_rank is the displayed table order (win rate descending); tier_label is source-provided. Platform, region, and sample_players are not stated by the source and are left empty."
magneto-s9-5-eternity-plus,magneto,Magneto,seasonalRankThreshold,9.5,competitive,eternity_plus,,,pickRate,0.7146,ratio,8030,,rivalstracker,primary,https://rivalstracker.com/heroes/magneto,2026-08-25T14:02:59.000Z,2026-08-25T18:57:56.232Z,S,5,55,"Filters: Season 9.5, Competitive, Eternity+. Eternity+ is a seasonal rank-threshold population and is kept separate from the exact-rank benchmark and rolling Stats History. Percentages are displayed by RivalsTracker to two decimal places and converted to ratios without further precision. sample_matches repeats the source Matches field for each metric row. hero_rank is the displayed table order (win rate descending); tier_label is source-provided. Platform, region, and sample_players are not stated by the source and are left empty."
magneto-s9-5-eternity-plus,magneto,Magneto,seasonalRankThreshold,9.5,competitive,eternity_plus,,,banRate,0.0631,ratio,8030,,rivalstracker,primary,https://rivalstracker.com/heroes/magneto,2026-08-25T14:02:59.000Z,2026-08-25T18:57:56.232Z,S,5,55,"Filters: Season 9.5, Competitive, Eternity+. Eternity+ is a seasonal rank-threshold population and is kept separate from the exact-rank benchmark and rolling Stats History. Percentages are displayed by RivalsTracker to two decimal places and converted to ratios without further precision. sample_matches repeats the source Matches field for each metric row. hero_rank is the displayed table order (win rate descending); tier_label is source-provided. Platform, region, and sample_players are not stated by the source and are left empty."
daredevil-s9-5-eternity-plus,daredevil,Daredevil,seasonalRankThreshold,9.5,competitive,eternity_plus,,,winRate,0.5761,ratio,1041,,rivalstracker,primary,https://rivalstracker.com/heroes/daredevil,2026-08-25T14:02:59.000Z,2026-08-25T18:57:56.232Z,S,6,55,"Filters: Season 9.5, Competitive, Eternity+. Eternity+ is a seasonal rank-threshold population and is kept separate from the exact-rank benchmark and rolling Stats History. Percentages are displayed by RivalsTracker to two decimal places and converted to ratios without further precision. sample_matches repeats the source Matches field for each metric row. hero_rank is the displayed table order (win rate descending); tier_label is source-provided. Platform, region, and sample_players are not stated by the source and are left empty."
daredevil-s9-5-eternity-plus,daredevil,Daredevil,seasonalRankThreshold,9.5,competitive,eternity_plus,,,pickRate,0.0926,ratio,1041,,rivalstracker,primary,https://rivalstracker.com/heroes/daredevil,2026-08-25T14:02:59.000Z,2026-08-25T18:57:56.232Z,S,6,55,"Filters: Season 9.5, Competitive, Eternity+. Eternity+ is a seasonal rank-threshold population and is kept separate from the exact-rank benchmark and rolling Stats History. Percentages are displayed by RivalsTracker to two decimal places and converted to ratios without further precision. sample_matches repeats the source Matches field for each metric row. hero_rank is the displayed table order (win rate descending); tier_label is source-provided. Platform, region, and sample_players are not stated by the source and are left empty."
daredevil-s9-5-eternity-plus,daredevil,Daredevil,seasonalRankThreshold,9.5,competitive,eternity_plus,,,banRate,0.1803,ratio,1041,,rivalstracker,primary,https://rivalstracker.com/heroes/daredevil,2026-08-25T14:02:59.000Z,2026-08-25T18:57:56.232Z,S,6,55,"Filters: Season 9.5, Competitive, Eternity+. Eternity+ is a seasonal rank-threshold population and is kept separate from the exact-rank benchmark and rolling Stats History. Percentages are displayed by RivalsTracker to two decimal places and converted to ratios without further precision. sample_matches repeats the source Matches field for each metric row. hero_rank is the displayed table order (win rate descending); tier_label is source-provided. Platform, region, and sample_players are not stated by the source and are left empty."
ultron-s9-5-eternity-plus,ultron,Ultron,seasonalRankThreshold,9.5,competitive,eternity_plus,,,winRate,0.5745,ratio,273,,rivalstracker,primary,https://rivalstracker.com/heroes/ultron,2026-08-25T14:02:59.000Z,2026-08-25T18:57:56.232Z,A,7,55,"Filters: Season 9.5, Competitive, Eternity+. Eternity+ is a seasonal rank-threshold population and is kept separate from the exact-rank benchmark and rolling Stats History. Percentages are displayed by RivalsTracker to two decimal places and converted to ratios without further precision. sample_matches repeats the source Matches field for each metric row. hero_rank is the displayed table order (win rate descending); tier_label is source-provided. Platform, region, and sample_players are not stated by the source and are left empty."
ultron-s9-5-eternity-plus,ultron,Ultron,seasonalRankThreshold,9.5,competitive,eternity_plus,,,pickRate,0.0243,ratio,273,,rivalstracker,primary,https://rivalstracker.com/heroes/ultron,2026-08-25T14:02:59.000Z,2026-08-25T18:57:56.232Z,A,7,55,"Filters: Season 9.5, Competitive, Eternity+. Eternity+ is a seasonal rank-threshold population and is kept separate from the exact-rank benchmark and rolling Stats History. Percentages are displayed by RivalsTracker to two decimal places and converted to ratios without further precision. sample_matches repeats the source Matches field for each metric row. hero_rank is the displayed table order (win rate descending); tier_label is source-provided. Platform, region, and sample_players are not stated by the source and are left empty."
ultron-s9-5-eternity-plus,ultron,Ultron,seasonalRankThreshold,9.5,competitive,eternity_plus,,,banRate,0.0028,ratio,273,,rivalstracker,primary,https://rivalstracker.com/heroes/ultron,2026-08-25T14:02:59.000Z,2026-08-25T18:57:56.232Z,A,7,55,"Filters: Season 9.5, Competitive, Eternity+. Eternity+ is a seasonal rank-threshold population and is kept separate from the exact-rank benchmark and rolling Stats History. Percentages are displayed by RivalsTracker to two decimal places and converted to ratios without further precision. sample_matches repeats the source Matches field for each metric row. hero_rank is the displayed table order (win rate descending); tier_label is source-provided. Platform, region, and sample_players are not stated by the source and are left empty."
elsa-bloodstone-s9-5-eternity-plus,elsa-bloodstone,Elsa Bloodstone,seasonalRankThreshold,9.5,competitive,eternity_plus,,,winRate,0.5719,ratio,2200,,rivalstracker,primary,https://rivalstracker.com/heroes/elsa-bloodstone,2026-08-25T14:02:59.000Z,2026-08-25T18:57:56.232Z,S,8,55,"Filters: Season 9.5, Competitive, Eternity+. Eternity+ is a seasonal rank-threshold population and is kept separate from the exact-rank benchmark and rolling Stats History. Percentages are displayed by RivalsTracker to two decimal places and converted to ratios without further precision. sample_matches repeats the source Matches field for each metric row. hero_rank is the displayed table order (win rate descending); tier_label is source-provided. Platform, region, and sample_players are not stated by the source and are left empty."
elsa-bloodstone-s9-5-eternity-plus,elsa-bloodstone,Elsa Bloodstone,seasonalRankThreshold,9.5,competitive,eternity_plus,,,pickRate,0.1958,ratio,2200,,rivalstracker,primary,https://rivalstracker.com/heroes/elsa-bloodstone,2026-08-25T14:02:59.000Z,2026-08-25T18:57:56.232Z,S,8,55,"Filters: Season 9.5, Competitive, Eternity+. Eternity+ is a seasonal rank-threshold population and is kept separate from the exact-rank benchmark and rolling Stats History. Percentages are displayed by RivalsTracker to two decimal places and converted to ratios without further precision. sample_matches repeats the source Matches field for each metric row. hero_rank is the displayed table order (win rate descending); tier_label is source-provided. Platform, region, and sample_players are not stated by the source and are left empty."
elsa-bloodstone-s9-5-eternity-plus,elsa-bloodstone,Elsa Bloodstone,seasonalRankThreshold,9.5,competitive,eternity_plus,,,banRate,0.3613,ratio,2200,,rivalstracker,primary,https://rivalstracker.com/heroes/elsa-bloodstone,2026-08-25T14:02:59.000Z,2026-08-25T18:57:56.232Z,S,8,55,"Filters: Season 9.5, Competitive, Eternity+. Eternity+ is a seasonal rank-threshold population and is kept separate from the exact-rank benchmark and rolling Stats History. Percentages are displayed by RivalsTracker to two decimal places and converted to ratios without further precision. sample_matches repeats the source Matches field for each metric row. hero_rank is the displayed table order (win rate descending); tier_label is source-provided. Platform, region, and sample_players are not stated by the source and are left empty."
gambit-s9-5-eternity-plus,gambit,Gambit,seasonalRankThreshold,9.5,competitive,eternity_plus,,,winRate,0.5590,ratio,2888,,rivalstracker,primary,https://rivalstracker.com/heroes/gambit,2026-08-25T14:02:59.000Z,2026-08-25T18:57:56.232Z,S,9,55,"Filters: Season 9.5, Competitive, Eternity+. Eternity+ is a seasonal rank-threshold population and is kept separate from the exact-rank benchmark and rolling Stats History. Percentages are displayed by RivalsTracker to two decimal places and converted to ratios without further precision. sample_matches repeats the source Matches field for each metric row. hero_rank is the displayed table order (win rate descending); tier_label is source-provided. Platform, region, and sample_players are not stated by the source and are left empty."
gambit-s9-5-eternity-plus,gambit,Gambit,seasonalRankThreshold,9.5,competitive,eternity_plus,,,pickRate,0.2570,ratio,2888,,rivalstracker,primary,https://rivalstracker.com/heroes/gambit,2026-08-25T14:02:59.000Z,2026-08-25T18:57:56.232Z,S,9,55,"Filters: Season 9.5, Competitive, Eternity+. Eternity+ is a seasonal rank-threshold population and is kept separate from the exact-rank benchmark and rolling Stats History. Percentages are displayed by RivalsTracker to two decimal places and converted to ratios without further precision. sample_matches repeats the source Matches field for each metric row. hero_rank is the displayed table order (win rate descending); tier_label is source-provided. Platform, region, and sample_players are not stated by the source and are left empty."
gambit-s9-5-eternity-plus,gambit,Gambit,seasonalRankThreshold,9.5,competitive,eternity_plus,,,banRate,0.3542,ratio,2888,,rivalstracker,primary,https://rivalstracker.com/heroes/gambit,2026-08-25T14:02:59.000Z,2026-08-25T18:57:56.232Z,S,9,55,"Filters: Season 9.5, Competitive, Eternity+. Eternity+ is a seasonal rank-threshold population and is kept separate from the exact-rank benchmark and rolling Stats History. Percentages are displayed by RivalsTracker to two decimal places and converted to ratios without further precision. sample_matches repeats the source Matches field for each metric row. hero_rank is the displayed table order (win rate descending); tier_label is source-provided. Platform, region, and sample_players are not stated by the source and are left empty."
the-hood-s9-5-eternity-plus,the-hood,The Hood,seasonalRankThreshold,9.5,competitive,eternity_plus,,,winRate,0.5575,ratio,4526,,rivalstracker,primary,https://rivalstracker.com/heroes/the-hood,2026-08-25T14:02:59.000Z,2026-08-25T18:57:56.232Z,S,10,55,"Filters: Season 9.5, Competitive, Eternity+. Eternity+ is a seasonal rank-threshold population and is kept separate from the exact-rank benchmark and rolling Stats History. Percentages are displayed by RivalsTracker to two decimal places and converted to ratios without further precision. sample_matches repeats the source Matches field for each metric row. hero_rank is the displayed table order (win rate descending); tier_label is source-provided. Platform, region, and sample_players are not stated by the source and are left empty."
the-hood-s9-5-eternity-plus,the-hood,The Hood,seasonalRankThreshold,9.5,competitive,eternity_plus,,,pickRate,0.4027,ratio,4526,,rivalstracker,primary,https://rivalstracker.com/heroes/the-hood,2026-08-25T14:02:59.000Z,2026-08-25T18:57:56.232Z,S,10,55,"Filters: Season 9.5, Competitive, Eternity+. Eternity+ is a seasonal rank-threshold population and is kept separate from the exact-rank benchmark and rolling Stats History. Percentages are displayed by RivalsTracker to two decimal places and converted to ratios without further precision. sample_matches repeats the source Matches field for each metric row. hero_rank is the displayed table order (win rate descending); tier_label is source-provided. Platform, region, and sample_players are not stated by the source and are left empty."
the-hood-s9-5-eternity-plus,the-hood,The Hood,seasonalRankThreshold,9.5,competitive,eternity_plus,,,banRate,0.1075,ratio,4526,,rivalstracker,primary,https://rivalstracker.com/heroes/the-hood,2026-08-25T14:02:59.000Z,2026-08-25T18:57:56.232Z,S,10,55,"Filters: Season 9.5, Competitive, Eternity+. Eternity+ is a seasonal rank-threshold population and is kept separate from the exact-rank benchmark and rolling Stats History. Percentages are displayed by RivalsTracker to two decimal places and converted to ratios without further precision. sample_matches repeats the source Matches field for each metric row. hero_rank is the displayed table order (win rate descending); tier_label is source-provided. Platform, region, and sample_players are not stated by the source and are left empty."
iron-fist-s9-5-eternity-plus,iron-fist,Iron Fist,seasonalRankThreshold,9.5,competitive,eternity_plus,,,winRate,0.5529,ratio,919,,rivalstracker,primary,https://rivalstracker.com/heroes/iron-fist,2026-08-25T14:02:59.000Z,2026-08-25T18:57:56.232Z,A,11,55,"Filters: Season 9.5, Competitive, Eternity+. Eternity+ is a seasonal rank-threshold population and is kept separate from the exact-rank benchmark and rolling Stats History. Percentages are displayed by RivalsTracker to two decimal places and converted to ratios without further precision. sample_matches repeats the source Matches field for each metric row. hero_rank is the displayed table order (win rate descending); tier_label is source-provided. Platform, region, and sample_players are not stated by the source and are left empty."
iron-fist-s9-5-eternity-plus,iron-fist,Iron Fist,seasonalRankThreshold,9.5,competitive,eternity_plus,,,pickRate,0.0818,ratio,919,,rivalstracker,primary,https://rivalstracker.com/heroes/iron-fist,2026-08-25T14:02:59.000Z,2026-08-25T18:57:56.232Z,A,11,55,"Filters: Season 9.5, Competitive, Eternity+. Eternity+ is a seasonal rank-threshold population and is kept separate from the exact-rank benchmark and rolling Stats History. Percentages are displayed by RivalsTracker to two decimal places and converted to ratios without further precision. sample_matches repeats the source Matches field for each metric row. hero_rank is the displayed table order (win rate descending); tier_label is source-provided. Platform, region, and sample_players are not stated by the source and are left empty."
iron-fist-s9-5-eternity-plus,iron-fist,Iron Fist,seasonalRankThreshold,9.5,competitive,eternity_plus,,,banRate,0.0405,ratio,919,,rivalstracker,primary,https://rivalstracker.com/heroes/iron-fist,2026-08-25T14:02:59.000Z,2026-08-25T18:57:56.232Z,A,11,55,"Filters: Season 9.5, Competitive, Eternity+. Eternity+ is a seasonal rank-threshold population and is kept separate from the exact-rank benchmark and rolling Stats History. Percentages are displayed by RivalsTracker to two decimal places and converted to ratios without further precision. sample_matches repeats the source Matches field for each metric row. hero_rank is the displayed table order (win rate descending); tier_label is source-provided. Platform, region, and sample_players are not stated by the source and are left empty."
magik-s9-5-eternity-plus,magik,Magik,seasonalRankThreshold,9.5,competitive,eternity_plus,,,winRate,0.5483,ratio,930,,rivalstracker,primary,https://rivalstracker.com/heroes/magik,2026-08-25T14:02:59.000Z,2026-08-25T18:57:56.232Z,A,12,55,"Filters: Season 9.5, Competitive, Eternity+. Eternity+ is a seasonal rank-threshold population and is kept separate from the exact-rank benchmark and rolling Stats History. Percentages are displayed by RivalsTracker to two decimal places and converted to ratios without further precision. sample_matches repeats the source Matches field for each metric row. hero_rank is the displayed table order (win rate descending); tier_label is source-provided. Platform, region, and sample_players are not stated by the source and are left empty."
magik-s9-5-eternity-plus,magik,Magik,seasonalRankThreshold,9.5,competitive,eternity_plus,,,pickRate,0.0828,ratio,930,,rivalstracker,primary,https://rivalstracker.com/heroes/magik,2026-08-25T14:02:59.000Z,2026-08-25T18:57:56.232Z,A,12,55,"Filters: Season 9.5, Competitive, Eternity+. Eternity+ is a seasonal rank-threshold population and is kept separate from the exact-rank benchmark and rolling Stats History. Percentages are displayed by RivalsTracker to two decimal places and converted to ratios without further precision. sample_matches repeats the source Matches field for each metric row. hero_rank is the displayed table order (win rate descending); tier_label is source-provided. Platform, region, and sample_players are not stated by the source and are left empty."
magik-s9-5-eternity-plus,magik,Magik,seasonalRankThreshold,9.5,competitive,eternity_plus,,,banRate,0.0306,ratio,930,,rivalstracker,primary,https://rivalstracker.com/heroes/magik,2026-08-25T14:02:59.000Z,2026-08-25T18:57:56.232Z,A,12,55,"Filters: Season 9.5, Competitive, Eternity+. Eternity+ is a seasonal rank-threshold population and is kept separate from the exact-rank benchmark and rolling Stats History. Percentages are displayed by RivalsTracker to two decimal places and converted to ratios without further precision. sample_matches repeats the source Matches field for each metric row. hero_rank is the displayed table order (win rate descending); tier_label is source-provided. Platform, region, and sample_players are not stated by the source and are left empty."
adam-warlock-s9-5-eternity-plus,adam-warlock,Adam Warlock,seasonalRankThreshold,9.5,competitive,eternity_plus,,,winRate,0.5470,ratio,349,,rivalstracker,primary,https://rivalstracker.com/heroes/adam-warlock,2026-08-25T14:02:59.000Z,2026-08-25T18:57:56.232Z,A,13,55,"Filters: Season 9.5, Competitive, Eternity+. Eternity+ is a seasonal rank-threshold population and is kept separate from the exact-rank benchmark and rolling Stats History. Percentages are displayed by RivalsTracker to two decimal places and converted to ratios without further precision. sample_matches repeats the source Matches field for each metric row. hero_rank is the displayed table order (win rate descending); tier_label is source-provided. Platform, region, and sample_players are not stated by the source and are left empty."
adam-warlock-s9-5-eternity-plus,adam-warlock,Adam Warlock,seasonalRankThreshold,9.5,competitive,eternity_plus,,,pickRate,0.0311,ratio,349,,rivalstracker,primary,https://rivalstracker.com/heroes/adam-warlock,2026-08-25T14:02:59.000Z,2026-08-25T18:57:56.232Z,A,13,55,"Filters: Season 9.5, Competitive, Eternity+. Eternity+ is a seasonal rank-threshold population and is kept separate from the exact-rank benchmark and rolling Stats History. Percentages are displayed by RivalsTracker to two decimal places and converted to ratios without further precision. sample_matches repeats the source Matches field for each metric row. hero_rank is the displayed table order (win rate descending); tier_label is source-provided. Platform, region, and sample_players are not stated by the source and are left empty."
adam-warlock-s9-5-eternity-plus,adam-warlock,Adam Warlock,seasonalRankThreshold,9.5,competitive,eternity_plus,,,banRate,0.0082,ratio,349,,rivalstracker,primary,https://rivalstracker.com/heroes/adam-warlock,2026-08-25T14:02:59.000Z,2026-08-25T18:57:56.232Z,A,13,55,"Filters: Season 9.5, Competitive, Eternity+. Eternity+ is a seasonal rank-threshold population and is kept separate from the exact-rank benchmark and rolling Stats History. Percentages are displayed by RivalsTracker to two decimal places and converted to ratios without further precision. sample_matches repeats the source Matches field for each metric row. hero_rank is the displayed table order (win rate descending); tier_label is source-provided. Platform, region, and sample_players are not stated by the source and are left empty."
thor-s9-5-eternity-plus,thor,Thor,seasonalRankThreshold,9.5,competitive,eternity_plus,,,winRate,0.5453,ratio,533,,rivalstracker,primary,https://rivalstracker.com/heroes/thor,2026-08-25T14:02:59.000Z,2026-08-25T18:57:56.232Z,A,14,55,"Filters: Season 9.5, Competitive, Eternity+. Eternity+ is a seasonal rank-threshold population and is kept separate from the exact-rank benchmark and rolling Stats History. Percentages are displayed by RivalsTracker to two decimal places and converted to ratios without further precision. sample_matches repeats the source Matches field for each metric row. hero_rank is the displayed table order (win rate descending); tier_label is source-provided. Platform, region, and sample_players are not stated by the source and are left empty."
thor-s9-5-eternity-plus,thor,Thor,seasonalRankThreshold,9.5,competitive,eternity_plus,,,pickRate,0.0474,ratio,533,,rivalstracker,primary,https://rivalstracker.com/heroes/thor,2026-08-25T14:02:59.000Z,2026-08-25T18:57:56.232Z,A,14,55,"Filters: Season 9.5, Competitive, Eternity+. Eternity+ is a seasonal rank-threshold population and is kept separate from the exact-rank benchmark and rolling Stats History. Percentages are displayed by RivalsTracker to two decimal places and converted to ratios without further precision. sample_matches repeats the source Matches field for each metric row. hero_rank is the displayed table order (win rate descending); tier_label is source-provided. Platform, region, and sample_players are not stated by the source and are left empty."
thor-s9-5-eternity-plus,thor,Thor,seasonalRankThreshold,9.5,competitive,eternity_plus,,,banRate,0.0189,ratio,533,,rivalstracker,primary,https://rivalstracker.com/heroes/thor,2026-08-25T14:02:59.000Z,2026-08-25T18:57:56.232Z,A,14,55,"Filters: Season 9.5, Competitive, Eternity+. Eternity+ is a seasonal rank-threshold population and is kept separate from the exact-rank benchmark and rolling Stats History. Percentages are displayed by RivalsTracker to two decimal places and converted to ratios without further precision. sample_matches repeats the source Matches field for each metric row. hero_rank is the displayed table order (win rate descending); tier_label is source-provided. Platform, region, and sample_players are not stated by the source and are left empty."
angela-s9-5-eternity-plus,angela,Angela,seasonalRankThreshold,9.5,competitive,eternity_plus,,,winRate,0.5282,ratio,491,,rivalstracker,primary,https://rivalstracker.com/heroes/angela,2026-08-25T14:02:59.000Z,2026-08-25T18:57:56.232Z,A,15,55,"Filters: Season 9.5, Competitive, Eternity+. Eternity+ is a seasonal rank-threshold population and is kept separate from the exact-rank benchmark and rolling Stats History. Percentages are displayed by RivalsTracker to two decimal places and converted to ratios without further precision. sample_matches repeats the source Matches field for each metric row. hero_rank is the displayed table order (win rate descending); tier_label is source-provided. Platform, region, and sample_players are not stated by the source and are left empty."
angela-s9-5-eternity-plus,angela,Angela,seasonalRankThreshold,9.5,competitive,eternity_plus,,,pickRate,0.0437,ratio,491,,rivalstracker,primary,https://rivalstracker.com/heroes/angela,2026-08-25T14:02:59.000Z,2026-08-25T18:57:56.232Z,A,15,55,"Filters: Season 9.5, Competitive, Eternity+. Eternity+ is a seasonal rank-threshold population and is kept separate from the exact-rank benchmark and rolling Stats History. Percentages are displayed by RivalsTracker to two decimal places and converted to ratios without further precision. sample_matches repeats the source Matches field for each metric row. hero_rank is the displayed table order (win rate descending); tier_label is source-provided. Platform, region, and sample_players are not stated by the source and are left empty."
angela-s9-5-eternity-plus,angela,Angela,seasonalRankThreshold,9.5,competitive,eternity_plus,,,banRate,0.0158,ratio,491,,rivalstracker,primary,https://rivalstracker.com/heroes/angela,2026-08-25T14:02:59.000Z,2026-08-25T18:57:56.232Z,A,15,55,"Filters: Season 9.5, Competitive, Eternity+. Eternity+ is a seasonal rank-threshold population and is kept separate from the exact-rank benchmark and rolling Stats History. Percentages are displayed by RivalsTracker to two decimal places and converted to ratios without further precision. sample_matches repeats the source Matches field for each metric row. hero_rank is the displayed table order (win rate descending); tier_label is source-provided. Platform, region, and sample_players are not stated by the source and are left empty."
rogue-s9-5-eternity-plus,rogue,Rogue,seasonalRankThreshold,9.5,competitive,eternity_plus,,,winRate,0.5244,ratio,591,,rivalstracker,primary,https://rivalstracker.com/heroes/rogue,2026-08-25T14:02:59.000Z,2026-08-25T18:57:56.232Z,B,16,55,"Filters: Season 9.5, Competitive, Eternity+. Eternity+ is a seasonal rank-threshold population and is kept separate from the exact-rank benchmark and rolling Stats History. Percentages are displayed by RivalsTracker to two decimal places and converted to ratios without further precision. sample_matches repeats the source Matches field for each metric row. hero_rank is the displayed table order (win rate descending); tier_label is source-provided. Platform, region, and sample_players are not stated by the source and are left empty."
rogue-s9-5-eternity-plus,rogue,Rogue,seasonalRankThreshold,9.5,competitive,eternity_plus,,,pickRate,0.0526,ratio,591,,rivalstracker,primary,https://rivalstracker.com/heroes/rogue,2026-08-25T14:02:59.000Z,2026-08-25T18:57:56.232Z,B,16,55,"Filters: Season 9.5, Competitive, Eternity+. Eternity+ is a seasonal rank-threshold population and is kept separate from the exact-rank benchmark and rolling Stats History. Percentages are displayed by RivalsTracker to two decimal places and converted to ratios without further precision. sample_matches repeats the source Matches field for each metric row. hero_rank is the displayed table order (win rate descending); tier_label is source-provided. Platform, region, and sample_players are not stated by the source and are left empty."
rogue-s9-5-eternity-plus,rogue,Rogue,seasonalRankThreshold,9.5,competitive,eternity_plus,,,banRate,0.0093,ratio,591,,rivalstracker,primary,https://rivalstracker.com/heroes/rogue,2026-08-25T14:02:59.000Z,2026-08-25T18:57:56.232Z,B,16,55,"Filters: Season 9.5, Competitive, Eternity+. Eternity+ is a seasonal rank-threshold population and is kept separate from the exact-rank benchmark and rolling Stats History. Percentages are displayed by RivalsTracker to two decimal places and converted to ratios without further precision. sample_matches repeats the source Matches field for each metric row. hero_rank is the displayed table order (win rate descending); tier_label is source-provided. Platform, region, and sample_players are not stated by the source and are left empty."
wolverine-s9-5-eternity-plus,wolverine,Wolverine,seasonalRankThreshold,9.5,competitive,eternity_plus,,,winRate,0.5238,ratio,1411,,rivalstracker,primary,https://rivalstracker.com/heroes/wolverine,2026-08-25T14:02:59.000Z,2026-08-25T18:57:56.232Z,A,17,55,"Filters: Season 9.5, Competitive, Eternity+. Eternity+ is a seasonal rank-threshold population and is kept separate from the exact-rank benchmark and rolling Stats History. Percentages are displayed by RivalsTracker to two decimal places and converted to ratios without further precision. sample_matches repeats the source Matches field for each metric row. hero_rank is the displayed table order (win rate descending); tier_label is source-provided. Platform, region, and sample_players are not stated by the source and are left empty."
wolverine-s9-5-eternity-plus,wolverine,Wolverine,seasonalRankThreshold,9.5,competitive,eternity_plus,,,pickRate,0.1256,ratio,1411,,rivalstracker,primary,https://rivalstracker.com/heroes/wolverine,2026-08-25T14:02:59.000Z,2026-08-25T18:57:56.232Z,A,17,55,"Filters: Season 9.5, Competitive, Eternity+. Eternity+ is a seasonal rank-threshold population and is kept separate from the exact-rank benchmark and rolling Stats History. Percentages are displayed by RivalsTracker to two decimal places and converted to ratios without further precision. sample_matches repeats the source Matches field for each metric row. hero_rank is the displayed table order (win rate descending); tier_label is source-provided. Platform, region, and sample_players are not stated by the source and are left empty."
wolverine-s9-5-eternity-plus,wolverine,Wolverine,seasonalRankThreshold,9.5,competitive,eternity_plus,,,banRate,0.1039,ratio,1411,,rivalstracker,primary,https://rivalstracker.com/heroes/wolverine,2026-08-25T14:02:59.000Z,2026-08-25T18:57:56.232Z,A,17,55,"Filters: Season 9.5, Competitive, Eternity+. Eternity+ is a seasonal rank-threshold population and is kept separate from the exact-rank benchmark and rolling Stats History. Percentages are displayed by RivalsTracker to two decimal places and converted to ratios without further precision. sample_matches repeats the source Matches field for each metric row. hero_rank is the displayed table order (win rate descending); tier_label is source-provided. Platform, region, and sample_players are not stated by the source and are left empty."
rocket-raccoon-s9-5-eternity-plus,rocket-raccoon,Rocket Raccoon,seasonalRankThreshold,9.5,competitive,eternity_plus,,,winRate,0.5156,ratio,2282,,rivalstracker,primary,https://rivalstracker.com/heroes/rocket-raccoon,2026-08-25T14:02:59.000Z,2026-08-25T18:57:56.232Z,A,18,55,"Filters: Season 9.5, Competitive, Eternity+. Eternity+ is a seasonal rank-threshold population and is kept separate from the exact-rank benchmark and rolling Stats History. Percentages are displayed by RivalsTracker to two decimal places and converted to ratios without further precision. sample_matches repeats the source Matches field for each metric row. hero_rank is the displayed table order (win rate descending); tier_label is source-provided. Platform, region, and sample_players are not stated by the source and are left empty."
rocket-raccoon-s9-5-eternity-plus,rocket-raccoon,Rocket Raccoon,seasonalRankThreshold,9.5,competitive,eternity_plus,,,pickRate,0.2031,ratio,2282,,rivalstracker,primary,https://rivalstracker.com/heroes/rocket-raccoon,2026-08-25T14:02:59.000Z,2026-08-25T18:57:56.232Z,A,18,55,"Filters: Season 9.5, Competitive, Eternity+. Eternity+ is a seasonal rank-threshold population and is kept separate from the exact-rank benchmark and rolling Stats History. Percentages are displayed by RivalsTracker to two decimal places and converted to ratios without further precision. sample_matches repeats the source Matches field for each metric row. hero_rank is the displayed table order (win rate descending); tier_label is source-provided. Platform, region, and sample_players are not stated by the source and are left empty."
rocket-raccoon-s9-5-eternity-plus,rocket-raccoon,Rocket Raccoon,seasonalRankThreshold,9.5,competitive,eternity_plus,,,banRate,0.0050,ratio,2282,,rivalstracker,primary,https://rivalstracker.com/heroes/rocket-raccoon,2026-08-25T14:02:59.000Z,2026-08-25T18:57:56.232Z,A,18,55,"Filters: Season 9.5, Competitive, Eternity+. Eternity+ is a seasonal rank-threshold population and is kept separate from the exact-rank benchmark and rolling Stats History. Percentages are displayed by RivalsTracker to two decimal places and converted to ratios without further precision. sample_matches repeats the source Matches field for each metric row. hero_rank is the displayed table order (win rate descending); tier_label is source-provided. Platform, region, and sample_players are not stated by the source and are left empty."
venom-s9-5-eternity-plus,venom,Venom,seasonalRankThreshold,9.5,competitive,eternity_plus,,,winRate,0.5154,ratio,934,,rivalstracker,primary,https://rivalstracker.com/heroes/venom,2026-08-25T14:02:59.000Z,2026-08-25T18:57:56.232Z,A,19,55,"Filters: Season 9.5, Competitive, Eternity+. Eternity+ is a seasonal rank-threshold population and is kept separate from the exact-rank benchmark and rolling Stats History. Percentages are displayed by RivalsTracker to two decimal places and converted to ratios without further precision. sample_matches repeats the source Matches field for each metric row. hero_rank is the displayed table order (win rate descending); tier_label is source-provided. Platform, region, and sample_players are not stated by the source and are left empty."
venom-s9-5-eternity-plus,venom,Venom,seasonalRankThreshold,9.5,competitive,eternity_plus,,,pickRate,0.0831,ratio,934,,rivalstracker,primary,https://rivalstracker.com/heroes/venom,2026-08-25T14:02:59.000Z,2026-08-25T18:57:56.232Z,A,19,55,"Filters: Season 9.5, Competitive, Eternity+. Eternity+ is a seasonal rank-threshold population and is kept separate from the exact-rank benchmark and rolling Stats History. Percentages are displayed by RivalsTracker to two decimal places and converted to ratios without further precision. sample_matches repeats the source Matches field for each metric row. hero_rank is the displayed table order (win rate descending); tier_label is source-provided. Platform, region, and sample_players are not stated by the source and are left empty."
venom-s9-5-eternity-plus,venom,Venom,seasonalRankThreshold,9.5,competitive,eternity_plus,,,banRate,0.0637,ratio,934,,rivalstracker,primary,https://rivalstracker.com/heroes/venom,2026-08-25T14:02:59.000Z,2026-08-25T18:57:56.232Z,A,19,55,"Filters: Season 9.5, Competitive, Eternity+. Eternity+ is a seasonal rank-threshold population and is kept separate from the exact-rank benchmark and rolling Stats History. Percentages are displayed by RivalsTracker to two decimal places and converted to ratios without further precision. sample_matches repeats the source Matches field for each metric row. hero_rank is the displayed table order (win rate descending); tier_label is source-provided. Platform, region, and sample_players are not stated by the source and are left empty."
storm-s9-5-eternity-plus,storm,Storm,seasonalRankThreshold,9.5,competitive,eternity_plus,,,winRate,0.5116,ratio,223,,rivalstracker,primary,https://rivalstracker.com/heroes/storm,2026-08-25T14:02:59.000Z,2026-08-25T18:57:56.232Z,B,20,55,"Filters: Season 9.5, Competitive, Eternity+. Eternity+ is a seasonal rank-threshold population and is kept separate from the exact-rank benchmark and rolling Stats History. Percentages are displayed by RivalsTracker to two decimal places and converted to ratios without further precision. sample_matches repeats the source Matches field for each metric row. hero_rank is the displayed table order (win rate descending); tier_label is source-provided. Platform, region, and sample_players are not stated by the source and are left empty."
storm-s9-5-eternity-plus,storm,Storm,seasonalRankThreshold,9.5,competitive,eternity_plus,,,pickRate,0.0198,ratio,223,,rivalstracker,primary,https://rivalstracker.com/heroes/storm,2026-08-25T14:02:59.000Z,2026-08-25T18:57:56.232Z,B,20,55,"Filters: Season 9.5, Competitive, Eternity+. Eternity+ is a seasonal rank-threshold population and is kept separate from the exact-rank benchmark and rolling Stats History. Percentages are displayed by RivalsTracker to two decimal places and converted to ratios without further precision. sample_matches repeats the source Matches field for each metric row. hero_rank is the displayed table order (win rate descending); tier_label is source-provided. Platform, region, and sample_players are not stated by the source and are left empty."
storm-s9-5-eternity-plus,storm,Storm,seasonalRankThreshold,9.5,competitive,eternity_plus,,,banRate,0.0018,ratio,223,,rivalstracker,primary,https://rivalstracker.com/heroes/storm,2026-08-25T14:02:59.000Z,2026-08-25T18:57:56.232Z,B,20,55,"Filters: Season 9.5, Competitive, Eternity+. Eternity+ is a seasonal rank-threshold population and is kept separate from the exact-rank benchmark and rolling Stats History. Percentages are displayed by RivalsTracker to two decimal places and converted to ratios without further precision. sample_matches repeats the source Matches field for each metric row. hero_rank is the displayed table order (win rate descending); tier_label is source-provided. Platform, region, and sample_players are not stated by the source and are left empty."
captain-america-s9-5-eternity-plus,captain-america,Captain America,seasonalRankThreshold,9.5,competitive,eternity_plus,,,winRate,0.5114,ratio,223,,rivalstracker,primary,https://rivalstracker.com/heroes/captain-america,2026-08-25T14:02:59.000Z,2026-08-25T18:57:56.232Z,B,21,55,"Filters: Season 9.5, Competitive, Eternity+. Eternity+ is a seasonal rank-threshold population and is kept separate from the exact-rank benchmark and rolling Stats History. Percentages are displayed by RivalsTracker to two decimal places and converted to ratios without further precision. sample_matches repeats the source Matches field for each metric row. hero_rank is the displayed table order (win rate descending); tier_label is source-provided. Platform, region, and sample_players are not stated by the source and are left empty."
captain-america-s9-5-eternity-plus,captain-america,Captain America,seasonalRankThreshold,9.5,competitive,eternity_plus,,,pickRate,0.0198,ratio,223,,rivalstracker,primary,https://rivalstracker.com/heroes/captain-america,2026-08-25T14:02:59.000Z,2026-08-25T18:57:56.232Z,B,21,55,"Filters: Season 9.5, Competitive, Eternity+. Eternity+ is a seasonal rank-threshold population and is kept separate from the exact-rank benchmark and rolling Stats History. Percentages are displayed by RivalsTracker to two decimal places and converted to ratios without further precision. sample_matches repeats the source Matches field for each metric row. hero_rank is the displayed table order (win rate descending); tier_label is source-provided. Platform, region, and sample_players are not stated by the source and are left empty."
captain-america-s9-5-eternity-plus,captain-america,Captain America,seasonalRankThreshold,9.5,competitive,eternity_plus,,,banRate,0.0068,ratio,223,,rivalstracker,primary,https://rivalstracker.com/heroes/captain-america,2026-08-25T14:02:59.000Z,2026-08-25T18:57:56.232Z,B,21,55,"Filters: Season 9.5, Competitive, Eternity+. Eternity+ is a seasonal rank-threshold population and is kept separate from the exact-rank benchmark and rolling Stats History. Percentages are displayed by RivalsTracker to two decimal places and converted to ratios without further precision. sample_matches repeats the source Matches field for each metric row. hero_rank is the displayed table order (win rate descending); tier_label is source-provided. Platform, region, and sample_players are not stated by the source and are left empty."
jubilee-s9-5-eternity-plus,jubilee,Jubilee,seasonalRankThreshold,9.5,competitive,eternity_plus,,,winRate,0.5106,ratio,1059,,rivalstracker,primary,https://rivalstracker.com/heroes/jubilee,2026-08-25T14:02:59.000Z,2026-08-25T18:57:56.232Z,B,22,55,"Filters: Season 9.5, Competitive, Eternity+. Eternity+ is a seasonal rank-threshold population and is kept separate from the exact-rank benchmark and rolling Stats History. Percentages are displayed by RivalsTracker to two decimal places and converted to ratios without further precision. sample_matches repeats the source Matches field for each metric row. hero_rank is the displayed table order (win rate descending); tier_label is source-provided. Platform, region, and sample_players are not stated by the source and are left empty."
jubilee-s9-5-eternity-plus,jubilee,Jubilee,seasonalRankThreshold,9.5,competitive,eternity_plus,,,pickRate,0.0942,ratio,1059,,rivalstracker,primary,https://rivalstracker.com/heroes/jubilee,2026-08-25T14:02:59.000Z,2026-08-25T18:57:56.232Z,B,22,55,"Filters: Season 9.5, Competitive, Eternity+. Eternity+ is a seasonal rank-threshold population and is kept separate from the exact-rank benchmark and rolling Stats History. Percentages are displayed by RivalsTracker to two decimal places and converted to ratios without further precision. sample_matches repeats the source Matches field for each metric row. hero_rank is the displayed table order (win rate descending); tier_label is source-provided. Platform, region, and sample_players are not stated by the source and are left empty."
jubilee-s9-5-eternity-plus,jubilee,Jubilee,seasonalRankThreshold,9.5,competitive,eternity_plus,,,banRate,0.0026,ratio,1059,,rivalstracker,primary,https://rivalstracker.com/heroes/jubilee,2026-08-25T14:02:59.000Z,2026-08-25T18:57:56.232Z,B,22,55,"Filters: Season 9.5, Competitive, Eternity+. Eternity+ is a seasonal rank-threshold population and is kept separate from the exact-rank benchmark and rolling Stats History. Percentages are displayed by RivalsTracker to two decimal places and converted to ratios without further precision. sample_matches repeats the source Matches field for each metric row. hero_rank is the displayed table order (win rate descending); tier_label is source-provided. Platform, region, and sample_players are not stated by the source and are left empty."
black-widow-s9-5-eternity-plus,black-widow,Black Widow,seasonalRankThreshold,9.5,competitive,eternity_plus,,,winRate,0.5102,ratio,1867,,rivalstracker,primary,https://rivalstracker.com/heroes/black-widow,2026-08-25T14:02:59.000Z,2026-08-25T18:57:56.232Z,A,23,55,"Filters: Season 9.5, Competitive, Eternity+. Eternity+ is a seasonal rank-threshold population and is kept separate from the exact-rank benchmark and rolling Stats History. Percentages are displayed by RivalsTracker to two decimal places and converted to ratios without further precision. sample_matches repeats the source Matches field for each metric row. hero_rank is the displayed table order (win rate descending); tier_label is source-provided. Platform, region, and sample_players are not stated by the source and are left empty."
black-widow-s9-5-eternity-plus,black-widow,Black Widow,seasonalRankThreshold,9.5,competitive,eternity_plus,,,pickRate,0.1661,ratio,1867,,rivalstracker,primary,https://rivalstracker.com/heroes/black-widow,2026-08-25T14:02:59.000Z,2026-08-25T18:57:56.232Z,A,23,55,"Filters: Season 9.5, Competitive, Eternity+. Eternity+ is a seasonal rank-threshold population and is kept separate from the exact-rank benchmark and rolling Stats History. Percentages are displayed by RivalsTracker to two decimal places and converted to ratios without further precision. sample_matches repeats the source Matches field for each metric row. hero_rank is the displayed table order (win rate descending); tier_label is source-provided. Platform, region, and sample_players are not stated by the source and are left empty."
black-widow-s9-5-eternity-plus,black-widow,Black Widow,seasonalRankThreshold,9.5,competitive,eternity_plus,,,banRate,0.1441,ratio,1867,,rivalstracker,primary,https://rivalstracker.com/heroes/black-widow,2026-08-25T14:02:59.000Z,2026-08-25T18:57:56.232Z,A,23,55,"Filters: Season 9.5, Competitive, Eternity+. Eternity+ is a seasonal rank-threshold population and is kept separate from the exact-rank benchmark and rolling Stats History. Percentages are displayed by RivalsTracker to two decimal places and converted to ratios without further precision. sample_matches repeats the source Matches field for each metric row. hero_rank is the displayed table order (win rate descending); tier_label is source-provided. Platform, region, and sample_players are not stated by the source and are left empty."
spider-man-s9-5-eternity-plus,spider-man,Spider-man,seasonalRankThreshold,9.5,competitive,eternity_plus,,,winRate,0.5101,ratio,1229,,rivalstracker,primary,https://rivalstracker.com/heroes/spider-man,2026-08-25T14:02:59.000Z,2026-08-25T18:57:56.232Z,B,24,55,"Filters: Season 9.5, Competitive, Eternity+. Eternity+ is a seasonal rank-threshold population and is kept separate from the exact-rank benchmark and rolling Stats History. Percentages are displayed by RivalsTracker to two decimal places and converted to ratios without further precision. sample_matches repeats the source Matches field for each metric row. hero_rank is the displayed table order (win rate descending); tier_label is source-provided. Platform, region, and sample_players are not stated by the source and are left empty."
spider-man-s9-5-eternity-plus,spider-man,Spider-man,seasonalRankThreshold,9.5,competitive,eternity_plus,,,pickRate,0.1094,ratio,1229,,rivalstracker,primary,https://rivalstracker.com/heroes/spider-man,2026-08-25T14:02:59.000Z,2026-08-25T18:57:56.232Z,B,24,55,"Filters: Season 9.5, Competitive, Eternity+. Eternity+ is a seasonal rank-threshold population and is kept separate from the exact-rank benchmark and rolling Stats History. Percentages are displayed by RivalsTracker to two decimal places and converted to ratios without further precision. sample_matches repeats the source Matches field for each metric row. hero_rank is the displayed table order (win rate descending); tier_label is source-provided. Platform, region, and sample_players are not stated by the source and are left empty."
spider-man-s9-5-eternity-plus,spider-man,Spider-man,seasonalRankThreshold,9.5,competitive,eternity_plus,,,banRate,0.0917,ratio,1229,,rivalstracker,primary,https://rivalstracker.com/heroes/spider-man,2026-08-25T14:02:59.000Z,2026-08-25T18:57:56.232Z,B,24,55,"Filters: Season 9.5, Competitive, Eternity+. Eternity+ is a seasonal rank-threshold population and is kept separate from the exact-rank benchmark and rolling Stats History. Percentages are displayed by RivalsTracker to two decimal places and converted to ratios without further precision. sample_matches repeats the source Matches field for each metric row. hero_rank is the displayed table order (win rate descending); tier_label is source-provided. Platform, region, and sample_players are not stated by the source and are left empty."
the-thing-s9-5-eternity-plus,the-thing,The Thing,seasonalRankThreshold,9.5,competitive,eternity_plus,,,winRate,0.5061,ratio,2335,,rivalstracker,primary,https://rivalstracker.com/heroes/the-thing,2026-08-25T14:02:59.000Z,2026-08-25T18:57:56.232Z,B,25,55,"Filters: Season 9.5, Competitive, Eternity+. Eternity+ is a seasonal rank-threshold population and is kept separate from the exact-rank benchmark and rolling Stats History. Percentages are displayed by RivalsTracker to two decimal places and converted to ratios without further precision. sample_matches repeats the source Matches field for each metric row. hero_rank is the displayed table order (win rate descending); tier_label is source-provided. Platform, region, and sample_players are not stated by the source and are left empty."
the-thing-s9-5-eternity-plus,the-thing,The Thing,seasonalRankThreshold,9.5,competitive,eternity_plus,,,pickRate,0.2078,ratio,2335,,rivalstracker,primary,https://rivalstracker.com/heroes/the-thing,2026-08-25T14:02:59.000Z,2026-08-25T18:57:56.232Z,B,25,55,"Filters: Season 9.5, Competitive, Eternity+. Eternity+ is a seasonal rank-threshold population and is kept separate from the exact-rank benchmark and rolling Stats History. Percentages are displayed by RivalsTracker to two decimal places and converted to ratios without further precision. sample_matches repeats the source Matches field for each metric row. hero_rank is the displayed table order (win rate descending); tier_label is source-provided. Platform, region, and sample_players are not stated by the source and are left empty."
the-thing-s9-5-eternity-plus,the-thing,The Thing,seasonalRankThreshold,9.5,competitive,eternity_plus,,,banRate,0.1034,ratio,2335,,rivalstracker,primary,https://rivalstracker.com/heroes/the-thing,2026-08-25T14:02:59.000Z,2026-08-25T18:57:56.232Z,B,25,55,"Filters: Season 9.5, Competitive, Eternity+. Eternity+ is a seasonal rank-threshold population and is kept separate from the exact-rank benchmark and rolling Stats History. Percentages are displayed by RivalsTracker to two decimal places and converted to ratios without further precision. sample_matches repeats the source Matches field for each metric row. hero_rank is the displayed table order (win rate descending); tier_label is source-provided. Platform, region, and sample_players are not stated by the source and are left empty."
groot-s9-5-eternity-plus,groot,Groot,seasonalRankThreshold,9.5,competitive,eternity_plus,,,winRate,0.4946,ratio,543,,rivalstracker,primary,https://rivalstracker.com/heroes/groot,2026-08-25T14:02:59.000Z,2026-08-25T18:57:56.232Z,B,26,55,"Filters: Season 9.5, Competitive, Eternity+. Eternity+ is a seasonal rank-threshold population and is kept separate from the exact-rank benchmark and rolling Stats History. Percentages are displayed by RivalsTracker to two decimal places and converted to ratios without further precision. sample_matches repeats the source Matches field for each metric row. hero_rank is the displayed table order (win rate descending); tier_label is source-provided. Platform, region, and sample_players are not stated by the source and are left empty."
groot-s9-5-eternity-plus,groot,Groot,seasonalRankThreshold,9.5,competitive,eternity_plus,,,pickRate,0.0483,ratio,543,,rivalstracker,primary,https://rivalstracker.com/heroes/groot,2026-08-25T14:02:59.000Z,2026-08-25T18:57:56.232Z,B,26,55,"Filters: Season 9.5, Competitive, Eternity+. Eternity+ is a seasonal rank-threshold population and is kept separate from the exact-rank benchmark and rolling Stats History. Percentages are displayed by RivalsTracker to two decimal places and converted to ratios without further precision. sample_matches repeats the source Matches field for each metric row. hero_rank is the displayed table order (win rate descending); tier_label is source-provided. Platform, region, and sample_players are not stated by the source and are left empty."
groot-s9-5-eternity-plus,groot,Groot,seasonalRankThreshold,9.5,competitive,eternity_plus,,,banRate,0.0176,ratio,543,,rivalstracker,primary,https://rivalstracker.com/heroes/groot,2026-08-25T14:02:59.000Z,2026-08-25T18:57:56.232Z,B,26,55,"Filters: Season 9.5, Competitive, Eternity+. Eternity+ is a seasonal rank-threshold population and is kept separate from the exact-rank benchmark and rolling Stats History. Percentages are displayed by RivalsTracker to two decimal places and converted to ratios without further precision. sample_matches repeats the source Matches field for each metric row. hero_rank is the displayed table order (win rate descending); tier_label is source-provided. Platform, region, and sample_players are not stated by the source and are left empty."
the-punisher-s9-5-eternity-plus,the-punisher,The Punisher,seasonalRankThreshold,9.5,competitive,eternity_plus,,,winRate,0.4934,ratio,1246,,rivalstracker,primary,https://rivalstracker.com/heroes/the-punisher,2026-08-25T14:02:59.000Z,2026-08-25T18:57:56.232Z,B,27,55,"Filters: Season 9.5, Competitive, Eternity+. Eternity+ is a seasonal rank-threshold population and is kept separate from the exact-rank benchmark and rolling Stats History. Percentages are displayed by RivalsTracker to two decimal places and converted to ratios without further precision. sample_matches repeats the source Matches field for each metric row. hero_rank is the displayed table order (win rate descending); tier_label is source-provided. Platform, region, and sample_players are not stated by the source and are left empty."
the-punisher-s9-5-eternity-plus,the-punisher,The Punisher,seasonalRankThreshold,9.5,competitive,eternity_plus,,,pickRate,0.1109,ratio,1246,,rivalstracker,primary,https://rivalstracker.com/heroes/the-punisher,2026-08-25T14:02:59.000Z,2026-08-25T18:57:56.232Z,B,27,55,"Filters: Season 9.5, Competitive, Eternity+. Eternity+ is a seasonal rank-threshold population and is kept separate from the exact-rank benchmark and rolling Stats History. Percentages are displayed by RivalsTracker to two decimal places and converted to ratios without further precision. sample_matches repeats the source Matches field for each metric row. hero_rank is the displayed table order (win rate descending); tier_label is source-provided. Platform, region, and sample_players are not stated by the source and are left empty."
the-punisher-s9-5-eternity-plus,the-punisher,The Punisher,seasonalRankThreshold,9.5,competitive,eternity_plus,,,banRate,0.0391,ratio,1246,,rivalstracker,primary,https://rivalstracker.com/heroes/the-punisher,2026-08-25T14:02:59.000Z,2026-08-25T18:57:56.232Z,B,27,55,"Filters: Season 9.5, Competitive, Eternity+. Eternity+ is a seasonal rank-threshold population and is kept separate from the exact-rank benchmark and rolling Stats History. Percentages are displayed by RivalsTracker to two decimal places and converted to ratios without further precision. sample_matches repeats the source Matches field for each metric row. hero_rank is the displayed table order (win rate descending); tier_label is source-provided. Platform, region, and sample_players are not stated by the source and are left empty."
devil-dinosaur-s9-5-eternity-plus,devil-dinosaur,Devil Dinosaur,seasonalRankThreshold,9.5,competitive,eternity_plus,,,winRate,0.4919,ratio,264,,rivalstracker,primary,https://rivalstracker.com/heroes/devil-dinosaur,2026-08-25T14:02:59.000Z,2026-08-25T18:57:56.232Z,B,28,55,"Filters: Season 9.5, Competitive, Eternity+. Eternity+ is a seasonal rank-threshold population and is kept separate from the exact-rank benchmark and rolling Stats History. Percentages are displayed by RivalsTracker to two decimal places and converted to ratios without further precision. sample_matches repeats the source Matches field for each metric row. hero_rank is the displayed table order (win rate descending); tier_label is source-provided. Platform, region, and sample_players are not stated by the source and are left empty."
devil-dinosaur-s9-5-eternity-plus,devil-dinosaur,Devil Dinosaur,seasonalRankThreshold,9.5,competitive,eternity_plus,,,pickRate,0.0235,ratio,264,,rivalstracker,primary,https://rivalstracker.com/heroes/devil-dinosaur,2026-08-25T14:02:59.000Z,2026-08-25T18:57:56.232Z,B,28,55,"Filters: Season 9.5, Competitive, Eternity+. Eternity+ is a seasonal rank-threshold population and is kept separate from the exact-rank benchmark and rolling Stats History. Percentages are displayed by RivalsTracker to two decimal places and converted to ratios without further precision. sample_matches repeats the source Matches field for each metric row. hero_rank is the displayed table order (win rate descending); tier_label is source-provided. Platform, region, and sample_players are not stated by the source and are left empty."
devil-dinosaur-s9-5-eternity-plus,devil-dinosaur,Devil Dinosaur,seasonalRankThreshold,9.5,competitive,eternity_plus,,,banRate,0.0008,ratio,264,,rivalstracker,primary,https://rivalstracker.com/heroes/devil-dinosaur,2026-08-25T14:02:59.000Z,2026-08-25T18:57:56.232Z,B,28,55,"Filters: Season 9.5, Competitive, Eternity+. Eternity+ is a seasonal rank-threshold population and is kept separate from the exact-rank benchmark and rolling Stats History. Percentages are displayed by RivalsTracker to two decimal places and converted to ratios without further precision. sample_matches repeats the source Matches field for each metric row. hero_rank is the displayed table order (win rate descending); tier_label is source-provided. Platform, region, and sample_players are not stated by the source and are left empty."
hela-s9-5-eternity-plus,hela,Hela,seasonalRankThreshold,9.5,competitive,eternity_plus,,,winRate,0.4893,ratio,1894,,rivalstracker,primary,https://rivalstracker.com/heroes/hela,2026-08-25T14:02:59.000Z,2026-08-25T18:57:56.232Z,B,29,55,"Filters: Season 9.5, Competitive, Eternity+. Eternity+ is a seasonal rank-threshold population and is kept separate from the exact-rank benchmark and rolling Stats History. Percentages are displayed by RivalsTracker to two decimal places and converted to ratios without further precision. sample_matches repeats the source Matches field for each metric row. hero_rank is the displayed table order (win rate descending); tier_label is source-provided. Platform, region, and sample_players are not stated by the source and are left empty."
hela-s9-5-eternity-plus,hela,Hela,seasonalRankThreshold,9.5,competitive,eternity_plus,,,pickRate,0.1685,ratio,1894,,rivalstracker,primary,https://rivalstracker.com/heroes/hela,2026-08-25T14:02:59.000Z,2026-08-25T18:57:56.232Z,B,29,55,"Filters: Season 9.5, Competitive, Eternity+. Eternity+ is a seasonal rank-threshold population and is kept separate from the exact-rank benchmark and rolling Stats History. Percentages are displayed by RivalsTracker to two decimal places and converted to ratios without further precision. sample_matches repeats the source Matches field for each metric row. hero_rank is the displayed table order (win rate descending); tier_label is source-provided. Platform, region, and sample_players are not stated by the source and are left empty."
hela-s9-5-eternity-plus,hela,Hela,seasonalRankThreshold,9.5,competitive,eternity_plus,,,banRate,0.0413,ratio,1894,,rivalstracker,primary,https://rivalstracker.com/heroes/hela,2026-08-25T14:02:59.000Z,2026-08-25T18:57:56.232Z,B,29,55,"Filters: Season 9.5, Competitive, Eternity+. Eternity+ is a seasonal rank-threshold population and is kept separate from the exact-rank benchmark and rolling Stats History. Percentages are displayed by RivalsTracker to two decimal places and converted to ratios without further precision. sample_matches repeats the source Matches field for each metric row. hero_rank is the displayed table order (win rate descending); tier_label is source-provided. Platform, region, and sample_players are not stated by the source and are left empty."
blade-s9-5-eternity-plus,blade,Blade,seasonalRankThreshold,9.5,competitive,eternity_plus,,,winRate,0.4886,ratio,272,,rivalstracker,primary,https://rivalstracker.com/heroes/blade,2026-08-25T14:02:59.000Z,2026-08-25T18:57:56.232Z,B,30,55,"Filters: Season 9.5, Competitive, Eternity+. Eternity+ is a seasonal rank-threshold population and is kept separate from the exact-rank benchmark and rolling Stats History. Percentages are displayed by RivalsTracker to two decimal places and converted to ratios without further precision. sample_matches repeats the source Matches field for each metric row. hero_rank is the displayed table order (win rate descending); tier_label is source-provided. Platform, region, and sample_players are not stated by the source and are left empty."
blade-s9-5-eternity-plus,blade,Blade,seasonalRankThreshold,9.5,competitive,eternity_plus,,,pickRate,0.0242,ratio,272,,rivalstracker,primary,https://rivalstracker.com/heroes/blade,2026-08-25T14:02:59.000Z,2026-08-25T18:57:56.232Z,B,30,55,"Filters: Season 9.5, Competitive, Eternity+. Eternity+ is a seasonal rank-threshold population and is kept separate from the exact-rank benchmark and rolling Stats History. Percentages are displayed by RivalsTracker to two decimal places and converted to ratios without further precision. sample_matches repeats the source Matches field for each metric row. hero_rank is the displayed table order (win rate descending); tier_label is source-provided. Platform, region, and sample_players are not stated by the source and are left empty."
blade-s9-5-eternity-plus,blade,Blade,seasonalRankThreshold,9.5,competitive,eternity_plus,,,banRate,0.0036,ratio,272,,rivalstracker,primary,https://rivalstracker.com/heroes/blade,2026-08-25T14:02:59.000Z,2026-08-25T18:57:56.232Z,B,30,55,"Filters: Season 9.5, Competitive, Eternity+. Eternity+ is a seasonal rank-threshold population and is kept separate from the exact-rank benchmark and rolling Stats History. Percentages are displayed by RivalsTracker to two decimal places and converted to ratios without further precision. sample_matches repeats the source Matches field for each metric row. hero_rank is the displayed table order (win rate descending); tier_label is source-provided. Platform, region, and sample_players are not stated by the source and are left empty."
psylocke-s9-5-eternity-plus,psylocke,Psylocke,seasonalRankThreshold,9.5,competitive,eternity_plus,,,winRate,0.4847,ratio,284,,rivalstracker,primary,https://rivalstracker.com/heroes/psylocke,2026-08-25T14:02:59.000Z,2026-08-25T18:57:56.232Z,C,31,55,"Filters: Season 9.5, Competitive, Eternity+. Eternity+ is a seasonal rank-threshold population and is kept separate from the exact-rank benchmark and rolling Stats History. Percentages are displayed by RivalsTracker to two decimal places and converted to ratios without further precision. sample_matches repeats the source Matches field for each metric row. hero_rank is the displayed table order (win rate descending); tier_label is source-provided. Platform, region, and sample_players are not stated by the source and are left empty."
psylocke-s9-5-eternity-plus,psylocke,Psylocke,seasonalRankThreshold,9.5,competitive,eternity_plus,,,pickRate,0.0253,ratio,284,,rivalstracker,primary,https://rivalstracker.com/heroes/psylocke,2026-08-25T14:02:59.000Z,2026-08-25T18:57:56.232Z,C,31,55,"Filters: Season 9.5, Competitive, Eternity+. Eternity+ is a seasonal rank-threshold population and is kept separate from the exact-rank benchmark and rolling Stats History. Percentages are displayed by RivalsTracker to two decimal places and converted to ratios without further precision. sample_matches repeats the source Matches field for each metric row. hero_rank is the displayed table order (win rate descending); tier_label is source-provided. Platform, region, and sample_players are not stated by the source and are left empty."
psylocke-s9-5-eternity-plus,psylocke,Psylocke,seasonalRankThreshold,9.5,competitive,eternity_plus,,,banRate,0.0028,ratio,284,,rivalstracker,primary,https://rivalstracker.com/heroes/psylocke,2026-08-25T14:02:59.000Z,2026-08-25T18:57:56.232Z,C,31,55,"Filters: Season 9.5, Competitive, Eternity+. Eternity+ is a seasonal rank-threshold population and is kept separate from the exact-rank benchmark and rolling Stats History. Percentages are displayed by RivalsTracker to two decimal places and converted to ratios without further precision. sample_matches repeats the source Matches field for each metric row. hero_rank is the displayed table order (win rate descending); tier_label is source-provided. Platform, region, and sample_players are not stated by the source and are left empty."
human-torch-s9-5-eternity-plus,human-torch,Human Torch,seasonalRankThreshold,9.5,competitive,eternity_plus,,,winRate,0.4833,ratio,192,,rivalstracker,primary,https://rivalstracker.com/heroes/human-torch,2026-08-25T14:02:59.000Z,2026-08-25T18:57:56.232Z,C,32,55,"Filters: Season 9.5, Competitive, Eternity+. Eternity+ is a seasonal rank-threshold population and is kept separate from the exact-rank benchmark and rolling Stats History. Percentages are displayed by RivalsTracker to two decimal places and converted to ratios without further precision. sample_matches repeats the source Matches field for each metric row. hero_rank is the displayed table order (win rate descending); tier_label is source-provided. Platform, region, and sample_players are not stated by the source and are left empty."
human-torch-s9-5-eternity-plus,human-torch,Human Torch,seasonalRankThreshold,9.5,competitive,eternity_plus,,,pickRate,0.0171,ratio,192,,rivalstracker,primary,https://rivalstracker.com/heroes/human-torch,2026-08-25T14:02:59.000Z,2026-08-25T18:57:56.232Z,C,32,55,"Filters: Season 9.5, Competitive, Eternity+. Eternity+ is a seasonal rank-threshold population and is kept separate from the exact-rank benchmark and rolling Stats History. Percentages are displayed by RivalsTracker to two decimal places and converted to ratios without further precision. sample_matches repeats the source Matches field for each metric row. hero_rank is the displayed table order (win rate descending); tier_label is source-provided. Platform, region, and sample_players are not stated by the source and are left empty."
human-torch-s9-5-eternity-plus,human-torch,Human Torch,seasonalRankThreshold,9.5,competitive,eternity_plus,,,banRate,0.0114,ratio,192,,rivalstracker,primary,https://rivalstracker.com/heroes/human-torch,2026-08-25T14:02:59.000Z,2026-08-25T18:57:56.232Z,C,32,55,"Filters: Season 9.5, Competitive, Eternity+. Eternity+ is a seasonal rank-threshold population and is kept separate from the exact-rank benchmark and rolling Stats History. Percentages are displayed by RivalsTracker to two decimal places and converted to ratios without further precision. sample_matches repeats the source Matches field for each metric row. hero_rank is the displayed table order (win rate descending); tier_label is source-provided. Platform, region, and sample_players are not stated by the source and are left empty."
deadpool-vanguard-s9-5-eternity-plus,deadpool-vanguard,Deadpool (Vanguard),seasonalRankThreshold,9.5,competitive,eternity_plus,,,winRate,0.4800,ratio,152,,rivalstracker,primary,https://rivalstracker.com/heroes/deadpool-vanguard,2026-08-25T14:02:59.000Z,2026-08-25T18:57:56.232Z,C,33,55,"Filters: Season 9.5, Competitive, Eternity+. Eternity+ is a seasonal rank-threshold population and is kept separate from the exact-rank benchmark and rolling Stats History. Percentages are displayed by RivalsTracker to two decimal places and converted to ratios without further precision. sample_matches repeats the source Matches field for each metric row. hero_rank is the displayed table order (win rate descending); tier_label is source-provided. Platform, region, and sample_players are not stated by the source and are left empty."
deadpool-vanguard-s9-5-eternity-plus,deadpool-vanguard,Deadpool (Vanguard),seasonalRankThreshold,9.5,competitive,eternity_plus,,,pickRate,0.0135,ratio,152,,rivalstracker,primary,https://rivalstracker.com/heroes/deadpool-vanguard,2026-08-25T14:02:59.000Z,2026-08-25T18:57:56.232Z,C,33,55,"Filters: Season 9.5, Competitive, Eternity+. Eternity+ is a seasonal rank-threshold population and is kept separate from the exact-rank benchmark and rolling Stats History. Percentages are displayed by RivalsTracker to two decimal places and converted to ratios without further precision. sample_matches repeats the source Matches field for each metric row. hero_rank is the displayed table order (win rate descending); tier_label is source-provided. Platform, region, and sample_players are not stated by the source and are left empty."
deadpool-vanguard-s9-5-eternity-plus,deadpool-vanguard,Deadpool (Vanguard),seasonalRankThreshold,9.5,competitive,eternity_plus,,,banRate,0.0012,ratio,152,,rivalstracker,primary,https://rivalstracker.com/heroes/deadpool-vanguard,2026-08-25T14:02:59.000Z,2026-08-25T18:57:56.232Z,C,33,55,"Filters: Season 9.5, Competitive, Eternity+. Eternity+ is a seasonal rank-threshold population and is kept separate from the exact-rank benchmark and rolling Stats History. Percentages are displayed by RivalsTracker to two decimal places and converted to ratios without further precision. sample_matches repeats the source Matches field for each metric row. hero_rank is the displayed table order (win rate descending); tier_label is source-provided. Platform, region, and sample_players are not stated by the source and are left empty."
hulk-s9-5-eternity-plus,hulk,Hulk,seasonalRankThreshold,9.5,competitive,eternity_plus,,,winRate,0.4747,ratio,672,,rivalstracker,primary,https://rivalstracker.com/heroes/hulk,2026-08-25T14:02:59.000Z,2026-08-25T18:57:56.232Z,C,34,55,"Filters: Season 9.5, Competitive, Eternity+. Eternity+ is a seasonal rank-threshold population and is kept separate from the exact-rank benchmark and rolling Stats History. Percentages are displayed by RivalsTracker to two decimal places and converted to ratios without further precision. sample_matches repeats the source Matches field for each metric row. hero_rank is the displayed table order (win rate descending); tier_label is source-provided. Platform, region, and sample_players are not stated by the source and are left empty."
hulk-s9-5-eternity-plus,hulk,Hulk,seasonalRankThreshold,9.5,competitive,eternity_plus,,,pickRate,0.0598,ratio,672,,rivalstracker,primary,https://rivalstracker.com/heroes/hulk,2026-08-25T14:02:59.000Z,2026-08-25T18:57:56.232Z,C,34,55,"Filters: Season 9.5, Competitive, Eternity+. Eternity+ is a seasonal rank-threshold population and is kept separate from the exact-rank benchmark and rolling Stats History. Percentages are displayed by RivalsTracker to two decimal places and converted to ratios without further precision. sample_matches repeats the source Matches field for each metric row. hero_rank is the displayed table order (win rate descending); tier_label is source-provided. Platform, region, and sample_players are not stated by the source and are left empty."
hulk-s9-5-eternity-plus,hulk,Hulk,seasonalRankThreshold,9.5,competitive,eternity_plus,,,banRate,0.0154,ratio,672,,rivalstracker,primary,https://rivalstracker.com/heroes/hulk,2026-08-25T14:02:59.000Z,2026-08-25T18:57:56.232Z,C,34,55,"Filters: Season 9.5, Competitive, Eternity+. Eternity+ is a seasonal rank-threshold population and is kept separate from the exact-rank benchmark and rolling Stats History. Percentages are displayed by RivalsTracker to two decimal places and converted to ratios without further precision. sample_matches repeats the source Matches field for each metric row. hero_rank is the displayed table order (win rate descending); tier_label is source-provided. Platform, region, and sample_players are not stated by the source and are left empty."
star-lord-s9-5-eternity-plus,star-lord,Star-lord,seasonalRankThreshold,9.5,competitive,eternity_plus,,,winRate,0.4718,ratio,404,,rivalstracker,primary,https://rivalstracker.com/heroes/star-lord,2026-08-25T14:02:59.000Z,2026-08-25T18:57:56.232Z,C,35,55,"Filters: Season 9.5, Competitive, Eternity+. Eternity+ is a seasonal rank-threshold population and is kept separate from the exact-rank benchmark and rolling Stats History. Percentages are displayed by RivalsTracker to two decimal places and converted to ratios without further precision. sample_matches repeats the source Matches field for each metric row. hero_rank is the displayed table order (win rate descending); tier_label is source-provided. Platform, region, and sample_players are not stated by the source and are left empty."
star-lord-s9-5-eternity-plus,star-lord,Star-lord,seasonalRankThreshold,9.5,competitive,eternity_plus,,,pickRate,0.0359,ratio,404,,rivalstracker,primary,https://rivalstracker.com/heroes/star-lord,2026-08-25T14:02:59.000Z,2026-08-25T18:57:56.232Z,C,35,55,"Filters: Season 9.5, Competitive, Eternity+. Eternity+ is a seasonal rank-threshold population and is kept separate from the exact-rank benchmark and rolling Stats History. Percentages are displayed by RivalsTracker to two decimal places and converted to ratios without further precision. sample_matches repeats the source Matches field for each metric row. hero_rank is the displayed table order (win rate descending); tier_label is source-provided. Platform, region, and sample_players are not stated by the source and are left empty."
star-lord-s9-5-eternity-plus,star-lord,Star-lord,seasonalRankThreshold,9.5,competitive,eternity_plus,,,banRate,0.0057,ratio,404,,rivalstracker,primary,https://rivalstracker.com/heroes/star-lord,2026-08-25T14:02:59.000Z,2026-08-25T18:57:56.232Z,C,35,55,"Filters: Season 9.5, Competitive, Eternity+. Eternity+ is a seasonal rank-threshold population and is kept separate from the exact-rank benchmark and rolling Stats History. Percentages are displayed by RivalsTracker to two decimal places and converted to ratios without further precision. sample_matches repeats the source Matches field for each metric row. hero_rank is the displayed table order (win rate descending); tier_label is source-provided. Platform, region, and sample_players are not stated by the source and are left empty."
invisible-woman-s9-5-eternity-plus,invisible-woman,Invisible Woman,seasonalRankThreshold,9.5,competitive,eternity_plus,,,winRate,0.4716,ratio,4262,,rivalstracker,primary,https://rivalstracker.com/heroes/invisible-woman,2026-08-25T14:02:59.000Z,2026-08-25T18:57:56.232Z,B,36,55,"Filters: Season 9.5, Competitive, Eternity+. Eternity+ is a seasonal rank-threshold population and is kept separate from the exact-rank benchmark and rolling Stats History. Percentages are displayed by RivalsTracker to two decimal places and converted to ratios without further precision. sample_matches repeats the source Matches field for each metric row. hero_rank is the displayed table order (win rate descending); tier_label is source-provided. Platform, region, and sample_players are not stated by the source and are left empty."
invisible-woman-s9-5-eternity-plus,invisible-woman,Invisible Woman,seasonalRankThreshold,9.5,competitive,eternity_plus,,,pickRate,0.3793,ratio,4262,,rivalstracker,primary,https://rivalstracker.com/heroes/invisible-woman,2026-08-25T14:02:59.000Z,2026-08-25T18:57:56.232Z,B,36,55,"Filters: Season 9.5, Competitive, Eternity+. Eternity+ is a seasonal rank-threshold population and is kept separate from the exact-rank benchmark and rolling Stats History. Percentages are displayed by RivalsTracker to two decimal places and converted to ratios without further precision. sample_matches repeats the source Matches field for each metric row. hero_rank is the displayed table order (win rate descending); tier_label is source-provided. Platform, region, and sample_players are not stated by the source and are left empty."
invisible-woman-s9-5-eternity-plus,invisible-woman,Invisible Woman,seasonalRankThreshold,9.5,competitive,eternity_plus,,,banRate,0.0051,ratio,4262,,rivalstracker,primary,https://rivalstracker.com/heroes/invisible-woman,2026-08-25T14:02:59.000Z,2026-08-25T18:57:56.232Z,B,36,55,"Filters: Season 9.5, Competitive, Eternity+. Eternity+ is a seasonal rank-threshold population and is kept separate from the exact-rank benchmark and rolling Stats History. Percentages are displayed by RivalsTracker to two decimal places and converted to ratios without further precision. sample_matches repeats the source Matches field for each metric row. hero_rank is the displayed table order (win rate descending); tier_label is source-provided. Platform, region, and sample_players are not stated by the source and are left empty."
emma-frost-s9-5-eternity-plus,emma-frost,Emma Frost,seasonalRankThreshold,9.5,competitive,eternity_plus,,,winRate,0.4680,ratio,2733,,rivalstracker,primary,https://rivalstracker.com/heroes/emma-frost,2026-08-25T14:02:59.000Z,2026-08-25T18:57:56.232Z,B,37,55,"Filters: Season 9.5, Competitive, Eternity+. Eternity+ is a seasonal rank-threshold population and is kept separate from the exact-rank benchmark and rolling Stats History. Percentages are displayed by RivalsTracker to two decimal places and converted to ratios without further precision. sample_matches repeats the source Matches field for each metric row. hero_rank is the displayed table order (win rate descending); tier_label is source-provided. Platform, region, and sample_players are not stated by the source and are left empty."
emma-frost-s9-5-eternity-plus,emma-frost,Emma Frost,seasonalRankThreshold,9.5,competitive,eternity_plus,,,pickRate,0.2432,ratio,2733,,rivalstracker,primary,https://rivalstracker.com/heroes/emma-frost,2026-08-25T14:02:59.000Z,2026-08-25T18:57:56.232Z,B,37,55,"Filters: Season 9.5, Competitive, Eternity+. Eternity+ is a seasonal rank-threshold population and is kept separate from the exact-rank benchmark and rolling Stats History. Percentages are displayed by RivalsTracker to two decimal places and converted to ratios without further precision. sample_matches repeats the source Matches field for each metric row. hero_rank is the displayed table order (win rate descending); tier_label is source-provided. Platform, region, and sample_players are not stated by the source and are left empty."
emma-frost-s9-5-eternity-plus,emma-frost,Emma Frost,seasonalRankThreshold,9.5,competitive,eternity_plus,,,banRate,0.0193,ratio,2733,,rivalstracker,primary,https://rivalstracker.com/heroes/emma-frost,2026-08-25T14:02:59.000Z,2026-08-25T18:57:56.232Z,B,37,55,"Filters: Season 9.5, Competitive, Eternity+. Eternity+ is a seasonal rank-threshold population and is kept separate from the exact-rank benchmark and rolling Stats History. Percentages are displayed by RivalsTracker to two decimal places and converted to ratios without further precision. sample_matches repeats the source Matches field for each metric row. hero_rank is the displayed table order (win rate descending); tier_label is source-provided. Platform, region, and sample_players are not stated by the source and are left empty."
doctor-strange-s9-5-eternity-plus,doctor-strange,Doctor Strange,seasonalRankThreshold,9.5,competitive,eternity_plus,,,winRate,0.4624,ratio,806,,rivalstracker,primary,https://rivalstracker.com/heroes/doctor-strange,2026-08-25T14:02:59.000Z,2026-08-25T18:57:56.232Z,C,38,55,"Filters: Season 9.5, Competitive, Eternity+. Eternity+ is a seasonal rank-threshold population and is kept separate from the exact-rank benchmark and rolling Stats History. Percentages are displayed by RivalsTracker to two decimal places and converted to ratios without further precision. sample_matches repeats the source Matches field for each metric row. hero_rank is the displayed table order (win rate descending); tier_label is source-provided. Platform, region, and sample_players are not stated by the source and are left empty."
doctor-strange-s9-5-eternity-plus,doctor-strange,Doctor Strange,seasonalRankThreshold,9.5,competitive,eternity_plus,,,pickRate,0.0717,ratio,806,,rivalstracker,primary,https://rivalstracker.com/heroes/doctor-strange,2026-08-25T14:02:59.000Z,2026-08-25T18:57:56.232Z,C,38,55,"Filters: Season 9.5, Competitive, Eternity+. Eternity+ is a seasonal rank-threshold population and is kept separate from the exact-rank benchmark and rolling Stats History. Percentages are displayed by RivalsTracker to two decimal places and converted to ratios without further precision. sample_matches repeats the source Matches field for each metric row. hero_rank is the displayed table order (win rate descending); tier_label is source-provided. Platform, region, and sample_players are not stated by the source and are left empty."
doctor-strange-s9-5-eternity-plus,doctor-strange,Doctor Strange,seasonalRankThreshold,9.5,competitive,eternity_plus,,,banRate,0.0002,ratio,806,,rivalstracker,primary,https://rivalstracker.com/heroes/doctor-strange,2026-08-25T14:02:59.000Z,2026-08-25T18:57:56.232Z,C,38,55,"Filters: Season 9.5, Competitive, Eternity+. Eternity+ is a seasonal rank-threshold population and is kept separate from the exact-rank benchmark and rolling Stats History. Percentages are displayed by RivalsTracker to two decimal places and converted to ratios without further precision. sample_matches repeats the source Matches field for each metric row. hero_rank is the displayed table order (win rate descending); tier_label is source-provided. Platform, region, and sample_players are not stated by the source and are left empty."
moon-knight-s9-5-eternity-plus,moon-knight,Moon Knight,seasonalRankThreshold,9.5,competitive,eternity_plus,,,winRate,0.4621,ratio,134,,rivalstracker,primary,https://rivalstracker.com/heroes/moon-knight,2026-08-25T14:02:59.000Z,2026-08-25T18:57:56.232Z,C,39,55,"Filters: Season 9.5, Competitive, Eternity+. Eternity+ is a seasonal rank-threshold population and is kept separate from the exact-rank benchmark and rolling Stats History. Percentages are displayed by RivalsTracker to two decimal places and converted to ratios without further precision. sample_matches repeats the source Matches field for each metric row. hero_rank is the displayed table order (win rate descending); tier_label is source-provided. Platform, region, and sample_players are not stated by the source and are left empty."
moon-knight-s9-5-eternity-plus,moon-knight,Moon Knight,seasonalRankThreshold,9.5,competitive,eternity_plus,,,pickRate,0.0119,ratio,134,,rivalstracker,primary,https://rivalstracker.com/heroes/moon-knight,2026-08-25T14:02:59.000Z,2026-08-25T18:57:56.232Z,C,39,55,"Filters: Season 9.5, Competitive, Eternity+. Eternity+ is a seasonal rank-threshold population and is kept separate from the exact-rank benchmark and rolling Stats History. Percentages are displayed by RivalsTracker to two decimal places and converted to ratios without further precision. sample_matches repeats the source Matches field for each metric row. hero_rank is the displayed table order (win rate descending); tier_label is source-provided. Platform, region, and sample_players are not stated by the source and are left empty."
moon-knight-s9-5-eternity-plus,moon-knight,Moon Knight,seasonalRankThreshold,9.5,competitive,eternity_plus,,,banRate,0.0026,ratio,134,,rivalstracker,primary,https://rivalstracker.com/heroes/moon-knight,2026-08-25T14:02:59.000Z,2026-08-25T18:57:56.232Z,C,39,55,"Filters: Season 9.5, Competitive, Eternity+. Eternity+ is a seasonal rank-threshold population and is kept separate from the exact-rank benchmark and rolling Stats History. Percentages are displayed by RivalsTracker to two decimal places and converted to ratios without further precision. sample_matches repeats the source Matches field for each metric row. hero_rank is the displayed table order (win rate descending); tier_label is source-provided. Platform, region, and sample_players are not stated by the source and are left empty."
winter-soldier-s9-5-eternity-plus,winter-soldier,Winter Soldier,seasonalRankThreshold,9.5,competitive,eternity_plus,,,winRate,0.4552,ratio,4193,,rivalstracker,primary,https://rivalstracker.com/heroes/winter-soldier,2026-08-25T14:02:59.000Z,2026-08-25T18:57:56.232Z,B,40,55,"Filters: Season 9.5, Competitive, Eternity+. Eternity+ is a seasonal rank-threshold population and is kept separate from the exact-rank benchmark and rolling Stats History. Percentages are displayed by RivalsTracker to two decimal places and converted to ratios without further precision. sample_matches repeats the source Matches field for each metric row. hero_rank is the displayed table order (win rate descending); tier_label is source-provided. Platform, region, and sample_players are not stated by the source and are left empty."
winter-soldier-s9-5-eternity-plus,winter-soldier,Winter Soldier,seasonalRankThreshold,9.5,competitive,eternity_plus,,,pickRate,0.3731,ratio,4193,,rivalstracker,primary,https://rivalstracker.com/heroes/winter-soldier,2026-08-25T14:02:59.000Z,2026-08-25T18:57:56.232Z,B,40,55,"Filters: Season 9.5, Competitive, Eternity+. Eternity+ is a seasonal rank-threshold population and is kept separate from the exact-rank benchmark and rolling Stats History. Percentages are displayed by RivalsTracker to two decimal places and converted to ratios without further precision. sample_matches repeats the source Matches field for each metric row. hero_rank is the displayed table order (win rate descending); tier_label is source-provided. Platform, region, and sample_players are not stated by the source and are left empty."
winter-soldier-s9-5-eternity-plus,winter-soldier,Winter Soldier,seasonalRankThreshold,9.5,competitive,eternity_plus,,,banRate,0.0512,ratio,4193,,rivalstracker,primary,https://rivalstracker.com/heroes/winter-soldier,2026-08-25T14:02:59.000Z,2026-08-25T18:57:56.232Z,B,40,55,"Filters: Season 9.5, Competitive, Eternity+. Eternity+ is a seasonal rank-threshold population and is kept separate from the exact-rank benchmark and rolling Stats History. Percentages are displayed by RivalsTracker to two decimal places and converted to ratios without further precision. sample_matches repeats the source Matches field for each metric row. hero_rank is the displayed table order (win rate descending); tier_label is source-provided. Platform, region, and sample_players are not stated by the source and are left empty."
phoenix-s9-5-eternity-plus,phoenix,Phoenix,seasonalRankThreshold,9.5,competitive,eternity_plus,,,winRate,0.4371,ratio,328,,rivalstracker,primary,https://rivalstracker.com/heroes/phoenix,2026-08-25T14:02:59.000Z,2026-08-25T18:57:56.232Z,C,41,55,"Filters: Season 9.5, Competitive, Eternity+. Eternity+ is a seasonal rank-threshold population and is kept separate from the exact-rank benchmark and rolling Stats History. Percentages are displayed by RivalsTracker to two decimal places and converted to ratios without further precision. sample_matches repeats the source Matches field for each metric row. hero_rank is the displayed table order (win rate descending); tier_label is source-provided. Platform, region, and sample_players are not stated by the source and are left empty."
phoenix-s9-5-eternity-plus,phoenix,Phoenix,seasonalRankThreshold,9.5,competitive,eternity_plus,,,pickRate,0.0292,ratio,328,,rivalstracker,primary,https://rivalstracker.com/heroes/phoenix,2026-08-25T14:02:59.000Z,2026-08-25T18:57:56.232Z,C,41,55,"Filters: Season 9.5, Competitive, Eternity+. Eternity+ is a seasonal rank-threshold population and is kept separate from the exact-rank benchmark and rolling Stats History. Percentages are displayed by RivalsTracker to two decimal places and converted to ratios without further precision. sample_matches repeats the source Matches field for each metric row. hero_rank is the displayed table order (win rate descending); tier_label is source-provided. Platform, region, and sample_players are not stated by the source and are left empty."
phoenix-s9-5-eternity-plus,phoenix,Phoenix,seasonalRankThreshold,9.5,competitive,eternity_plus,,,banRate,0.0015,ratio,328,,rivalstracker,primary,https://rivalstracker.com/heroes/phoenix,2026-08-25T14:02:59.000Z,2026-08-25T18:57:56.232Z,C,41,55,"Filters: Season 9.5, Competitive, Eternity+. Eternity+ is a seasonal rank-threshold population and is kept separate from the exact-rank benchmark and rolling Stats History. Percentages are displayed by RivalsTracker to two decimal places and converted to ratios without further precision. sample_matches repeats the source Matches field for each metric row. hero_rank is the displayed table order (win rate descending); tier_label is source-provided. Platform, region, and sample_players are not stated by the source and are left empty."
luna-snow-s9-5-eternity-plus,luna-snow,Luna Snow,seasonalRankThreshold,9.5,competitive,eternity_plus,,,winRate,0.4326,ratio,2299,,rivalstracker,primary,https://rivalstracker.com/heroes/luna-snow,2026-08-25T14:02:59.000Z,2026-08-25T18:57:56.232Z,C,42,55,"Filters: Season 9.5, Competitive, Eternity+. Eternity+ is a seasonal rank-threshold population and is kept separate from the exact-rank benchmark and rolling Stats History. Percentages are displayed by RivalsTracker to two decimal places and converted to ratios without further precision. sample_matches repeats the source Matches field for each metric row. hero_rank is the displayed table order (win rate descending); tier_label is source-provided. Platform, region, and sample_players are not stated by the source and are left empty."
luna-snow-s9-5-eternity-plus,luna-snow,Luna Snow,seasonalRankThreshold,9.5,competitive,eternity_plus,,,pickRate,0.2046,ratio,2299,,rivalstracker,primary,https://rivalstracker.com/heroes/luna-snow,2026-08-25T14:02:59.000Z,2026-08-25T18:57:56.232Z,C,42,55,"Filters: Season 9.5, Competitive, Eternity+. Eternity+ is a seasonal rank-threshold population and is kept separate from the exact-rank benchmark and rolling Stats History. Percentages are displayed by RivalsTracker to two decimal places and converted to ratios without further precision. sample_matches repeats the source Matches field for each metric row. hero_rank is the displayed table order (win rate descending); tier_label is source-provided. Platform, region, and sample_players are not stated by the source and are left empty."
luna-snow-s9-5-eternity-plus,luna-snow,Luna Snow,seasonalRankThreshold,9.5,competitive,eternity_plus,,,banRate,0.0015,ratio,2299,,rivalstracker,primary,https://rivalstracker.com/heroes/luna-snow,2026-08-25T14:02:59.000Z,2026-08-25T18:57:56.232Z,C,42,55,"Filters: Season 9.5, Competitive, Eternity+. Eternity+ is a seasonal rank-threshold population and is kept separate from the exact-rank benchmark and rolling Stats History. Percentages are displayed by RivalsTracker to two decimal places and converted to ratios without further precision. sample_matches repeats the source Matches field for each metric row. hero_rank is the displayed table order (win rate descending); tier_label is source-provided. Platform, region, and sample_players are not stated by the source and are left empty."
deadpool-duelist-s9-5-eternity-plus,deadpool-duelist,Deadpool (Duelist),seasonalRankThreshold,9.5,competitive,eternity_plus,,,winRate,0.4235,ratio,267,,rivalstracker,primary,https://rivalstracker.com/heroes/deadpool-duelist,2026-08-25T14:02:59.000Z,2026-08-25T18:57:56.232Z,C,43,55,"Filters: Season 9.5, Competitive, Eternity+. Eternity+ is a seasonal rank-threshold population and is kept separate from the exact-rank benchmark and rolling Stats History. Percentages are displayed by RivalsTracker to two decimal places and converted to ratios without further precision. sample_matches repeats the source Matches field for each metric row. hero_rank is the displayed table order (win rate descending); tier_label is source-provided. Platform, region, and sample_players are not stated by the source and are left empty."
deadpool-duelist-s9-5-eternity-plus,deadpool-duelist,Deadpool (Duelist),seasonalRankThreshold,9.5,competitive,eternity_plus,,,pickRate,0.0238,ratio,267,,rivalstracker,primary,https://rivalstracker.com/heroes/deadpool-duelist,2026-08-25T14:02:59.000Z,2026-08-25T18:57:56.232Z,C,43,55,"Filters: Season 9.5, Competitive, Eternity+. Eternity+ is a seasonal rank-threshold population and is kept separate from the exact-rank benchmark and rolling Stats History. Percentages are displayed by RivalsTracker to two decimal places and converted to ratios without further precision. sample_matches repeats the source Matches field for each metric row. hero_rank is the displayed table order (win rate descending); tier_label is source-provided. Platform, region, and sample_players are not stated by the source and are left empty."
deadpool-duelist-s9-5-eternity-plus,deadpool-duelist,Deadpool (Duelist),seasonalRankThreshold,9.5,competitive,eternity_plus,,,banRate,0.0195,ratio,267,,rivalstracker,primary,https://rivalstracker.com/heroes/deadpool-duelist,2026-08-25T14:02:59.000Z,2026-08-25T18:57:56.232Z,C,43,55,"Filters: Season 9.5, Competitive, Eternity+. Eternity+ is a seasonal rank-threshold population and is kept separate from the exact-rank benchmark and rolling Stats History. Percentages are displayed by RivalsTracker to two decimal places and converted to ratios without further precision. sample_matches repeats the source Matches field for each metric row. hero_rank is the displayed table order (win rate descending); tier_label is source-provided. Platform, region, and sample_players are not stated by the source and are left empty."
black-panther-s9-5-eternity-plus,black-panther,Black Panther,seasonalRankThreshold,9.5,competitive,eternity_plus,,,winRate,0.4229,ratio,263,,rivalstracker,primary,https://rivalstracker.com/heroes/black-panther,2026-08-25T14:02:59.000Z,2026-08-25T18:57:56.232Z,D,44,55,"Filters: Season 9.5, Competitive, Eternity+. Eternity+ is a seasonal rank-threshold population and is kept separate from the exact-rank benchmark and rolling Stats History. Percentages are displayed by RivalsTracker to two decimal places and converted to ratios without further precision. sample_matches repeats the source Matches field for each metric row. hero_rank is the displayed table order (win rate descending); tier_label is source-provided. Platform, region, and sample_players are not stated by the source and are left empty."
black-panther-s9-5-eternity-plus,black-panther,Black Panther,seasonalRankThreshold,9.5,competitive,eternity_plus,,,pickRate,0.0234,ratio,263,,rivalstracker,primary,https://rivalstracker.com/heroes/black-panther,2026-08-25T14:02:59.000Z,2026-08-25T18:57:56.232Z,D,44,55,"Filters: Season 9.5, Competitive, Eternity+. Eternity+ is a seasonal rank-threshold population and is kept separate from the exact-rank benchmark and rolling Stats History. Percentages are displayed by RivalsTracker to two decimal places and converted to ratios without further precision. sample_matches repeats the source Matches field for each metric row. hero_rank is the displayed table order (win rate descending); tier_label is source-provided. Platform, region, and sample_players are not stated by the source and are left empty."
black-panther-s9-5-eternity-plus,black-panther,Black Panther,seasonalRankThreshold,9.5,competitive,eternity_plus,,,banRate,0.0095,ratio,263,,rivalstracker,primary,https://rivalstracker.com/heroes/black-panther,2026-08-25T14:02:59.000Z,2026-08-25T18:57:56.232Z,D,44,55,"Filters: Season 9.5, Competitive, Eternity+. Eternity+ is a seasonal rank-threshold population and is kept separate from the exact-rank benchmark and rolling Stats History. Percentages are displayed by RivalsTracker to two decimal places and converted to ratios without further precision. sample_matches repeats the source Matches field for each metric row. hero_rank is the displayed table order (win rate descending); tier_label is source-provided. Platform, region, and sample_players are not stated by the source and are left empty."
cloak-and-dagger-s9-5-eternity-plus,cloak-and-dagger,Cloak & Dagger,seasonalRankThreshold,9.5,competitive,eternity_plus,,,winRate,0.4201,ratio,3420,,rivalstracker,primary,https://rivalstracker.com/heroes/cloak-&-dagger,2026-08-25T14:02:59.000Z,2026-08-25T18:57:56.232Z,C,45,55,"Filters: Season 9.5, Competitive, Eternity+. Eternity+ is a seasonal rank-threshold population and is kept separate from the exact-rank benchmark and rolling Stats History. Percentages are displayed by RivalsTracker to two decimal places and converted to ratios without further precision. sample_matches repeats the source Matches field for each metric row. hero_rank is the displayed table order (win rate descending); tier_label is source-provided. Platform, region, and sample_players are not stated by the source and are left empty."
cloak-and-dagger-s9-5-eternity-plus,cloak-and-dagger,Cloak & Dagger,seasonalRankThreshold,9.5,competitive,eternity_plus,,,pickRate,0.3043,ratio,3420,,rivalstracker,primary,https://rivalstracker.com/heroes/cloak-&-dagger,2026-08-25T14:02:59.000Z,2026-08-25T18:57:56.232Z,C,45,55,"Filters: Season 9.5, Competitive, Eternity+. Eternity+ is a seasonal rank-threshold population and is kept separate from the exact-rank benchmark and rolling Stats History. Percentages are displayed by RivalsTracker to two decimal places and converted to ratios without further precision. sample_matches repeats the source Matches field for each metric row. hero_rank is the displayed table order (win rate descending); tier_label is source-provided. Platform, region, and sample_players are not stated by the source and are left empty."
cloak-and-dagger-s9-5-eternity-plus,cloak-and-dagger,Cloak & Dagger,seasonalRankThreshold,9.5,competitive,eternity_plus,,,banRate,0.0678,ratio,3420,,rivalstracker,primary,https://rivalstracker.com/heroes/cloak-&-dagger,2026-08-25T14:02:59.000Z,2026-08-25T18:57:56.232Z,C,45,55,"Filters: Season 9.5, Competitive, Eternity+. Eternity+ is a seasonal rank-threshold population and is kept separate from the exact-rank benchmark and rolling Stats History. Percentages are displayed by RivalsTracker to two decimal places and converted to ratios without further precision. sample_matches repeats the source Matches field for each metric row. hero_rank is the displayed table order (win rate descending); tier_label is source-provided. Platform, region, and sample_players are not stated by the source and are left empty."
mister-fantastic-s9-5-eternity-plus,mister-fantastic,Mister Fantastic,seasonalRankThreshold,9.5,competitive,eternity_plus,,,winRate,0.4065,ratio,123,,rivalstracker,primary,https://rivalstracker.com/heroes/mister-fantastic,2026-08-25T14:02:59.000Z,2026-08-25T18:57:56.232Z,D,46,55,"Filters: Season 9.5, Competitive, Eternity+. Eternity+ is a seasonal rank-threshold population and is kept separate from the exact-rank benchmark and rolling Stats History. Percentages are displayed by RivalsTracker to two decimal places and converted to ratios without further precision. sample_matches repeats the source Matches field for each metric row. hero_rank is the displayed table order (win rate descending); tier_label is source-provided. Platform, region, and sample_players are not stated by the source and are left empty."
mister-fantastic-s9-5-eternity-plus,mister-fantastic,Mister Fantastic,seasonalRankThreshold,9.5,competitive,eternity_plus,,,pickRate,0.0109,ratio,123,,rivalstracker,primary,https://rivalstracker.com/heroes/mister-fantastic,2026-08-25T14:02:59.000Z,2026-08-25T18:57:56.232Z,D,46,55,"Filters: Season 9.5, Competitive, Eternity+. Eternity+ is a seasonal rank-threshold population and is kept separate from the exact-rank benchmark and rolling Stats History. Percentages are displayed by RivalsTracker to two decimal places and converted to ratios without further precision. sample_matches repeats the source Matches field for each metric row. hero_rank is the displayed table order (win rate descending); tier_label is source-provided. Platform, region, and sample_players are not stated by the source and are left empty."
mister-fantastic-s9-5-eternity-plus,mister-fantastic,Mister Fantastic,seasonalRankThreshold,9.5,competitive,eternity_plus,,,banRate,0.0017,ratio,123,,rivalstracker,primary,https://rivalstracker.com/heroes/mister-fantastic,2026-08-25T14:02:59.000Z,2026-08-25T18:57:56.232Z,D,46,55,"Filters: Season 9.5, Competitive, Eternity+. Eternity+ is a seasonal rank-threshold population and is kept separate from the exact-rank benchmark and rolling Stats History. Percentages are displayed by RivalsTracker to two decimal places and converted to ratios without further precision. sample_matches repeats the source Matches field for each metric row. hero_rank is the displayed table order (win rate descending); tier_label is source-provided. Platform, region, and sample_players are not stated by the source and are left empty."
cyclops-s9-5-eternity-plus,cyclops,Cyclops,seasonalRankThreshold,9.5,competitive,eternity_plus,,,winRate,0.3931,ratio,619,,rivalstracker,primary,https://rivalstracker.com/heroes/cyclops,2026-08-25T14:02:59.000Z,2026-08-25T18:57:56.232Z,D,47,55,"Filters: Season 9.5, Competitive, Eternity+. Eternity+ is a seasonal rank-threshold population and is kept separate from the exact-rank benchmark and rolling Stats History. Percentages are displayed by RivalsTracker to two decimal places and converted to ratios without further precision. sample_matches repeats the source Matches field for each metric row. hero_rank is the displayed table order (win rate descending); tier_label is source-provided. Platform, region, and sample_players are not stated by the source and are left empty."
cyclops-s9-5-eternity-plus,cyclops,Cyclops,seasonalRankThreshold,9.5,competitive,eternity_plus,,,pickRate,0.0551,ratio,619,,rivalstracker,primary,https://rivalstracker.com/heroes/cyclops,2026-08-25T14:02:59.000Z,2026-08-25T18:57:56.232Z,D,47,55,"Filters: Season 9.5, Competitive, Eternity+. Eternity+ is a seasonal rank-threshold population and is kept separate from the exact-rank benchmark and rolling Stats History. Percentages are displayed by RivalsTracker to two decimal places and converted to ratios without further precision. sample_matches repeats the source Matches field for each metric row. hero_rank is the displayed table order (win rate descending); tier_label is source-provided. Platform, region, and sample_players are not stated by the source and are left empty."
cyclops-s9-5-eternity-plus,cyclops,Cyclops,seasonalRankThreshold,9.5,competitive,eternity_plus,,,banRate,0.0022,ratio,619,,rivalstracker,primary,https://rivalstracker.com/heroes/cyclops,2026-08-25T14:02:59.000Z,2026-08-25T18:57:56.232Z,D,47,55,"Filters: Season 9.5, Competitive, Eternity+. Eternity+ is a seasonal rank-threshold population and is kept separate from the exact-rank benchmark and rolling Stats History. Percentages are displayed by RivalsTracker to two decimal places and converted to ratios without further precision. sample_matches repeats the source Matches field for each metric row. hero_rank is the displayed table order (win rate descending); tier_label is source-provided. Platform, region, and sample_players are not stated by the source and are left empty."
white-fox-s9-5-eternity-plus,white-fox,White Fox,seasonalRankThreshold,9.5,competitive,eternity_plus,,,winRate,0.3898,ratio,288,,rivalstracker,primary,https://rivalstracker.com/heroes/white-fox,2026-08-25T14:02:59.000Z,2026-08-25T18:57:56.232Z,D,48,55,"Filters: Season 9.5, Competitive, Eternity+. Eternity+ is a seasonal rank-threshold population and is kept separate from the exact-rank benchmark and rolling Stats History. Percentages are displayed by RivalsTracker to two decimal places and converted to ratios without further precision. sample_matches repeats the source Matches field for each metric row. hero_rank is the displayed table order (win rate descending); tier_label is source-provided. Platform, region, and sample_players are not stated by the source and are left empty."
white-fox-s9-5-eternity-plus,white-fox,White Fox,seasonalRankThreshold,9.5,competitive,eternity_plus,,,pickRate,0.0256,ratio,288,,rivalstracker,primary,https://rivalstracker.com/heroes/white-fox,2026-08-25T14:02:59.000Z,2026-08-25T18:57:56.232Z,D,48,55,"Filters: Season 9.5, Competitive, Eternity+. Eternity+ is a seasonal rank-threshold population and is kept separate from the exact-rank benchmark and rolling Stats History. Percentages are displayed by RivalsTracker to two decimal places and converted to ratios without further precision. sample_matches repeats the source Matches field for each metric row. hero_rank is the displayed table order (win rate descending); tier_label is source-provided. Platform, region, and sample_players are not stated by the source and are left empty."
white-fox-s9-5-eternity-plus,white-fox,White Fox,seasonalRankThreshold,9.5,competitive,eternity_plus,,,banRate,0.0000,ratio,288,,rivalstracker,primary,https://rivalstracker.com/heroes/white-fox,2026-08-25T14:02:59.000Z,2026-08-25T18:57:56.232Z,D,48,55,"Filters: Season 9.5, Competitive, Eternity+. Eternity+ is a seasonal rank-threshold population and is kept separate from the exact-rank benchmark and rolling Stats History. Percentages are displayed by RivalsTracker to two decimal places and converted to ratios without further precision. sample_matches repeats the source Matches field for each metric row. hero_rank is the displayed table order (win rate descending); tier_label is source-provided. Platform, region, and sample_players are not stated by the source and are left empty."
namor-s9-5-eternity-plus,namor,Namor,seasonalRankThreshold,9.5,competitive,eternity_plus,,,winRate,0.3826,ratio,491,,rivalstracker,primary,https://rivalstracker.com/heroes/namor,2026-08-25T14:02:59.000Z,2026-08-25T18:57:56.232Z,D,49,55,"Filters: Season 9.5, Competitive, Eternity+. Eternity+ is a seasonal rank-threshold population and is kept separate from the exact-rank benchmark and rolling Stats History. Percentages are displayed by RivalsTracker to two decimal places and converted to ratios without further precision. sample_matches repeats the source Matches field for each metric row. hero_rank is the displayed table order (win rate descending); tier_label is source-provided. Platform, region, and sample_players are not stated by the source and are left empty."
namor-s9-5-eternity-plus,namor,Namor,seasonalRankThreshold,9.5,competitive,eternity_plus,,,pickRate,0.0437,ratio,491,,rivalstracker,primary,https://rivalstracker.com/heroes/namor,2026-08-25T14:02:59.000Z,2026-08-25T18:57:56.232Z,D,49,55,"Filters: Season 9.5, Competitive, Eternity+. Eternity+ is a seasonal rank-threshold population and is kept separate from the exact-rank benchmark and rolling Stats History. Percentages are displayed by RivalsTracker to two decimal places and converted to ratios without further precision. sample_matches repeats the source Matches field for each metric row. hero_rank is the displayed table order (win rate descending); tier_label is source-provided. Platform, region, and sample_players are not stated by the source and are left empty."
namor-s9-5-eternity-plus,namor,Namor,seasonalRankThreshold,9.5,competitive,eternity_plus,,,banRate,0.0108,ratio,491,,rivalstracker,primary,https://rivalstracker.com/heroes/namor,2026-08-25T14:02:59.000Z,2026-08-25T18:57:56.232Z,D,49,55,"Filters: Season 9.5, Competitive, Eternity+. Eternity+ is a seasonal rank-threshold population and is kept separate from the exact-rank benchmark and rolling Stats History. Percentages are displayed by RivalsTracker to two decimal places and converted to ratios without further precision. sample_matches repeats the source Matches field for each metric row. hero_rank is the displayed table order (win rate descending); tier_label is source-provided. Platform, region, and sample_players are not stated by the source and are left empty."
jeff-the-land-shark-s9-5-eternity-plus,jeff-the-land-shark,Jeff The Land Shark,seasonalRankThreshold,9.5,competitive,eternity_plus,,,winRate,0.3690,ratio,293,,rivalstracker,primary,https://rivalstracker.com/heroes/jeff-the-land-shark,2026-08-25T14:02:59.000Z,2026-08-25T18:57:56.232Z,D,50,55,"Filters: Season 9.5, Competitive, Eternity+. Eternity+ is a seasonal rank-threshold population and is kept separate from the exact-rank benchmark and rolling Stats History. Percentages are displayed by RivalsTracker to two decimal places and converted to ratios without further precision. sample_matches repeats the source Matches field for each metric row. hero_rank is the displayed table order (win rate descending); tier_label is source-provided. Platform, region, and sample_players are not stated by the source and are left empty."
jeff-the-land-shark-s9-5-eternity-plus,jeff-the-land-shark,Jeff The Land Shark,seasonalRankThreshold,9.5,competitive,eternity_plus,,,pickRate,0.0261,ratio,293,,rivalstracker,primary,https://rivalstracker.com/heroes/jeff-the-land-shark,2026-08-25T14:02:59.000Z,2026-08-25T18:57:56.232Z,D,50,55,"Filters: Season 9.5, Competitive, Eternity+. Eternity+ is a seasonal rank-threshold population and is kept separate from the exact-rank benchmark and rolling Stats History. Percentages are displayed by RivalsTracker to two decimal places and converted to ratios without further precision. sample_matches repeats the source Matches field for each metric row. hero_rank is the displayed table order (win rate descending); tier_label is source-provided. Platform, region, and sample_players are not stated by the source and are left empty."
jeff-the-land-shark-s9-5-eternity-plus,jeff-the-land-shark,Jeff The Land Shark,seasonalRankThreshold,9.5,competitive,eternity_plus,,,banRate,0.0034,ratio,293,,rivalstracker,primary,https://rivalstracker.com/heroes/jeff-the-land-shark,2026-08-25T14:02:59.000Z,2026-08-25T18:57:56.232Z,D,50,55,"Filters: Season 9.5, Competitive, Eternity+. Eternity+ is a seasonal rank-threshold population and is kept separate from the exact-rank benchmark and rolling Stats History. Percentages are displayed by RivalsTracker to two decimal places and converted to ratios without further precision. sample_matches repeats the source Matches field for each metric row. hero_rank is the displayed table order (win rate descending); tier_label is source-provided. Platform, region, and sample_players are not stated by the source and are left empty."
hawkeye-s9-5-eternity-plus,hawkeye,Hawkeye,seasonalRankThreshold,9.5,competitive,eternity_plus,,,winRate,0.3625,ratio,84,,rivalstracker,primary,https://rivalstracker.com/heroes/hawkeye,2026-08-25T14:02:59.000Z,2026-08-25T18:57:56.232Z,Unrated,51,55,"Filters: Season 9.5, Competitive, Eternity+. Eternity+ is a seasonal rank-threshold population and is kept separate from the exact-rank benchmark and rolling Stats History. Percentages are displayed by RivalsTracker to two decimal places and converted to ratios without further precision. sample_matches repeats the source Matches field for each metric row. hero_rank is the displayed table order (win rate descending); tier_label is source-provided. Platform, region, and sample_players are not stated by the source and are left empty."
hawkeye-s9-5-eternity-plus,hawkeye,Hawkeye,seasonalRankThreshold,9.5,competitive,eternity_plus,,,pickRate,0.0075,ratio,84,,rivalstracker,primary,https://rivalstracker.com/heroes/hawkeye,2026-08-25T14:02:59.000Z,2026-08-25T18:57:56.232Z,Unrated,51,55,"Filters: Season 9.5, Competitive, Eternity+. Eternity+ is a seasonal rank-threshold population and is kept separate from the exact-rank benchmark and rolling Stats History. Percentages are displayed by RivalsTracker to two decimal places and converted to ratios without further precision. sample_matches repeats the source Matches field for each metric row. hero_rank is the displayed table order (win rate descending); tier_label is source-provided. Platform, region, and sample_players are not stated by the source and are left empty."
hawkeye-s9-5-eternity-plus,hawkeye,Hawkeye,seasonalRankThreshold,9.5,competitive,eternity_plus,,,banRate,0.0006,ratio,84,,rivalstracker,primary,https://rivalstracker.com/heroes/hawkeye,2026-08-25T14:02:59.000Z,2026-08-25T18:57:56.232Z,Unrated,51,55,"Filters: Season 9.5, Competitive, Eternity+. Eternity+ is a seasonal rank-threshold population and is kept separate from the exact-rank benchmark and rolling Stats History. Percentages are displayed by RivalsTracker to two decimal places and converted to ratios without further precision. sample_matches repeats the source Matches field for each metric row. hero_rank is the displayed table order (win rate descending); tier_label is source-provided. Platform, region, and sample_players are not stated by the source and are left empty."
iron-man-s9-5-eternity-plus,iron-man,Iron Man,seasonalRankThreshold,9.5,competitive,eternity_plus,,,winRate,0.3596,ratio,99,,rivalstracker,primary,https://rivalstracker.com/heroes/iron-man,2026-08-25T14:02:59.000Z,2026-08-25T18:57:56.232Z,Unrated,52,55,"Filters: Season 9.5, Competitive, Eternity+. Eternity+ is a seasonal rank-threshold population and is kept separate from the exact-rank benchmark and rolling Stats History. Percentages are displayed by RivalsTracker to two decimal places and converted to ratios without further precision. sample_matches repeats the source Matches field for each metric row. hero_rank is the displayed table order (win rate descending); tier_label is source-provided. Platform, region, and sample_players are not stated by the source and are left empty."
iron-man-s9-5-eternity-plus,iron-man,Iron Man,seasonalRankThreshold,9.5,competitive,eternity_plus,,,pickRate,0.0088,ratio,99,,rivalstracker,primary,https://rivalstracker.com/heroes/iron-man,2026-08-25T14:02:59.000Z,2026-08-25T18:57:56.232Z,Unrated,52,55,"Filters: Season 9.5, Competitive, Eternity+. Eternity+ is a seasonal rank-threshold population and is kept separate from the exact-rank benchmark and rolling Stats History. Percentages are displayed by RivalsTracker to two decimal places and converted to ratios without further precision. sample_matches repeats the source Matches field for each metric row. hero_rank is the displayed table order (win rate descending); tier_label is source-provided. Platform, region, and sample_players are not stated by the source and are left empty."
iron-man-s9-5-eternity-plus,iron-man,Iron Man,seasonalRankThreshold,9.5,competitive,eternity_plus,,,banRate,0.0005,ratio,99,,rivalstracker,primary,https://rivalstracker.com/heroes/iron-man,2026-08-25T14:02:59.000Z,2026-08-25T18:57:56.232Z,Unrated,52,55,"Filters: Season 9.5, Competitive, Eternity+. Eternity+ is a seasonal rank-threshold population and is kept separate from the exact-rank benchmark and rolling Stats History. Percentages are displayed by RivalsTracker to two decimal places and converted to ratios without further precision. sample_matches repeats the source Matches field for each metric row. hero_rank is the displayed table order (win rate descending); tier_label is source-provided. Platform, region, and sample_players are not stated by the source and are left empty."
deadpool-strategist-s9-5-eternity-plus,deadpool-strategist,Deadpool (Strategist),seasonalRankThreshold,9.5,competitive,eternity_plus,,,winRate,0.3452,ratio,172,,rivalstracker,primary,https://rivalstracker.com/heroes/deadpool-strategist,2026-08-25T14:02:59.000Z,2026-08-25T18:57:56.232Z,D,53,55,"Filters: Season 9.5, Competitive, Eternity+. Eternity+ is a seasonal rank-threshold population and is kept separate from the exact-rank benchmark and rolling Stats History. Percentages are displayed by RivalsTracker to two decimal places and converted to ratios without further precision. sample_matches repeats the source Matches field for each metric row. hero_rank is the displayed table order (win rate descending); tier_label is source-provided. Platform, region, and sample_players are not stated by the source and are left empty."
deadpool-strategist-s9-5-eternity-plus,deadpool-strategist,Deadpool (Strategist),seasonalRankThreshold,9.5,competitive,eternity_plus,,,pickRate,0.0153,ratio,172,,rivalstracker,primary,https://rivalstracker.com/heroes/deadpool-strategist,2026-08-25T14:02:59.000Z,2026-08-25T18:57:56.232Z,D,53,55,"Filters: Season 9.5, Competitive, Eternity+. Eternity+ is a seasonal rank-threshold population and is kept separate from the exact-rank benchmark and rolling Stats History. Percentages are displayed by RivalsTracker to two decimal places and converted to ratios without further precision. sample_matches repeats the source Matches field for each metric row. hero_rank is the displayed table order (win rate descending); tier_label is source-provided. Platform, region, and sample_players are not stated by the source and are left empty."
deadpool-strategist-s9-5-eternity-plus,deadpool-strategist,Deadpool (Strategist),seasonalRankThreshold,9.5,competitive,eternity_plus,,,banRate,0.0004,ratio,172,,rivalstracker,primary,https://rivalstracker.com/heroes/deadpool-strategist,2026-08-25T14:02:59.000Z,2026-08-25T18:57:56.232Z,D,53,55,"Filters: Season 9.5, Competitive, Eternity+. Eternity+ is a seasonal rank-threshold population and is kept separate from the exact-rank benchmark and rolling Stats History. Percentages are displayed by RivalsTracker to two decimal places and converted to ratios without further precision. sample_matches repeats the source Matches field for each metric row. hero_rank is the displayed table order (win rate descending); tier_label is source-provided. Platform, region, and sample_players are not stated by the source and are left empty."
scarlet-witch-s9-5-eternity-plus,scarlet-witch,Scarlet Witch,seasonalRankThreshold,9.5,competitive,eternity_plus,,,winRate,0.3333,ratio,48,,rivalstracker,primary,https://rivalstracker.com/heroes/scarlet-witch,2026-08-25T14:02:59.000Z,2026-08-25T18:57:56.232Z,Unrated,54,55,"Filters: Season 9.5, Competitive, Eternity+. Eternity+ is a seasonal rank-threshold population and is kept separate from the exact-rank benchmark and rolling Stats History. Percentages are displayed by RivalsTracker to two decimal places and converted to ratios without further precision. sample_matches repeats the source Matches field for each metric row. hero_rank is the displayed table order (win rate descending); tier_label is source-provided. Platform, region, and sample_players are not stated by the source and are left empty."
scarlet-witch-s9-5-eternity-plus,scarlet-witch,Scarlet Witch,seasonalRankThreshold,9.5,competitive,eternity_plus,,,pickRate,0.0043,ratio,48,,rivalstracker,primary,https://rivalstracker.com/heroes/scarlet-witch,2026-08-25T14:02:59.000Z,2026-08-25T18:57:56.232Z,Unrated,54,55,"Filters: Season 9.5, Competitive, Eternity+. Eternity+ is a seasonal rank-threshold population and is kept separate from the exact-rank benchmark and rolling Stats History. Percentages are displayed by RivalsTracker to two decimal places and converted to ratios without further precision. sample_matches repeats the source Matches field for each metric row. hero_rank is the displayed table order (win rate descending); tier_label is source-provided. Platform, region, and sample_players are not stated by the source and are left empty."
scarlet-witch-s9-5-eternity-plus,scarlet-witch,Scarlet Witch,seasonalRankThreshold,9.5,competitive,eternity_plus,,,banRate,0.0004,ratio,48,,rivalstracker,primary,https://rivalstracker.com/heroes/scarlet-witch,2026-08-25T14:02:59.000Z,2026-08-25T18:57:56.232Z,Unrated,54,55,"Filters: Season 9.5, Competitive, Eternity+. Eternity+ is a seasonal rank-threshold population and is kept separate from the exact-rank benchmark and rolling Stats History. Percentages are displayed by RivalsTracker to two decimal places and converted to ratios without further precision. sample_matches repeats the source Matches field for each metric row. hero_rank is the displayed table order (win rate descending); tier_label is source-provided. Platform, region, and sample_players are not stated by the source and are left empty."
squirrel-girl-s9-5-eternity-plus,squirrel-girl,Squirrel Girl,seasonalRankThreshold,9.5,competitive,eternity_plus,,,winRate,0.1395,ratio,45,,rivalstracker,primary,https://rivalstracker.com/heroes/squirrel-girl,2026-08-25T14:02:59.000Z,2026-08-25T18:57:56.232Z,Unrated,55,55,"Filters: Season 9.5, Competitive, Eternity+. Eternity+ is a seasonal rank-threshold population and is kept separate from the exact-rank benchmark and rolling Stats History. Percentages are displayed by RivalsTracker to two decimal places and converted to ratios without further precision. sample_matches repeats the source Matches field for each metric row. hero_rank is the displayed table order (win rate descending); tier_label is source-provided. Platform, region, and sample_players are not stated by the source and are left empty."
squirrel-girl-s9-5-eternity-plus,squirrel-girl,Squirrel Girl,seasonalRankThreshold,9.5,competitive,eternity_plus,,,pickRate,0.0040,ratio,45,,rivalstracker,primary,https://rivalstracker.com/heroes/squirrel-girl,2026-08-25T14:02:59.000Z,2026-08-25T18:57:56.232Z,Unrated,55,55,"Filters: Season 9.5, Competitive, Eternity+. Eternity+ is a seasonal rank-threshold population and is kept separate from the exact-rank benchmark and rolling Stats History. Percentages are displayed by RivalsTracker to two decimal places and converted to ratios without further precision. sample_matches repeats the source Matches field for each metric row. hero_rank is the displayed table order (win rate descending); tier_label is source-provided. Platform, region, and sample_players are not stated by the source and are left empty."
squirrel-girl-s9-5-eternity-plus,squirrel-girl,Squirrel Girl,seasonalRankThreshold,9.5,competitive,eternity_plus,,,banRate,0.0004,ratio,45,,rivalstracker,primary,https://rivalstracker.com/heroes/squirrel-girl,2026-08-25T14:02:59.000Z,2026-08-25T18:57:56.232Z,Unrated,55,55,"Filters: Season 9.5, Competitive, Eternity+. Eternity+ is a seasonal rank-threshold population and is kept separate from the exact-rank benchmark and rolling Stats History. Percentages are displayed by RivalsTracker to two decimal places and converted to ratios without further precision. sample_matches repeats the source Matches field for each metric row. hero_rank is the displayed table order (win rate descending); tier_label is source-provided. Platform, region, and sample_players are not stated by the source and are left empty."
