benchmark_group_id,hero_id,hero_name,context_type,season,game_mode,rank_tier,platform,region,metric_name,average,unit,sample_matches,sample_players,source_id,source_role,source_url,source_updated_at,collected_at,tier_label,hero_rank,hero_pool_size,methodology_notes
peni-parker-s9-5-diamond-plus,peni-parker,Peni Parker,seasonalRankThreshold,9.5,competitive,diamond_plus,,,winRate,0.6392,ratio,24757,,rivalstracker,primary,https://rivalstracker.com/heroes/peni-parker,2026-08-25T14:02:59.000Z,2026-08-25T18:57:56.232Z,S,1,55,"Filters: Season 9.5, Competitive, Diamond+. Diamond+ is a seasonal rank-threshold population and is kept separate from the exact-rank benchmark and rolling Stats History. Percentages are displayed by RivalsTracker to two decimal places and converted to ratios without further precision. sample_matches repeats the source Matches field for each metric row. hero_rank is the displayed table order (win rate descending); tier_label is source-provided. Platform, region, and sample_players are not stated by the source and are left empty."
peni-parker-s9-5-diamond-plus,peni-parker,Peni Parker,seasonalRankThreshold,9.5,competitive,diamond_plus,,,pickRate,0.0292,ratio,24757,,rivalstracker,primary,https://rivalstracker.com/heroes/peni-parker,2026-08-25T14:02:59.000Z,2026-08-25T18:57:56.232Z,S,1,55,"Filters: Season 9.5, Competitive, Diamond+. Diamond+ is a seasonal rank-threshold population and is kept separate from the exact-rank benchmark and rolling Stats History. Percentages are displayed by RivalsTracker to two decimal places and converted to ratios without further precision. sample_matches repeats the source Matches field for each metric row. hero_rank is the displayed table order (win rate descending); tier_label is source-provided. Platform, region, and sample_players are not stated by the source and are left empty."
peni-parker-s9-5-diamond-plus,peni-parker,Peni Parker,seasonalRankThreshold,9.5,competitive,diamond_plus,,,banRate,0.1816,ratio,24757,,rivalstracker,primary,https://rivalstracker.com/heroes/peni-parker,2026-08-25T14:02:59.000Z,2026-08-25T18:57:56.232Z,S,1,55,"Filters: Season 9.5, Competitive, Diamond+. Diamond+ is a seasonal rank-threshold population and is kept separate from the exact-rank benchmark and rolling Stats History. Percentages are displayed by RivalsTracker to two decimal places and converted to ratios without further precision. sample_matches repeats the source Matches field for each metric row. hero_rank is the displayed table order (win rate descending); tier_label is source-provided. Platform, region, and sample_players are not stated by the source and are left empty."
mantis-s9-5-diamond-plus,mantis,Mantis,seasonalRankThreshold,9.5,competitive,diamond_plus,,,winRate,0.6066,ratio,131690,,rivalstracker,primary,https://rivalstracker.com/heroes/mantis,2026-08-25T14:02:59.000Z,2026-08-25T18:57:56.232Z,S,2,55,"Filters: Season 9.5, Competitive, Diamond+. Diamond+ is a seasonal rank-threshold population and is kept separate from the exact-rank benchmark and rolling Stats History. Percentages are displayed by RivalsTracker to two decimal places and converted to ratios without further precision. sample_matches repeats the source Matches field for each metric row. hero_rank is the displayed table order (win rate descending); tier_label is source-provided. Platform, region, and sample_players are not stated by the source and are left empty."
mantis-s9-5-diamond-plus,mantis,Mantis,seasonalRankThreshold,9.5,competitive,diamond_plus,,,pickRate,0.1553,ratio,131690,,rivalstracker,primary,https://rivalstracker.com/heroes/mantis,2026-08-25T14:02:59.000Z,2026-08-25T18:57:56.232Z,S,2,55,"Filters: Season 9.5, Competitive, Diamond+. Diamond+ is a seasonal rank-threshold population and is kept separate from the exact-rank benchmark and rolling Stats History. Percentages are displayed by RivalsTracker to two decimal places and converted to ratios without further precision. sample_matches repeats the source Matches field for each metric row. hero_rank is the displayed table order (win rate descending); tier_label is source-provided. Platform, region, and sample_players are not stated by the source and are left empty."
mantis-s9-5-diamond-plus,mantis,Mantis,seasonalRankThreshold,9.5,competitive,diamond_plus,,,banRate,0.0532,ratio,131690,,rivalstracker,primary,https://rivalstracker.com/heroes/mantis,2026-08-25T14:02:59.000Z,2026-08-25T18:57:56.232Z,S,2,55,"Filters: Season 9.5, Competitive, Diamond+. Diamond+ is a seasonal rank-threshold population and is kept separate from the exact-rank benchmark and rolling Stats History. Percentages are displayed by RivalsTracker to two decimal places and converted to ratios without further precision. sample_matches repeats the source Matches field for each metric row. hero_rank is the displayed table order (win rate descending); tier_label is source-provided. Platform, region, and sample_players are not stated by the source and are left empty."
magik-s9-5-diamond-plus,magik,Magik,seasonalRankThreshold,9.5,competitive,diamond_plus,,,winRate,0.5964,ratio,115778,,rivalstracker,primary,https://rivalstracker.com/heroes/magik,2026-08-25T14:02:59.000Z,2026-08-25T18:57:56.232Z,S,3,55,"Filters: Season 9.5, Competitive, Diamond+. Diamond+ is a seasonal rank-threshold population and is kept separate from the exact-rank benchmark and rolling Stats History. Percentages are displayed by RivalsTracker to two decimal places and converted to ratios without further precision. sample_matches repeats the source Matches field for each metric row. hero_rank is the displayed table order (win rate descending); tier_label is source-provided. Platform, region, and sample_players are not stated by the source and are left empty."
magik-s9-5-diamond-plus,magik,Magik,seasonalRankThreshold,9.5,competitive,diamond_plus,,,pickRate,0.1366,ratio,115778,,rivalstracker,primary,https://rivalstracker.com/heroes/magik,2026-08-25T14:02:59.000Z,2026-08-25T18:57:56.232Z,S,3,55,"Filters: Season 9.5, Competitive, Diamond+. Diamond+ is a seasonal rank-threshold population and is kept separate from the exact-rank benchmark and rolling Stats History. Percentages are displayed by RivalsTracker to two decimal places and converted to ratios without further precision. sample_matches repeats the source Matches field for each metric row. hero_rank is the displayed table order (win rate descending); tier_label is source-provided. Platform, region, and sample_players are not stated by the source and are left empty."
magik-s9-5-diamond-plus,magik,Magik,seasonalRankThreshold,9.5,competitive,diamond_plus,,,banRate,0.1251,ratio,115778,,rivalstracker,primary,https://rivalstracker.com/heroes/magik,2026-08-25T14:02:59.000Z,2026-08-25T18:57:56.232Z,S,3,55,"Filters: Season 9.5, Competitive, Diamond+. Diamond+ is a seasonal rank-threshold population and is kept separate from the exact-rank benchmark and rolling Stats History. Percentages are displayed by RivalsTracker to two decimal places and converted to ratios without further precision. sample_matches repeats the source Matches field for each metric row. hero_rank is the displayed table order (win rate descending); tier_label is source-provided. Platform, region, and sample_players are not stated by the source and are left empty."
storm-s9-5-diamond-plus,storm,Storm,seasonalRankThreshold,9.5,competitive,diamond_plus,,,winRate,0.5658,ratio,32836,,rivalstracker,primary,https://rivalstracker.com/heroes/storm,2026-08-25T14:02:59.000Z,2026-08-25T18:57:56.232Z,A,4,55,"Filters: Season 9.5, Competitive, Diamond+. Diamond+ is a seasonal rank-threshold population and is kept separate from the exact-rank benchmark and rolling Stats History. Percentages are displayed by RivalsTracker to two decimal places and converted to ratios without further precision. sample_matches repeats the source Matches field for each metric row. hero_rank is the displayed table order (win rate descending); tier_label is source-provided. Platform, region, and sample_players are not stated by the source and are left empty."
storm-s9-5-diamond-plus,storm,Storm,seasonalRankThreshold,9.5,competitive,diamond_plus,,,pickRate,0.0387,ratio,32836,,rivalstracker,primary,https://rivalstracker.com/heroes/storm,2026-08-25T14:02:59.000Z,2026-08-25T18:57:56.232Z,A,4,55,"Filters: Season 9.5, Competitive, Diamond+. Diamond+ is a seasonal rank-threshold population and is kept separate from the exact-rank benchmark and rolling Stats History. Percentages are displayed by RivalsTracker to two decimal places and converted to ratios without further precision. sample_matches repeats the source Matches field for each metric row. hero_rank is the displayed table order (win rate descending); tier_label is source-provided. Platform, region, and sample_players are not stated by the source and are left empty."
storm-s9-5-diamond-plus,storm,Storm,seasonalRankThreshold,9.5,competitive,diamond_plus,,,banRate,0.0021,ratio,32836,,rivalstracker,primary,https://rivalstracker.com/heroes/storm,2026-08-25T14:02:59.000Z,2026-08-25T18:57:56.232Z,A,4,55,"Filters: Season 9.5, Competitive, Diamond+. Diamond+ is a seasonal rank-threshold population and is kept separate from the exact-rank benchmark and rolling Stats History. Percentages are displayed by RivalsTracker to two decimal places and converted to ratios without further precision. sample_matches repeats the source Matches field for each metric row. hero_rank is the displayed table order (win rate descending); tier_label is source-provided. Platform, region, and sample_players are not stated by the source and are left empty."
black-cat-s9-5-diamond-plus,black-cat,Black Cat,seasonalRankThreshold,9.5,competitive,diamond_plus,,,winRate,0.5585,ratio,30278,,rivalstracker,primary,https://rivalstracker.com/heroes/black-cat,2026-08-25T14:02:59.000Z,2026-08-25T18:57:56.232Z,A,5,55,"Filters: Season 9.5, Competitive, Diamond+. Diamond+ is a seasonal rank-threshold population and is kept separate from the exact-rank benchmark and rolling Stats History. Percentages are displayed by RivalsTracker to two decimal places and converted to ratios without further precision. sample_matches repeats the source Matches field for each metric row. hero_rank is the displayed table order (win rate descending); tier_label is source-provided. Platform, region, and sample_players are not stated by the source and are left empty."
black-cat-s9-5-diamond-plus,black-cat,Black Cat,seasonalRankThreshold,9.5,competitive,diamond_plus,,,pickRate,0.0357,ratio,30278,,rivalstracker,primary,https://rivalstracker.com/heroes/black-cat,2026-08-25T14:02:59.000Z,2026-08-25T18:57:56.232Z,A,5,55,"Filters: Season 9.5, Competitive, Diamond+. Diamond+ is a seasonal rank-threshold population and is kept separate from the exact-rank benchmark and rolling Stats History. Percentages are displayed by RivalsTracker to two decimal places and converted to ratios without further precision. sample_matches repeats the source Matches field for each metric row. hero_rank is the displayed table order (win rate descending); tier_label is source-provided. Platform, region, and sample_players are not stated by the source and are left empty."
black-cat-s9-5-diamond-plus,black-cat,Black Cat,seasonalRankThreshold,9.5,competitive,diamond_plus,,,banRate,0.3908,ratio,30278,,rivalstracker,primary,https://rivalstracker.com/heroes/black-cat,2026-08-25T14:02:59.000Z,2026-08-25T18:57:56.232Z,A,5,55,"Filters: Season 9.5, Competitive, Diamond+. Diamond+ is a seasonal rank-threshold population and is kept separate from the exact-rank benchmark and rolling Stats History. Percentages are displayed by RivalsTracker to two decimal places and converted to ratios without further precision. sample_matches repeats the source Matches field for each metric row. hero_rank is the displayed table order (win rate descending); tier_label is source-provided. Platform, region, and sample_players are not stated by the source and are left empty."
daredevil-s9-5-diamond-plus,daredevil,Daredevil,seasonalRankThreshold,9.5,competitive,diamond_plus,,,winRate,0.5522,ratio,56022,,rivalstracker,primary,https://rivalstracker.com/heroes/daredevil,2026-08-25T14:02:59.000Z,2026-08-25T18:57:56.232Z,S,6,55,"Filters: Season 9.5, Competitive, Diamond+. Diamond+ is a seasonal rank-threshold population and is kept separate from the exact-rank benchmark and rolling Stats History. Percentages are displayed by RivalsTracker to two decimal places and converted to ratios without further precision. sample_matches repeats the source Matches field for each metric row. hero_rank is the displayed table order (win rate descending); tier_label is source-provided. Platform, region, and sample_players are not stated by the source and are left empty."
daredevil-s9-5-diamond-plus,daredevil,Daredevil,seasonalRankThreshold,9.5,competitive,diamond_plus,,,pickRate,0.0661,ratio,56022,,rivalstracker,primary,https://rivalstracker.com/heroes/daredevil,2026-08-25T14:02:59.000Z,2026-08-25T18:57:56.232Z,S,6,55,"Filters: Season 9.5, Competitive, Diamond+. Diamond+ is a seasonal rank-threshold population and is kept separate from the exact-rank benchmark and rolling Stats History. Percentages are displayed by RivalsTracker to two decimal places and converted to ratios without further precision. sample_matches repeats the source Matches field for each metric row. hero_rank is the displayed table order (win rate descending); tier_label is source-provided. Platform, region, and sample_players are not stated by the source and are left empty."
daredevil-s9-5-diamond-plus,daredevil,Daredevil,seasonalRankThreshold,9.5,competitive,diamond_plus,,,banRate,0.0606,ratio,56022,,rivalstracker,primary,https://rivalstracker.com/heroes/daredevil,2026-08-25T14:02:59.000Z,2026-08-25T18:57:56.232Z,S,6,55,"Filters: Season 9.5, Competitive, Diamond+. Diamond+ is a seasonal rank-threshold population and is kept separate from the exact-rank benchmark and rolling Stats History. Percentages are displayed by RivalsTracker to two decimal places and converted to ratios without further precision. sample_matches repeats the source Matches field for each metric row. hero_rank is the displayed table order (win rate descending); tier_label is source-provided. Platform, region, and sample_players are not stated by the source and are left empty."
ultron-s9-5-diamond-plus,ultron,Ultron,seasonalRankThreshold,9.5,competitive,diamond_plus,,,winRate,0.5445,ratio,27749,,rivalstracker,primary,https://rivalstracker.com/heroes/ultron,2026-08-25T14:02:59.000Z,2026-08-25T18:57:56.232Z,A,7,55,"Filters: Season 9.5, Competitive, Diamond+. Diamond+ is a seasonal rank-threshold population and is kept separate from the exact-rank benchmark and rolling Stats History. Percentages are displayed by RivalsTracker to two decimal places and converted to ratios without further precision. sample_matches repeats the source Matches field for each metric row. hero_rank is the displayed table order (win rate descending); tier_label is source-provided. Platform, region, and sample_players are not stated by the source and are left empty."
ultron-s9-5-diamond-plus,ultron,Ultron,seasonalRankThreshold,9.5,competitive,diamond_plus,,,pickRate,0.0327,ratio,27749,,rivalstracker,primary,https://rivalstracker.com/heroes/ultron,2026-08-25T14:02:59.000Z,2026-08-25T18:57:56.232Z,A,7,55,"Filters: Season 9.5, Competitive, Diamond+. Diamond+ is a seasonal rank-threshold population and is kept separate from the exact-rank benchmark and rolling Stats History. Percentages are displayed by RivalsTracker to two decimal places and converted to ratios without further precision. sample_matches repeats the source Matches field for each metric row. hero_rank is the displayed table order (win rate descending); tier_label is source-provided. Platform, region, and sample_players are not stated by the source and are left empty."
ultron-s9-5-diamond-plus,ultron,Ultron,seasonalRankThreshold,9.5,competitive,diamond_plus,,,banRate,0.0010,ratio,27749,,rivalstracker,primary,https://rivalstracker.com/heroes/ultron,2026-08-25T14:02:59.000Z,2026-08-25T18:57:56.232Z,A,7,55,"Filters: Season 9.5, Competitive, Diamond+. Diamond+ is a seasonal rank-threshold population and is kept separate from the exact-rank benchmark and rolling Stats History. Percentages are displayed by RivalsTracker to two decimal places and converted to ratios without further precision. sample_matches repeats the source Matches field for each metric row. hero_rank is the displayed table order (win rate descending); tier_label is source-provided. Platform, region, and sample_players are not stated by the source and are left empty."
rocket-raccoon-s9-5-diamond-plus,rocket-raccoon,Rocket Raccoon,seasonalRankThreshold,9.5,competitive,diamond_plus,,,winRate,0.5445,ratio,200409,,rivalstracker,primary,https://rivalstracker.com/heroes/rocket-raccoon,2026-08-25T14:02:59.000Z,2026-08-25T18:57:56.232Z,S,8,55,"Filters: Season 9.5, Competitive, Diamond+. Diamond+ is a seasonal rank-threshold population and is kept separate from the exact-rank benchmark and rolling Stats History. Percentages are displayed by RivalsTracker to two decimal places and converted to ratios without further precision. sample_matches repeats the source Matches field for each metric row. hero_rank is the displayed table order (win rate descending); tier_label is source-provided. Platform, region, and sample_players are not stated by the source and are left empty."
rocket-raccoon-s9-5-diamond-plus,rocket-raccoon,Rocket Raccoon,seasonalRankThreshold,9.5,competitive,diamond_plus,,,pickRate,0.2364,ratio,200409,,rivalstracker,primary,https://rivalstracker.com/heroes/rocket-raccoon,2026-08-25T14:02:59.000Z,2026-08-25T18:57:56.232Z,S,8,55,"Filters: Season 9.5, Competitive, Diamond+. Diamond+ is a seasonal rank-threshold population and is kept separate from the exact-rank benchmark and rolling Stats History. Percentages are displayed by RivalsTracker to two decimal places and converted to ratios without further precision. sample_matches repeats the source Matches field for each metric row. hero_rank is the displayed table order (win rate descending); tier_label is source-provided. Platform, region, and sample_players are not stated by the source and are left empty."
rocket-raccoon-s9-5-diamond-plus,rocket-raccoon,Rocket Raccoon,seasonalRankThreshold,9.5,competitive,diamond_plus,,,banRate,0.0080,ratio,200409,,rivalstracker,primary,https://rivalstracker.com/heroes/rocket-raccoon,2026-08-25T14:02:59.000Z,2026-08-25T18:57:56.232Z,S,8,55,"Filters: Season 9.5, Competitive, Diamond+. Diamond+ is a seasonal rank-threshold population and is kept separate from the exact-rank benchmark and rolling Stats History. Percentages are displayed by RivalsTracker to two decimal places and converted to ratios without further precision. sample_matches repeats the source Matches field for each metric row. hero_rank is the displayed table order (win rate descending); tier_label is source-provided. Platform, region, and sample_players are not stated by the source and are left empty."
the-hood-s9-5-diamond-plus,the-hood,The Hood,seasonalRankThreshold,9.5,competitive,diamond_plus,,,winRate,0.5443,ratio,306602,,rivalstracker,primary,https://rivalstracker.com/heroes/the-hood,2026-08-25T14:02:59.000Z,2026-08-25T18:57:56.232Z,S,9,55,"Filters: Season 9.5, Competitive, Diamond+. Diamond+ is a seasonal rank-threshold population and is kept separate from the exact-rank benchmark and rolling Stats History. Percentages are displayed by RivalsTracker to two decimal places and converted to ratios without further precision. sample_matches repeats the source Matches field for each metric row. hero_rank is the displayed table order (win rate descending); tier_label is source-provided. Platform, region, and sample_players are not stated by the source and are left empty."
the-hood-s9-5-diamond-plus,the-hood,The Hood,seasonalRankThreshold,9.5,competitive,diamond_plus,,,pickRate,0.3616,ratio,306602,,rivalstracker,primary,https://rivalstracker.com/heroes/the-hood,2026-08-25T14:02:59.000Z,2026-08-25T18:57:56.232Z,S,9,55,"Filters: Season 9.5, Competitive, Diamond+. Diamond+ is a seasonal rank-threshold population and is kept separate from the exact-rank benchmark and rolling Stats History. Percentages are displayed by RivalsTracker to two decimal places and converted to ratios without further precision. sample_matches repeats the source Matches field for each metric row. hero_rank is the displayed table order (win rate descending); tier_label is source-provided. Platform, region, and sample_players are not stated by the source and are left empty."
the-hood-s9-5-diamond-plus,the-hood,The Hood,seasonalRankThreshold,9.5,competitive,diamond_plus,,,banRate,0.0764,ratio,306602,,rivalstracker,primary,https://rivalstracker.com/heroes/the-hood,2026-08-25T14:02:59.000Z,2026-08-25T18:57:56.232Z,S,9,55,"Filters: Season 9.5, Competitive, Diamond+. Diamond+ is a seasonal rank-threshold population and is kept separate from the exact-rank benchmark and rolling Stats History. Percentages are displayed by RivalsTracker to two decimal places and converted to ratios without further precision. sample_matches repeats the source Matches field for each metric row. hero_rank is the displayed table order (win rate descending); tier_label is source-provided. Platform, region, and sample_players are not stated by the source and are left empty."
the-thing-s9-5-diamond-plus,the-thing,The Thing,seasonalRankThreshold,9.5,competitive,diamond_plus,,,winRate,0.5423,ratio,142563,,rivalstracker,primary,https://rivalstracker.com/heroes/the-thing,2026-08-25T14:02:59.000Z,2026-08-25T18:57:56.232Z,S,10,55,"Filters: Season 9.5, Competitive, Diamond+. Diamond+ is a seasonal rank-threshold population and is kept separate from the exact-rank benchmark and rolling Stats History. Percentages are displayed by RivalsTracker to two decimal places and converted to ratios without further precision. sample_matches repeats the source Matches field for each metric row. hero_rank is the displayed table order (win rate descending); tier_label is source-provided. Platform, region, and sample_players are not stated by the source and are left empty."
the-thing-s9-5-diamond-plus,the-thing,The Thing,seasonalRankThreshold,9.5,competitive,diamond_plus,,,pickRate,0.1682,ratio,142563,,rivalstracker,primary,https://rivalstracker.com/heroes/the-thing,2026-08-25T14:02:59.000Z,2026-08-25T18:57:56.232Z,S,10,55,"Filters: Season 9.5, Competitive, Diamond+. Diamond+ is a seasonal rank-threshold population and is kept separate from the exact-rank benchmark and rolling Stats History. Percentages are displayed by RivalsTracker to two decimal places and converted to ratios without further precision. sample_matches repeats the source Matches field for each metric row. hero_rank is the displayed table order (win rate descending); tier_label is source-provided. Platform, region, and sample_players are not stated by the source and are left empty."
the-thing-s9-5-diamond-plus,the-thing,The Thing,seasonalRankThreshold,9.5,competitive,diamond_plus,,,banRate,0.1710,ratio,142563,,rivalstracker,primary,https://rivalstracker.com/heroes/the-thing,2026-08-25T14:02:59.000Z,2026-08-25T18:57:56.232Z,S,10,55,"Filters: Season 9.5, Competitive, Diamond+. Diamond+ is a seasonal rank-threshold population and is kept separate from the exact-rank benchmark and rolling Stats History. Percentages are displayed by RivalsTracker to two decimal places and converted to ratios without further precision. sample_matches repeats the source Matches field for each metric row. hero_rank is the displayed table order (win rate descending); tier_label is source-provided. Platform, region, and sample_players are not stated by the source and are left empty."
human-torch-s9-5-diamond-plus,human-torch,Human Torch,seasonalRankThreshold,9.5,competitive,diamond_plus,,,winRate,0.5353,ratio,32048,,rivalstracker,primary,https://rivalstracker.com/heroes/human-torch,2026-08-25T14:02:59.000Z,2026-08-25T18:57:56.232Z,A,11,55,"Filters: Season 9.5, Competitive, Diamond+. Diamond+ is a seasonal rank-threshold population and is kept separate from the exact-rank benchmark and rolling Stats History. Percentages are displayed by RivalsTracker to two decimal places and converted to ratios without further precision. sample_matches repeats the source Matches field for each metric row. hero_rank is the displayed table order (win rate descending); tier_label is source-provided. Platform, region, and sample_players are not stated by the source and are left empty."
human-torch-s9-5-diamond-plus,human-torch,Human Torch,seasonalRankThreshold,9.5,competitive,diamond_plus,,,pickRate,0.0378,ratio,32048,,rivalstracker,primary,https://rivalstracker.com/heroes/human-torch,2026-08-25T14:02:59.000Z,2026-08-25T18:57:56.232Z,A,11,55,"Filters: Season 9.5, Competitive, Diamond+. Diamond+ is a seasonal rank-threshold population and is kept separate from the exact-rank benchmark and rolling Stats History. Percentages are displayed by RivalsTracker to two decimal places and converted to ratios without further precision. sample_matches repeats the source Matches field for each metric row. hero_rank is the displayed table order (win rate descending); tier_label is source-provided. Platform, region, and sample_players are not stated by the source and are left empty."
human-torch-s9-5-diamond-plus,human-torch,Human Torch,seasonalRankThreshold,9.5,competitive,diamond_plus,,,banRate,0.0060,ratio,32048,,rivalstracker,primary,https://rivalstracker.com/heroes/human-torch,2026-08-25T14:02:59.000Z,2026-08-25T18:57:56.232Z,A,11,55,"Filters: Season 9.5, Competitive, Diamond+. Diamond+ is a seasonal rank-threshold population and is kept separate from the exact-rank benchmark and rolling Stats History. Percentages are displayed by RivalsTracker to two decimal places and converted to ratios without further precision. sample_matches repeats the source Matches field for each metric row. hero_rank is the displayed table order (win rate descending); tier_label is source-provided. Platform, region, and sample_players are not stated by the source and are left empty."
loki-s9-5-diamond-plus,loki,Loki,seasonalRankThreshold,9.5,competitive,diamond_plus,,,winRate,0.5324,ratio,43933,,rivalstracker,primary,https://rivalstracker.com/heroes/loki,2026-08-25T14:02:59.000Z,2026-08-25T18:57:56.232Z,A,12,55,"Filters: Season 9.5, Competitive, Diamond+. Diamond+ is a seasonal rank-threshold population and is kept separate from the exact-rank benchmark and rolling Stats History. Percentages are displayed by RivalsTracker to two decimal places and converted to ratios without further precision. sample_matches repeats the source Matches field for each metric row. hero_rank is the displayed table order (win rate descending); tier_label is source-provided. Platform, region, and sample_players are not stated by the source and are left empty."
loki-s9-5-diamond-plus,loki,Loki,seasonalRankThreshold,9.5,competitive,diamond_plus,,,pickRate,0.0518,ratio,43933,,rivalstracker,primary,https://rivalstracker.com/heroes/loki,2026-08-25T14:02:59.000Z,2026-08-25T18:57:56.232Z,A,12,55,"Filters: Season 9.5, Competitive, Diamond+. Diamond+ is a seasonal rank-threshold population and is kept separate from the exact-rank benchmark and rolling Stats History. Percentages are displayed by RivalsTracker to two decimal places and converted to ratios without further precision. sample_matches repeats the source Matches field for each metric row. hero_rank is the displayed table order (win rate descending); tier_label is source-provided. Platform, region, and sample_players are not stated by the source and are left empty."
loki-s9-5-diamond-plus,loki,Loki,seasonalRankThreshold,9.5,competitive,diamond_plus,,,banRate,0.0023,ratio,43933,,rivalstracker,primary,https://rivalstracker.com/heroes/loki,2026-08-25T14:02:59.000Z,2026-08-25T18:57:56.232Z,A,12,55,"Filters: Season 9.5, Competitive, Diamond+. Diamond+ is a seasonal rank-threshold population and is kept separate from the exact-rank benchmark and rolling Stats History. Percentages are displayed by RivalsTracker to two decimal places and converted to ratios without further precision. sample_matches repeats the source Matches field for each metric row. hero_rank is the displayed table order (win rate descending); tier_label is source-provided. Platform, region, and sample_players are not stated by the source and are left empty."
iron-fist-s9-5-diamond-plus,iron-fist,Iron Fist,seasonalRankThreshold,9.5,competitive,diamond_plus,,,winRate,0.5318,ratio,72370,,rivalstracker,primary,https://rivalstracker.com/heroes/iron-fist,2026-08-25T14:02:59.000Z,2026-08-25T18:57:56.232Z,A,13,55,"Filters: Season 9.5, Competitive, Diamond+. Diamond+ is a seasonal rank-threshold population and is kept separate from the exact-rank benchmark and rolling Stats History. Percentages are displayed by RivalsTracker to two decimal places and converted to ratios without further precision. sample_matches repeats the source Matches field for each metric row. hero_rank is the displayed table order (win rate descending); tier_label is source-provided. Platform, region, and sample_players are not stated by the source and are left empty."
iron-fist-s9-5-diamond-plus,iron-fist,Iron Fist,seasonalRankThreshold,9.5,competitive,diamond_plus,,,pickRate,0.0854,ratio,72370,,rivalstracker,primary,https://rivalstracker.com/heroes/iron-fist,2026-08-25T14:02:59.000Z,2026-08-25T18:57:56.232Z,A,13,55,"Filters: Season 9.5, Competitive, Diamond+. Diamond+ is a seasonal rank-threshold population and is kept separate from the exact-rank benchmark and rolling Stats History. Percentages are displayed by RivalsTracker to two decimal places and converted to ratios without further precision. sample_matches repeats the source Matches field for each metric row. hero_rank is the displayed table order (win rate descending); tier_label is source-provided. Platform, region, and sample_players are not stated by the source and are left empty."
iron-fist-s9-5-diamond-plus,iron-fist,Iron Fist,seasonalRankThreshold,9.5,competitive,diamond_plus,,,banRate,0.0167,ratio,72370,,rivalstracker,primary,https://rivalstracker.com/heroes/iron-fist,2026-08-25T14:02:59.000Z,2026-08-25T18:57:56.232Z,A,13,55,"Filters: Season 9.5, Competitive, Diamond+. Diamond+ is a seasonal rank-threshold population and is kept separate from the exact-rank benchmark and rolling Stats History. Percentages are displayed by RivalsTracker to two decimal places and converted to ratios without further precision. sample_matches repeats the source Matches field for each metric row. hero_rank is the displayed table order (win rate descending); tier_label is source-provided. Platform, region, and sample_players are not stated by the source and are left empty."
iron-man-s9-5-diamond-plus,iron-man,Iron Man,seasonalRankThreshold,9.5,competitive,diamond_plus,,,winRate,0.5276,ratio,40946,,rivalstracker,primary,https://rivalstracker.com/heroes/iron-man,2026-08-25T14:02:59.000Z,2026-08-25T18:57:56.232Z,A,14,55,"Filters: Season 9.5, Competitive, Diamond+. Diamond+ is a seasonal rank-threshold population and is kept separate from the exact-rank benchmark and rolling Stats History. Percentages are displayed by RivalsTracker to two decimal places and converted to ratios without further precision. sample_matches repeats the source Matches field for each metric row. hero_rank is the displayed table order (win rate descending); tier_label is source-provided. Platform, region, and sample_players are not stated by the source and are left empty."
iron-man-s9-5-diamond-plus,iron-man,Iron Man,seasonalRankThreshold,9.5,competitive,diamond_plus,,,pickRate,0.0483,ratio,40946,,rivalstracker,primary,https://rivalstracker.com/heroes/iron-man,2026-08-25T14:02:59.000Z,2026-08-25T18:57:56.232Z,A,14,55,"Filters: Season 9.5, Competitive, Diamond+. Diamond+ is a seasonal rank-threshold population and is kept separate from the exact-rank benchmark and rolling Stats History. Percentages are displayed by RivalsTracker to two decimal places and converted to ratios without further precision. sample_matches repeats the source Matches field for each metric row. hero_rank is the displayed table order (win rate descending); tier_label is source-provided. Platform, region, and sample_players are not stated by the source and are left empty."
iron-man-s9-5-diamond-plus,iron-man,Iron Man,seasonalRankThreshold,9.5,competitive,diamond_plus,,,banRate,0.0043,ratio,40946,,rivalstracker,primary,https://rivalstracker.com/heroes/iron-man,2026-08-25T14:02:59.000Z,2026-08-25T18:57:56.232Z,A,14,55,"Filters: Season 9.5, Competitive, Diamond+. Diamond+ is a seasonal rank-threshold population and is kept separate from the exact-rank benchmark and rolling Stats History. Percentages are displayed by RivalsTracker to two decimal places and converted to ratios without further precision. sample_matches repeats the source Matches field for each metric row. hero_rank is the displayed table order (win rate descending); tier_label is source-provided. Platform, region, and sample_players are not stated by the source and are left empty."
hulk-s9-5-diamond-plus,hulk,Hulk,seasonalRankThreshold,9.5,competitive,diamond_plus,,,winRate,0.5247,ratio,66431,,rivalstracker,primary,https://rivalstracker.com/heroes/hulk,2026-08-25T14:02:59.000Z,2026-08-25T18:57:56.232Z,A,15,55,"Filters: Season 9.5, Competitive, Diamond+. Diamond+ is a seasonal rank-threshold population and is kept separate from the exact-rank benchmark and rolling Stats History. Percentages are displayed by RivalsTracker to two decimal places and converted to ratios without further precision. sample_matches repeats the source Matches field for each metric row. hero_rank is the displayed table order (win rate descending); tier_label is source-provided. Platform, region, and sample_players are not stated by the source and are left empty."
hulk-s9-5-diamond-plus,hulk,Hulk,seasonalRankThreshold,9.5,competitive,diamond_plus,,,pickRate,0.0784,ratio,66431,,rivalstracker,primary,https://rivalstracker.com/heroes/hulk,2026-08-25T14:02:59.000Z,2026-08-25T18:57:56.232Z,A,15,55,"Filters: Season 9.5, Competitive, Diamond+. Diamond+ is a seasonal rank-threshold population and is kept separate from the exact-rank benchmark and rolling Stats History. Percentages are displayed by RivalsTracker to two decimal places and converted to ratios without further precision. sample_matches repeats the source Matches field for each metric row. hero_rank is the displayed table order (win rate descending); tier_label is source-provided. Platform, region, and sample_players are not stated by the source and are left empty."
hulk-s9-5-diamond-plus,hulk,Hulk,seasonalRankThreshold,9.5,competitive,diamond_plus,,,banRate,0.0060,ratio,66431,,rivalstracker,primary,https://rivalstracker.com/heroes/hulk,2026-08-25T14:02:59.000Z,2026-08-25T18:57:56.232Z,A,15,55,"Filters: Season 9.5, Competitive, Diamond+. Diamond+ is a seasonal rank-threshold population and is kept separate from the exact-rank benchmark and rolling Stats History. Percentages are displayed by RivalsTracker to two decimal places and converted to ratios without further precision. sample_matches repeats the source Matches field for each metric row. hero_rank is the displayed table order (win rate descending); tier_label is source-provided. Platform, region, and sample_players are not stated by the source and are left empty."
angela-s9-5-diamond-plus,angela,Angela,seasonalRankThreshold,9.5,competitive,diamond_plus,,,winRate,0.5230,ratio,35323,,rivalstracker,primary,https://rivalstracker.com/heroes/angela,2026-08-25T14:02:59.000Z,2026-08-25T18:57:56.232Z,B,16,55,"Filters: Season 9.5, Competitive, Diamond+. Diamond+ is a seasonal rank-threshold population and is kept separate from the exact-rank benchmark and rolling Stats History. Percentages are displayed by RivalsTracker to two decimal places and converted to ratios without further precision. sample_matches repeats the source Matches field for each metric row. hero_rank is the displayed table order (win rate descending); tier_label is source-provided. Platform, region, and sample_players are not stated by the source and are left empty."
angela-s9-5-diamond-plus,angela,Angela,seasonalRankThreshold,9.5,competitive,diamond_plus,,,pickRate,0.0417,ratio,35323,,rivalstracker,primary,https://rivalstracker.com/heroes/angela,2026-08-25T14:02:59.000Z,2026-08-25T18:57:56.232Z,B,16,55,"Filters: Season 9.5, Competitive, Diamond+. Diamond+ is a seasonal rank-threshold population and is kept separate from the exact-rank benchmark and rolling Stats History. Percentages are displayed by RivalsTracker to two decimal places and converted to ratios without further precision. sample_matches repeats the source Matches field for each metric row. hero_rank is the displayed table order (win rate descending); tier_label is source-provided. Platform, region, and sample_players are not stated by the source and are left empty."
angela-s9-5-diamond-plus,angela,Angela,seasonalRankThreshold,9.5,competitive,diamond_plus,,,banRate,0.0059,ratio,35323,,rivalstracker,primary,https://rivalstracker.com/heroes/angela,2026-08-25T14:02:59.000Z,2026-08-25T18:57:56.232Z,B,16,55,"Filters: Season 9.5, Competitive, Diamond+. Diamond+ is a seasonal rank-threshold population and is kept separate from the exact-rank benchmark and rolling Stats History. Percentages are displayed by RivalsTracker to two decimal places and converted to ratios without further precision. sample_matches repeats the source Matches field for each metric row. hero_rank is the displayed table order (win rate descending); tier_label is source-provided. Platform, region, and sample_players are not stated by the source and are left empty."
mister-fantastic-s9-5-diamond-plus,mister-fantastic,Mister Fantastic,seasonalRankThreshold,9.5,competitive,diamond_plus,,,winRate,0.5190,ratio,43466,,rivalstracker,primary,https://rivalstracker.com/heroes/mister-fantastic,2026-08-25T14:02:59.000Z,2026-08-25T18:57:56.232Z,B,17,55,"Filters: Season 9.5, Competitive, Diamond+. Diamond+ is a seasonal rank-threshold population and is kept separate from the exact-rank benchmark and rolling Stats History. Percentages are displayed by RivalsTracker to two decimal places and converted to ratios without further precision. sample_matches repeats the source Matches field for each metric row. hero_rank is the displayed table order (win rate descending); tier_label is source-provided. Platform, region, and sample_players are not stated by the source and are left empty."
mister-fantastic-s9-5-diamond-plus,mister-fantastic,Mister Fantastic,seasonalRankThreshold,9.5,competitive,diamond_plus,,,pickRate,0.0513,ratio,43466,,rivalstracker,primary,https://rivalstracker.com/heroes/mister-fantastic,2026-08-25T14:02:59.000Z,2026-08-25T18:57:56.232Z,B,17,55,"Filters: Season 9.5, Competitive, Diamond+. Diamond+ is a seasonal rank-threshold population and is kept separate from the exact-rank benchmark and rolling Stats History. Percentages are displayed by RivalsTracker to two decimal places and converted to ratios without further precision. sample_matches repeats the source Matches field for each metric row. hero_rank is the displayed table order (win rate descending); tier_label is source-provided. Platform, region, and sample_players are not stated by the source and are left empty."
mister-fantastic-s9-5-diamond-plus,mister-fantastic,Mister Fantastic,seasonalRankThreshold,9.5,competitive,diamond_plus,,,banRate,0.0018,ratio,43466,,rivalstracker,primary,https://rivalstracker.com/heroes/mister-fantastic,2026-08-25T14:02:59.000Z,2026-08-25T18:57:56.232Z,B,17,55,"Filters: Season 9.5, Competitive, Diamond+. Diamond+ is a seasonal rank-threshold population and is kept separate from the exact-rank benchmark and rolling Stats History. Percentages are displayed by RivalsTracker to two decimal places and converted to ratios without further precision. sample_matches repeats the source Matches field for each metric row. hero_rank is the displayed table order (win rate descending); tier_label is source-provided. Platform, region, and sample_players are not stated by the source and are left empty."
magneto-s9-5-diamond-plus,magneto,Magneto,seasonalRankThreshold,9.5,competitive,diamond_plus,,,winRate,0.5133,ratio,398580,,rivalstracker,primary,https://rivalstracker.com/heroes/magneto,2026-08-25T14:02:59.000Z,2026-08-25T18:57:56.232Z,A,18,55,"Filters: Season 9.5, Competitive, Diamond+. Diamond+ is a seasonal rank-threshold population and is kept separate from the exact-rank benchmark and rolling Stats History. Percentages are displayed by RivalsTracker to two decimal places and converted to ratios without further precision. sample_matches repeats the source Matches field for each metric row. hero_rank is the displayed table order (win rate descending); tier_label is source-provided. Platform, region, and sample_players are not stated by the source and are left empty."
magneto-s9-5-diamond-plus,magneto,Magneto,seasonalRankThreshold,9.5,competitive,diamond_plus,,,pickRate,0.4701,ratio,398580,,rivalstracker,primary,https://rivalstracker.com/heroes/magneto,2026-08-25T14:02:59.000Z,2026-08-25T18:57:56.232Z,A,18,55,"Filters: Season 9.5, Competitive, Diamond+. Diamond+ is a seasonal rank-threshold population and is kept separate from the exact-rank benchmark and rolling Stats History. Percentages are displayed by RivalsTracker to two decimal places and converted to ratios without further precision. sample_matches repeats the source Matches field for each metric row. hero_rank is the displayed table order (win rate descending); tier_label is source-provided. Platform, region, and sample_players are not stated by the source and are left empty."
magneto-s9-5-diamond-plus,magneto,Magneto,seasonalRankThreshold,9.5,competitive,diamond_plus,,,banRate,0.0809,ratio,398580,,rivalstracker,primary,https://rivalstracker.com/heroes/magneto,2026-08-25T14:02:59.000Z,2026-08-25T18:57:56.232Z,A,18,55,"Filters: Season 9.5, Competitive, Diamond+. Diamond+ is a seasonal rank-threshold population and is kept separate from the exact-rank benchmark and rolling Stats History. Percentages are displayed by RivalsTracker to two decimal places and converted to ratios without further precision. sample_matches repeats the source Matches field for each metric row. hero_rank is the displayed table order (win rate descending); tier_label is source-provided. Platform, region, and sample_players are not stated by the source and are left empty."
thor-s9-5-diamond-plus,thor,Thor,seasonalRankThreshold,9.5,competitive,diamond_plus,,,winRate,0.5132,ratio,69852,,rivalstracker,primary,https://rivalstracker.com/heroes/thor,2026-08-25T14:02:59.000Z,2026-08-25T18:57:56.232Z,A,19,55,"Filters: Season 9.5, Competitive, Diamond+. Diamond+ is a seasonal rank-threshold population and is kept separate from the exact-rank benchmark and rolling Stats History. Percentages are displayed by RivalsTracker to two decimal places and converted to ratios without further precision. sample_matches repeats the source Matches field for each metric row. hero_rank is the displayed table order (win rate descending); tier_label is source-provided. Platform, region, and sample_players are not stated by the source and are left empty."
thor-s9-5-diamond-plus,thor,Thor,seasonalRankThreshold,9.5,competitive,diamond_plus,,,pickRate,0.0824,ratio,69852,,rivalstracker,primary,https://rivalstracker.com/heroes/thor,2026-08-25T14:02:59.000Z,2026-08-25T18:57:56.232Z,A,19,55,"Filters: Season 9.5, Competitive, Diamond+. Diamond+ is a seasonal rank-threshold population and is kept separate from the exact-rank benchmark and rolling Stats History. Percentages are displayed by RivalsTracker to two decimal places and converted to ratios without further precision. sample_matches repeats the source Matches field for each metric row. hero_rank is the displayed table order (win rate descending); tier_label is source-provided. Platform, region, and sample_players are not stated by the source and are left empty."
thor-s9-5-diamond-plus,thor,Thor,seasonalRankThreshold,9.5,competitive,diamond_plus,,,banRate,0.0045,ratio,69852,,rivalstracker,primary,https://rivalstracker.com/heroes/thor,2026-08-25T14:02:59.000Z,2026-08-25T18:57:56.232Z,A,19,55,"Filters: Season 9.5, Competitive, Diamond+. Diamond+ is a seasonal rank-threshold population and is kept separate from the exact-rank benchmark and rolling Stats History. Percentages are displayed by RivalsTracker to two decimal places and converted to ratios without further precision. sample_matches repeats the source Matches field for each metric row. hero_rank is the displayed table order (win rate descending); tier_label is source-provided. Platform, region, and sample_players are not stated by the source and are left empty."
groot-s9-5-diamond-plus,groot,Groot,seasonalRankThreshold,9.5,competitive,diamond_plus,,,winRate,0.5110,ratio,43537,,rivalstracker,primary,https://rivalstracker.com/heroes/groot,2026-08-25T14:02:59.000Z,2026-08-25T18:57:56.232Z,B,20,55,"Filters: Season 9.5, Competitive, Diamond+. Diamond+ is a seasonal rank-threshold population and is kept separate from the exact-rank benchmark and rolling Stats History. Percentages are displayed by RivalsTracker to two decimal places and converted to ratios without further precision. sample_matches repeats the source Matches field for each metric row. hero_rank is the displayed table order (win rate descending); tier_label is source-provided. Platform, region, and sample_players are not stated by the source and are left empty."
groot-s9-5-diamond-plus,groot,Groot,seasonalRankThreshold,9.5,competitive,diamond_plus,,,pickRate,0.0514,ratio,43537,,rivalstracker,primary,https://rivalstracker.com/heroes/groot,2026-08-25T14:02:59.000Z,2026-08-25T18:57:56.232Z,B,20,55,"Filters: Season 9.5, Competitive, Diamond+. Diamond+ is a seasonal rank-threshold population and is kept separate from the exact-rank benchmark and rolling Stats History. Percentages are displayed by RivalsTracker to two decimal places and converted to ratios without further precision. sample_matches repeats the source Matches field for each metric row. hero_rank is the displayed table order (win rate descending); tier_label is source-provided. Platform, region, and sample_players are not stated by the source and are left empty."
groot-s9-5-diamond-plus,groot,Groot,seasonalRankThreshold,9.5,competitive,diamond_plus,,,banRate,0.0379,ratio,43537,,rivalstracker,primary,https://rivalstracker.com/heroes/groot,2026-08-25T14:02:59.000Z,2026-08-25T18:57:56.232Z,B,20,55,"Filters: Season 9.5, Competitive, Diamond+. Diamond+ is a seasonal rank-threshold population and is kept separate from the exact-rank benchmark and rolling Stats History. Percentages are displayed by RivalsTracker to two decimal places and converted to ratios without further precision. sample_matches repeats the source Matches field for each metric row. hero_rank is the displayed table order (win rate descending); tier_label is source-provided. Platform, region, and sample_players are not stated by the source and are left empty."
spider-man-s9-5-diamond-plus,spider-man,Spider-man,seasonalRankThreshold,9.5,competitive,diamond_plus,,,winRate,0.5104,ratio,103662,,rivalstracker,primary,https://rivalstracker.com/heroes/spider-man,2026-08-25T14:02:59.000Z,2026-08-25T18:57:56.232Z,A,21,55,"Filters: Season 9.5, Competitive, Diamond+. Diamond+ is a seasonal rank-threshold population and is kept separate from the exact-rank benchmark and rolling Stats History. Percentages are displayed by RivalsTracker to two decimal places and converted to ratios without further precision. sample_matches repeats the source Matches field for each metric row. hero_rank is the displayed table order (win rate descending); tier_label is source-provided. Platform, region, and sample_players are not stated by the source and are left empty."
spider-man-s9-5-diamond-plus,spider-man,Spider-man,seasonalRankThreshold,9.5,competitive,diamond_plus,,,pickRate,0.1223,ratio,103662,,rivalstracker,primary,https://rivalstracker.com/heroes/spider-man,2026-08-25T14:02:59.000Z,2026-08-25T18:57:56.232Z,A,21,55,"Filters: Season 9.5, Competitive, Diamond+. Diamond+ is a seasonal rank-threshold population and is kept separate from the exact-rank benchmark and rolling Stats History. Percentages are displayed by RivalsTracker to two decimal places and converted to ratios without further precision. sample_matches repeats the source Matches field for each metric row. hero_rank is the displayed table order (win rate descending); tier_label is source-provided. Platform, region, and sample_players are not stated by the source and are left empty."
spider-man-s9-5-diamond-plus,spider-man,Spider-man,seasonalRankThreshold,9.5,competitive,diamond_plus,,,banRate,0.1234,ratio,103662,,rivalstracker,primary,https://rivalstracker.com/heroes/spider-man,2026-08-25T14:02:59.000Z,2026-08-25T18:57:56.232Z,A,21,55,"Filters: Season 9.5, Competitive, Diamond+. Diamond+ is a seasonal rank-threshold population and is kept separate from the exact-rank benchmark and rolling Stats History. Percentages are displayed by RivalsTracker to two decimal places and converted to ratios without further precision. sample_matches repeats the source Matches field for each metric row. hero_rank is the displayed table order (win rate descending); tier_label is source-provided. Platform, region, and sample_players are not stated by the source and are left empty."
captain-america-s9-5-diamond-plus,captain-america,Captain America,seasonalRankThreshold,9.5,competitive,diamond_plus,,,winRate,0.5088,ratio,19685,,rivalstracker,primary,https://rivalstracker.com/heroes/captain-america,2026-08-25T14:02:59.000Z,2026-08-25T18:57:56.232Z,B,22,55,"Filters: Season 9.5, Competitive, Diamond+. Diamond+ is a seasonal rank-threshold population and is kept separate from the exact-rank benchmark and rolling Stats History. Percentages are displayed by RivalsTracker to two decimal places and converted to ratios without further precision. sample_matches repeats the source Matches field for each metric row. hero_rank is the displayed table order (win rate descending); tier_label is source-provided. Platform, region, and sample_players are not stated by the source and are left empty."
captain-america-s9-5-diamond-plus,captain-america,Captain America,seasonalRankThreshold,9.5,competitive,diamond_plus,,,pickRate,0.0232,ratio,19685,,rivalstracker,primary,https://rivalstracker.com/heroes/captain-america,2026-08-25T14:02:59.000Z,2026-08-25T18:57:56.232Z,B,22,55,"Filters: Season 9.5, Competitive, Diamond+. Diamond+ is a seasonal rank-threshold population and is kept separate from the exact-rank benchmark and rolling Stats History. Percentages are displayed by RivalsTracker to two decimal places and converted to ratios without further precision. sample_matches repeats the source Matches field for each metric row. hero_rank is the displayed table order (win rate descending); tier_label is source-provided. Platform, region, and sample_players are not stated by the source and are left empty."
captain-america-s9-5-diamond-plus,captain-america,Captain America,seasonalRankThreshold,9.5,competitive,diamond_plus,,,banRate,0.0016,ratio,19685,,rivalstracker,primary,https://rivalstracker.com/heroes/captain-america,2026-08-25T14:02:59.000Z,2026-08-25T18:57:56.232Z,B,22,55,"Filters: Season 9.5, Competitive, Diamond+. Diamond+ is a seasonal rank-threshold population and is kept separate from the exact-rank benchmark and rolling Stats History. Percentages are displayed by RivalsTracker to two decimal places and converted to ratios without further precision. sample_matches repeats the source Matches field for each metric row. hero_rank is the displayed table order (win rate descending); tier_label is source-provided. Platform, region, and sample_players are not stated by the source and are left empty."
rogue-s9-5-diamond-plus,rogue,Rogue,seasonalRankThreshold,9.5,competitive,diamond_plus,,,winRate,0.5079,ratio,40207,,rivalstracker,primary,https://rivalstracker.com/heroes/rogue,2026-08-25T14:02:59.000Z,2026-08-25T18:57:56.232Z,B,23,55,"Filters: Season 9.5, Competitive, Diamond+. Diamond+ is a seasonal rank-threshold population and is kept separate from the exact-rank benchmark and rolling Stats History. Percentages are displayed by RivalsTracker to two decimal places and converted to ratios without further precision. sample_matches repeats the source Matches field for each metric row. hero_rank is the displayed table order (win rate descending); tier_label is source-provided. Platform, region, and sample_players are not stated by the source and are left empty."
rogue-s9-5-diamond-plus,rogue,Rogue,seasonalRankThreshold,9.5,competitive,diamond_plus,,,pickRate,0.0474,ratio,40207,,rivalstracker,primary,https://rivalstracker.com/heroes/rogue,2026-08-25T14:02:59.000Z,2026-08-25T18:57:56.232Z,B,23,55,"Filters: Season 9.5, Competitive, Diamond+. Diamond+ is a seasonal rank-threshold population and is kept separate from the exact-rank benchmark and rolling Stats History. Percentages are displayed by RivalsTracker to two decimal places and converted to ratios without further precision. sample_matches repeats the source Matches field for each metric row. hero_rank is the displayed table order (win rate descending); tier_label is source-provided. Platform, region, and sample_players are not stated by the source and are left empty."
rogue-s9-5-diamond-plus,rogue,Rogue,seasonalRankThreshold,9.5,competitive,diamond_plus,,,banRate,0.0023,ratio,40207,,rivalstracker,primary,https://rivalstracker.com/heroes/rogue,2026-08-25T14:02:59.000Z,2026-08-25T18:57:56.232Z,B,23,55,"Filters: Season 9.5, Competitive, Diamond+. Diamond+ is a seasonal rank-threshold population and is kept separate from the exact-rank benchmark and rolling Stats History. Percentages are displayed by RivalsTracker to two decimal places and converted to ratios without further precision. sample_matches repeats the source Matches field for each metric row. hero_rank is the displayed table order (win rate descending); tier_label is source-provided. Platform, region, and sample_players are not stated by the source and are left empty."
black-panther-s9-5-diamond-plus,black-panther,Black Panther,seasonalRankThreshold,9.5,competitive,diamond_plus,,,winRate,0.5079,ratio,37565,,rivalstracker,primary,https://rivalstracker.com/heroes/black-panther,2026-08-25T14:02:59.000Z,2026-08-25T18:57:56.232Z,B,24,55,"Filters: Season 9.5, Competitive, Diamond+. Diamond+ is a seasonal rank-threshold population and is kept separate from the exact-rank benchmark and rolling Stats History. Percentages are displayed by RivalsTracker to two decimal places and converted to ratios without further precision. sample_matches repeats the source Matches field for each metric row. hero_rank is the displayed table order (win rate descending); tier_label is source-provided. Platform, region, and sample_players are not stated by the source and are left empty."
black-panther-s9-5-diamond-plus,black-panther,Black Panther,seasonalRankThreshold,9.5,competitive,diamond_plus,,,pickRate,0.0443,ratio,37565,,rivalstracker,primary,https://rivalstracker.com/heroes/black-panther,2026-08-25T14:02:59.000Z,2026-08-25T18:57:56.232Z,B,24,55,"Filters: Season 9.5, Competitive, Diamond+. Diamond+ is a seasonal rank-threshold population and is kept separate from the exact-rank benchmark and rolling Stats History. Percentages are displayed by RivalsTracker to two decimal places and converted to ratios without further precision. sample_matches repeats the source Matches field for each metric row. hero_rank is the displayed table order (win rate descending); tier_label is source-provided. Platform, region, and sample_players are not stated by the source and are left empty."
black-panther-s9-5-diamond-plus,black-panther,Black Panther,seasonalRankThreshold,9.5,competitive,diamond_plus,,,banRate,0.2104,ratio,37565,,rivalstracker,primary,https://rivalstracker.com/heroes/black-panther,2026-08-25T14:02:59.000Z,2026-08-25T18:57:56.232Z,B,24,55,"Filters: Season 9.5, Competitive, Diamond+. Diamond+ is a seasonal rank-threshold population and is kept separate from the exact-rank benchmark and rolling Stats History. Percentages are displayed by RivalsTracker to two decimal places and converted to ratios without further precision. sample_matches repeats the source Matches field for each metric row. hero_rank is the displayed table order (win rate descending); tier_label is source-provided. Platform, region, and sample_players are not stated by the source and are left empty."
star-lord-s9-5-diamond-plus,star-lord,Star-lord,seasonalRankThreshold,9.5,competitive,diamond_plus,,,winRate,0.5046,ratio,44283,,rivalstracker,primary,https://rivalstracker.com/heroes/star-lord,2026-08-25T14:02:59.000Z,2026-08-25T18:57:56.232Z,B,25,55,"Filters: Season 9.5, Competitive, Diamond+. Diamond+ is a seasonal rank-threshold population and is kept separate from the exact-rank benchmark and rolling Stats History. Percentages are displayed by RivalsTracker to two decimal places and converted to ratios without further precision. sample_matches repeats the source Matches field for each metric row. hero_rank is the displayed table order (win rate descending); tier_label is source-provided. Platform, region, and sample_players are not stated by the source and are left empty."
star-lord-s9-5-diamond-plus,star-lord,Star-lord,seasonalRankThreshold,9.5,competitive,diamond_plus,,,pickRate,0.0522,ratio,44283,,rivalstracker,primary,https://rivalstracker.com/heroes/star-lord,2026-08-25T14:02:59.000Z,2026-08-25T18:57:56.232Z,B,25,55,"Filters: Season 9.5, Competitive, Diamond+. Diamond+ is a seasonal rank-threshold population and is kept separate from the exact-rank benchmark and rolling Stats History. Percentages are displayed by RivalsTracker to two decimal places and converted to ratios without further precision. sample_matches repeats the source Matches field for each metric row. hero_rank is the displayed table order (win rate descending); tier_label is source-provided. Platform, region, and sample_players are not stated by the source and are left empty."
star-lord-s9-5-diamond-plus,star-lord,Star-lord,seasonalRankThreshold,9.5,competitive,diamond_plus,,,banRate,0.0039,ratio,44283,,rivalstracker,primary,https://rivalstracker.com/heroes/star-lord,2026-08-25T14:02:59.000Z,2026-08-25T18:57:56.232Z,B,25,55,"Filters: Season 9.5, Competitive, Diamond+. Diamond+ is a seasonal rank-threshold population and is kept separate from the exact-rank benchmark and rolling Stats History. Percentages are displayed by RivalsTracker to two decimal places and converted to ratios without further precision. sample_matches repeats the source Matches field for each metric row. hero_rank is the displayed table order (win rate descending); tier_label is source-provided. Platform, region, and sample_players are not stated by the source and are left empty."
hela-s9-5-diamond-plus,hela,Hela,seasonalRankThreshold,9.5,competitive,diamond_plus,,,winRate,0.5020,ratio,98476,,rivalstracker,primary,https://rivalstracker.com/heroes/hela,2026-08-25T14:02:59.000Z,2026-08-25T18:57:56.232Z,B,26,55,"Filters: Season 9.5, Competitive, Diamond+. Diamond+ is a seasonal rank-threshold population and is kept separate from the exact-rank benchmark and rolling Stats History. Percentages are displayed by RivalsTracker to two decimal places and converted to ratios without further precision. sample_matches repeats the source Matches field for each metric row. hero_rank is the displayed table order (win rate descending); tier_label is source-provided. Platform, region, and sample_players are not stated by the source and are left empty."
hela-s9-5-diamond-plus,hela,Hela,seasonalRankThreshold,9.5,competitive,diamond_plus,,,pickRate,0.1162,ratio,98476,,rivalstracker,primary,https://rivalstracker.com/heroes/hela,2026-08-25T14:02:59.000Z,2026-08-25T18:57:56.232Z,B,26,55,"Filters: Season 9.5, Competitive, Diamond+. Diamond+ is a seasonal rank-threshold population and is kept separate from the exact-rank benchmark and rolling Stats History. Percentages are displayed by RivalsTracker to two decimal places and converted to ratios without further precision. sample_matches repeats the source Matches field for each metric row. hero_rank is the displayed table order (win rate descending); tier_label is source-provided. Platform, region, and sample_players are not stated by the source and are left empty."
hela-s9-5-diamond-plus,hela,Hela,seasonalRankThreshold,9.5,competitive,diamond_plus,,,banRate,0.0586,ratio,98476,,rivalstracker,primary,https://rivalstracker.com/heroes/hela,2026-08-25T14:02:59.000Z,2026-08-25T18:57:56.232Z,B,26,55,"Filters: Season 9.5, Competitive, Diamond+. Diamond+ is a seasonal rank-threshold population and is kept separate from the exact-rank benchmark and rolling Stats History. Percentages are displayed by RivalsTracker to two decimal places and converted to ratios without further precision. sample_matches repeats the source Matches field for each metric row. hero_rank is the displayed table order (win rate descending); tier_label is source-provided. Platform, region, and sample_players are not stated by the source and are left empty."
venom-s9-5-diamond-plus,venom,Venom,seasonalRankThreshold,9.5,competitive,diamond_plus,,,winRate,0.5002,ratio,76019,,rivalstracker,primary,https://rivalstracker.com/heroes/venom,2026-08-25T14:02:59.000Z,2026-08-25T18:57:56.232Z,B,27,55,"Filters: Season 9.5, Competitive, Diamond+. Diamond+ is a seasonal rank-threshold population and is kept separate from the exact-rank benchmark and rolling Stats History. Percentages are displayed by RivalsTracker to two decimal places and converted to ratios without further precision. sample_matches repeats the source Matches field for each metric row. hero_rank is the displayed table order (win rate descending); tier_label is source-provided. Platform, region, and sample_players are not stated by the source and are left empty."
venom-s9-5-diamond-plus,venom,Venom,seasonalRankThreshold,9.5,competitive,diamond_plus,,,pickRate,0.0897,ratio,76019,,rivalstracker,primary,https://rivalstracker.com/heroes/venom,2026-08-25T14:02:59.000Z,2026-08-25T18:57:56.232Z,B,27,55,"Filters: Season 9.5, Competitive, Diamond+. Diamond+ is a seasonal rank-threshold population and is kept separate from the exact-rank benchmark and rolling Stats History. Percentages are displayed by RivalsTracker to two decimal places and converted to ratios without further precision. sample_matches repeats the source Matches field for each metric row. hero_rank is the displayed table order (win rate descending); tier_label is source-provided. Platform, region, and sample_players are not stated by the source and are left empty."
venom-s9-5-diamond-plus,venom,Venom,seasonalRankThreshold,9.5,competitive,diamond_plus,,,banRate,0.1069,ratio,76019,,rivalstracker,primary,https://rivalstracker.com/heroes/venom,2026-08-25T14:02:59.000Z,2026-08-25T18:57:56.232Z,B,27,55,"Filters: Season 9.5, Competitive, Diamond+. Diamond+ is a seasonal rank-threshold population and is kept separate from the exact-rank benchmark and rolling Stats History. Percentages are displayed by RivalsTracker to two decimal places and converted to ratios without further precision. sample_matches repeats the source Matches field for each metric row. hero_rank is the displayed table order (win rate descending); tier_label is source-provided. Platform, region, and sample_players are not stated by the source and are left empty."
elsa-bloodstone-s9-5-diamond-plus,elsa-bloodstone,Elsa Bloodstone,seasonalRankThreshold,9.5,competitive,diamond_plus,,,winRate,0.5000,ratio,74421,,rivalstracker,primary,https://rivalstracker.com/heroes/elsa-bloodstone,2026-08-25T14:02:59.000Z,2026-08-25T18:57:56.232Z,B,28,55,"Filters: Season 9.5, Competitive, Diamond+. Diamond+ is a seasonal rank-threshold population and is kept separate from the exact-rank benchmark and rolling Stats History. Percentages are displayed by RivalsTracker to two decimal places and converted to ratios without further precision. sample_matches repeats the source Matches field for each metric row. hero_rank is the displayed table order (win rate descending); tier_label is source-provided. Platform, region, and sample_players are not stated by the source and are left empty."
elsa-bloodstone-s9-5-diamond-plus,elsa-bloodstone,Elsa Bloodstone,seasonalRankThreshold,9.5,competitive,diamond_plus,,,pickRate,0.0878,ratio,74421,,rivalstracker,primary,https://rivalstracker.com/heroes/elsa-bloodstone,2026-08-25T14:02:59.000Z,2026-08-25T18:57:56.232Z,B,28,55,"Filters: Season 9.5, Competitive, Diamond+. Diamond+ is a seasonal rank-threshold population and is kept separate from the exact-rank benchmark and rolling Stats History. Percentages are displayed by RivalsTracker to two decimal places and converted to ratios without further precision. sample_matches repeats the source Matches field for each metric row. hero_rank is the displayed table order (win rate descending); tier_label is source-provided. Platform, region, and sample_players are not stated by the source and are left empty."
elsa-bloodstone-s9-5-diamond-plus,elsa-bloodstone,Elsa Bloodstone,seasonalRankThreshold,9.5,competitive,diamond_plus,,,banRate,0.2537,ratio,74421,,rivalstracker,primary,https://rivalstracker.com/heroes/elsa-bloodstone,2026-08-25T14:02:59.000Z,2026-08-25T18:57:56.232Z,B,28,55,"Filters: Season 9.5, Competitive, Diamond+. Diamond+ is a seasonal rank-threshold population and is kept separate from the exact-rank benchmark and rolling Stats History. Percentages are displayed by RivalsTracker to two decimal places and converted to ratios without further precision. sample_matches repeats the source Matches field for each metric row. hero_rank is the displayed table order (win rate descending); tier_label is source-provided. Platform, region, and sample_players are not stated by the source and are left empty."
psylocke-s9-5-diamond-plus,psylocke,Psylocke,seasonalRankThreshold,9.5,competitive,diamond_plus,,,winRate,0.4998,ratio,32838,,rivalstracker,primary,https://rivalstracker.com/heroes/psylocke,2026-08-25T14:02:59.000Z,2026-08-25T18:57:56.232Z,B,29,55,"Filters: Season 9.5, Competitive, Diamond+. Diamond+ is a seasonal rank-threshold population and is kept separate from the exact-rank benchmark and rolling Stats History. Percentages are displayed by RivalsTracker to two decimal places and converted to ratios without further precision. sample_matches repeats the source Matches field for each metric row. hero_rank is the displayed table order (win rate descending); tier_label is source-provided. Platform, region, and sample_players are not stated by the source and are left empty."
psylocke-s9-5-diamond-plus,psylocke,Psylocke,seasonalRankThreshold,9.5,competitive,diamond_plus,,,pickRate,0.0387,ratio,32838,,rivalstracker,primary,https://rivalstracker.com/heroes/psylocke,2026-08-25T14:02:59.000Z,2026-08-25T18:57:56.232Z,B,29,55,"Filters: Season 9.5, Competitive, Diamond+. Diamond+ is a seasonal rank-threshold population and is kept separate from the exact-rank benchmark and rolling Stats History. Percentages are displayed by RivalsTracker to two decimal places and converted to ratios without further precision. sample_matches repeats the source Matches field for each metric row. hero_rank is the displayed table order (win rate descending); tier_label is source-provided. Platform, region, and sample_players are not stated by the source and are left empty."
psylocke-s9-5-diamond-plus,psylocke,Psylocke,seasonalRankThreshold,9.5,competitive,diamond_plus,,,banRate,0.0031,ratio,32838,,rivalstracker,primary,https://rivalstracker.com/heroes/psylocke,2026-08-25T14:02:59.000Z,2026-08-25T18:57:56.232Z,B,29,55,"Filters: Season 9.5, Competitive, Diamond+. Diamond+ is a seasonal rank-threshold population and is kept separate from the exact-rank benchmark and rolling Stats History. Percentages are displayed by RivalsTracker to two decimal places and converted to ratios without further precision. sample_matches repeats the source Matches field for each metric row. hero_rank is the displayed table order (win rate descending); tier_label is source-provided. Platform, region, and sample_players are not stated by the source and are left empty."
wolverine-s9-5-diamond-plus,wolverine,Wolverine,seasonalRankThreshold,9.5,competitive,diamond_plus,,,winRate,0.4994,ratio,42236,,rivalstracker,primary,https://rivalstracker.com/heroes/wolverine,2026-08-25T14:02:59.000Z,2026-08-25T18:57:56.232Z,B,30,55,"Filters: Season 9.5, Competitive, Diamond+. Diamond+ is a seasonal rank-threshold population and is kept separate from the exact-rank benchmark and rolling Stats History. Percentages are displayed by RivalsTracker to two decimal places and converted to ratios without further precision. sample_matches repeats the source Matches field for each metric row. hero_rank is the displayed table order (win rate descending); tier_label is source-provided. Platform, region, and sample_players are not stated by the source and are left empty."
wolverine-s9-5-diamond-plus,wolverine,Wolverine,seasonalRankThreshold,9.5,competitive,diamond_plus,,,pickRate,0.0498,ratio,42236,,rivalstracker,primary,https://rivalstracker.com/heroes/wolverine,2026-08-25T14:02:59.000Z,2026-08-25T18:57:56.232Z,B,30,55,"Filters: Season 9.5, Competitive, Diamond+. Diamond+ is a seasonal rank-threshold population and is kept separate from the exact-rank benchmark and rolling Stats History. Percentages are displayed by RivalsTracker to two decimal places and converted to ratios without further precision. sample_matches repeats the source Matches field for each metric row. hero_rank is the displayed table order (win rate descending); tier_label is source-provided. Platform, region, and sample_players are not stated by the source and are left empty."
wolverine-s9-5-diamond-plus,wolverine,Wolverine,seasonalRankThreshold,9.5,competitive,diamond_plus,,,banRate,0.0149,ratio,42236,,rivalstracker,primary,https://rivalstracker.com/heroes/wolverine,2026-08-25T14:02:59.000Z,2026-08-25T18:57:56.232Z,B,30,55,"Filters: Season 9.5, Competitive, Diamond+. Diamond+ is a seasonal rank-threshold population and is kept separate from the exact-rank benchmark and rolling Stats History. Percentages are displayed by RivalsTracker to two decimal places and converted to ratios without further precision. sample_matches repeats the source Matches field for each metric row. hero_rank is the displayed table order (win rate descending); tier_label is source-provided. Platform, region, and sample_players are not stated by the source and are left empty."
blade-s9-5-diamond-plus,blade,Blade,seasonalRankThreshold,9.5,competitive,diamond_plus,,,winRate,0.4981,ratio,39003,,rivalstracker,primary,https://rivalstracker.com/heroes/blade,2026-08-25T14:02:59.000Z,2026-08-25T18:57:56.232Z,B,31,55,"Filters: Season 9.5, Competitive, Diamond+. Diamond+ is a seasonal rank-threshold population and is kept separate from the exact-rank benchmark and rolling Stats History. Percentages are displayed by RivalsTracker to two decimal places and converted to ratios without further precision. sample_matches repeats the source Matches field for each metric row. hero_rank is the displayed table order (win rate descending); tier_label is source-provided. Platform, region, and sample_players are not stated by the source and are left empty."
blade-s9-5-diamond-plus,blade,Blade,seasonalRankThreshold,9.5,competitive,diamond_plus,,,pickRate,0.0460,ratio,39003,,rivalstracker,primary,https://rivalstracker.com/heroes/blade,2026-08-25T14:02:59.000Z,2026-08-25T18:57:56.232Z,B,31,55,"Filters: Season 9.5, Competitive, Diamond+. Diamond+ is a seasonal rank-threshold population and is kept separate from the exact-rank benchmark and rolling Stats History. Percentages are displayed by RivalsTracker to two decimal places and converted to ratios without further precision. sample_matches repeats the source Matches field for each metric row. hero_rank is the displayed table order (win rate descending); tier_label is source-provided. Platform, region, and sample_players are not stated by the source and are left empty."
blade-s9-5-diamond-plus,blade,Blade,seasonalRankThreshold,9.5,competitive,diamond_plus,,,banRate,0.0051,ratio,39003,,rivalstracker,primary,https://rivalstracker.com/heroes/blade,2026-08-25T14:02:59.000Z,2026-08-25T18:57:56.232Z,B,31,55,"Filters: Season 9.5, Competitive, Diamond+. Diamond+ is a seasonal rank-threshold population and is kept separate from the exact-rank benchmark and rolling Stats History. Percentages are displayed by RivalsTracker to two decimal places and converted to ratios without further precision. sample_matches repeats the source Matches field for each metric row. hero_rank is the displayed table order (win rate descending); tier_label is source-provided. Platform, region, and sample_players are not stated by the source and are left empty."
jubilee-s9-5-diamond-plus,jubilee,Jubilee,seasonalRankThreshold,9.5,competitive,diamond_plus,,,winRate,0.4940,ratio,232821,,rivalstracker,primary,https://rivalstracker.com/heroes/jubilee,2026-08-25T14:02:59.000Z,2026-08-25T18:57:56.232Z,B,32,55,"Filters: Season 9.5, Competitive, Diamond+. Diamond+ is a seasonal rank-threshold population and is kept separate from the exact-rank benchmark and rolling Stats History. Percentages are displayed by RivalsTracker to two decimal places and converted to ratios without further precision. sample_matches repeats the source Matches field for each metric row. hero_rank is the displayed table order (win rate descending); tier_label is source-provided. Platform, region, and sample_players are not stated by the source and are left empty."
jubilee-s9-5-diamond-plus,jubilee,Jubilee,seasonalRankThreshold,9.5,competitive,diamond_plus,,,pickRate,0.2746,ratio,232821,,rivalstracker,primary,https://rivalstracker.com/heroes/jubilee,2026-08-25T14:02:59.000Z,2026-08-25T18:57:56.232Z,B,32,55,"Filters: Season 9.5, Competitive, Diamond+. Diamond+ is a seasonal rank-threshold population and is kept separate from the exact-rank benchmark and rolling Stats History. Percentages are displayed by RivalsTracker to two decimal places and converted to ratios without further precision. sample_matches repeats the source Matches field for each metric row. hero_rank is the displayed table order (win rate descending); tier_label is source-provided. Platform, region, and sample_players are not stated by the source and are left empty."
jubilee-s9-5-diamond-plus,jubilee,Jubilee,seasonalRankThreshold,9.5,competitive,diamond_plus,,,banRate,0.0090,ratio,232821,,rivalstracker,primary,https://rivalstracker.com/heroes/jubilee,2026-08-25T14:02:59.000Z,2026-08-25T18:57:56.232Z,B,32,55,"Filters: Season 9.5, Competitive, Diamond+. Diamond+ is a seasonal rank-threshold population and is kept separate from the exact-rank benchmark and rolling Stats History. Percentages are displayed by RivalsTracker to two decimal places and converted to ratios without further precision. sample_matches repeats the source Matches field for each metric row. hero_rank is the displayed table order (win rate descending); tier_label is source-provided. Platform, region, and sample_players are not stated by the source and are left empty."
adam-warlock-s9-5-diamond-plus,adam-warlock,Adam Warlock,seasonalRankThreshold,9.5,competitive,diamond_plus,,,winRate,0.4914,ratio,22790,,rivalstracker,primary,https://rivalstracker.com/heroes/adam-warlock,2026-08-25T14:02:59.000Z,2026-08-25T18:57:56.232Z,C,33,55,"Filters: Season 9.5, Competitive, Diamond+. Diamond+ is a seasonal rank-threshold population and is kept separate from the exact-rank benchmark and rolling Stats History. Percentages are displayed by RivalsTracker to two decimal places and converted to ratios without further precision. sample_matches repeats the source Matches field for each metric row. hero_rank is the displayed table order (win rate descending); tier_label is source-provided. Platform, region, and sample_players are not stated by the source and are left empty."
adam-warlock-s9-5-diamond-plus,adam-warlock,Adam Warlock,seasonalRankThreshold,9.5,competitive,diamond_plus,,,pickRate,0.0269,ratio,22790,,rivalstracker,primary,https://rivalstracker.com/heroes/adam-warlock,2026-08-25T14:02:59.000Z,2026-08-25T18:57:56.232Z,C,33,55,"Filters: Season 9.5, Competitive, Diamond+. Diamond+ is a seasonal rank-threshold population and is kept separate from the exact-rank benchmark and rolling Stats History. Percentages are displayed by RivalsTracker to two decimal places and converted to ratios without further precision. sample_matches repeats the source Matches field for each metric row. hero_rank is the displayed table order (win rate descending); tier_label is source-provided. Platform, region, and sample_players are not stated by the source and are left empty."
adam-warlock-s9-5-diamond-plus,adam-warlock,Adam Warlock,seasonalRankThreshold,9.5,competitive,diamond_plus,,,banRate,0.0012,ratio,22790,,rivalstracker,primary,https://rivalstracker.com/heroes/adam-warlock,2026-08-25T14:02:59.000Z,2026-08-25T18:57:56.232Z,C,33,55,"Filters: Season 9.5, Competitive, Diamond+. Diamond+ is a seasonal rank-threshold population and is kept separate from the exact-rank benchmark and rolling Stats History. Percentages are displayed by RivalsTracker to two decimal places and converted to ratios without further precision. sample_matches repeats the source Matches field for each metric row. hero_rank is the displayed table order (win rate descending); tier_label is source-provided. Platform, region, and sample_players are not stated by the source and are left empty."
moon-knight-s9-5-diamond-plus,moon-knight,Moon Knight,seasonalRankThreshold,9.5,competitive,diamond_plus,,,winRate,0.4904,ratio,50943,,rivalstracker,primary,https://rivalstracker.com/heroes/moon-knight,2026-08-25T14:02:59.000Z,2026-08-25T18:57:56.232Z,B,34,55,"Filters: Season 9.5, Competitive, Diamond+. Diamond+ is a seasonal rank-threshold population and is kept separate from the exact-rank benchmark and rolling Stats History. Percentages are displayed by RivalsTracker to two decimal places and converted to ratios without further precision. sample_matches repeats the source Matches field for each metric row. hero_rank is the displayed table order (win rate descending); tier_label is source-provided. Platform, region, and sample_players are not stated by the source and are left empty."
moon-knight-s9-5-diamond-plus,moon-knight,Moon Knight,seasonalRankThreshold,9.5,competitive,diamond_plus,,,pickRate,0.0601,ratio,50943,,rivalstracker,primary,https://rivalstracker.com/heroes/moon-knight,2026-08-25T14:02:59.000Z,2026-08-25T18:57:56.232Z,B,34,55,"Filters: Season 9.5, Competitive, Diamond+. Diamond+ is a seasonal rank-threshold population and is kept separate from the exact-rank benchmark and rolling Stats History. Percentages are displayed by RivalsTracker to two decimal places and converted to ratios without further precision. sample_matches repeats the source Matches field for each metric row. hero_rank is the displayed table order (win rate descending); tier_label is source-provided. Platform, region, and sample_players are not stated by the source and are left empty."
moon-knight-s9-5-diamond-plus,moon-knight,Moon Knight,seasonalRankThreshold,9.5,competitive,diamond_plus,,,banRate,0.0045,ratio,50943,,rivalstracker,primary,https://rivalstracker.com/heroes/moon-knight,2026-08-25T14:02:59.000Z,2026-08-25T18:57:56.232Z,B,34,55,"Filters: Season 9.5, Competitive, Diamond+. Diamond+ is a seasonal rank-threshold population and is kept separate from the exact-rank benchmark and rolling Stats History. Percentages are displayed by RivalsTracker to two decimal places and converted to ratios without further precision. sample_matches repeats the source Matches field for each metric row. hero_rank is the displayed table order (win rate descending); tier_label is source-provided. Platform, region, and sample_players are not stated by the source and are left empty."
hawkeye-s9-5-diamond-plus,hawkeye,Hawkeye,seasonalRankThreshold,9.5,competitive,diamond_plus,,,winRate,0.4876,ratio,22510,,rivalstracker,primary,https://rivalstracker.com/heroes/hawkeye,2026-08-25T14:02:59.000Z,2026-08-25T18:57:56.232Z,C,35,55,"Filters: Season 9.5, Competitive, Diamond+. Diamond+ is a seasonal rank-threshold population and is kept separate from the exact-rank benchmark and rolling Stats History. Percentages are displayed by RivalsTracker to two decimal places and converted to ratios without further precision. sample_matches repeats the source Matches field for each metric row. hero_rank is the displayed table order (win rate descending); tier_label is source-provided. Platform, region, and sample_players are not stated by the source and are left empty."
hawkeye-s9-5-diamond-plus,hawkeye,Hawkeye,seasonalRankThreshold,9.5,competitive,diamond_plus,,,pickRate,0.0266,ratio,22510,,rivalstracker,primary,https://rivalstracker.com/heroes/hawkeye,2026-08-25T14:02:59.000Z,2026-08-25T18:57:56.232Z,C,35,55,"Filters: Season 9.5, Competitive, Diamond+. Diamond+ is a seasonal rank-threshold population and is kept separate from the exact-rank benchmark and rolling Stats History. Percentages are displayed by RivalsTracker to two decimal places and converted to ratios without further precision. sample_matches repeats the source Matches field for each metric row. hero_rank is the displayed table order (win rate descending); tier_label is source-provided. Platform, region, and sample_players are not stated by the source and are left empty."
hawkeye-s9-5-diamond-plus,hawkeye,Hawkeye,seasonalRankThreshold,9.5,competitive,diamond_plus,,,banRate,0.0027,ratio,22510,,rivalstracker,primary,https://rivalstracker.com/heroes/hawkeye,2026-08-25T14:02:59.000Z,2026-08-25T18:57:56.232Z,C,35,55,"Filters: Season 9.5, Competitive, Diamond+. Diamond+ is a seasonal rank-threshold population and is kept separate from the exact-rank benchmark and rolling Stats History. Percentages are displayed by RivalsTracker to two decimal places and converted to ratios without further precision. sample_matches repeats the source Matches field for each metric row. hero_rank is the displayed table order (win rate descending); tier_label is source-provided. Platform, region, and sample_players are not stated by the source and are left empty."
cloak-and-dagger-s9-5-diamond-plus,cloak-and-dagger,Cloak & Dagger,seasonalRankThreshold,9.5,competitive,diamond_plus,,,winRate,0.4864,ratio,320793,,rivalstracker,primary,https://rivalstracker.com/heroes/cloak-&-dagger,2026-08-25T14:02:59.000Z,2026-08-25T18:57:56.232Z,B,36,55,"Filters: Season 9.5, Competitive, Diamond+. Diamond+ is a seasonal rank-threshold population and is kept separate from the exact-rank benchmark and rolling Stats History. Percentages are displayed by RivalsTracker to two decimal places and converted to ratios without further precision. sample_matches repeats the source Matches field for each metric row. hero_rank is the displayed table order (win rate descending); tier_label is source-provided. Platform, region, and sample_players are not stated by the source and are left empty."
cloak-and-dagger-s9-5-diamond-plus,cloak-and-dagger,Cloak & Dagger,seasonalRankThreshold,9.5,competitive,diamond_plus,,,pickRate,0.3784,ratio,320793,,rivalstracker,primary,https://rivalstracker.com/heroes/cloak-&-dagger,2026-08-25T14:02:59.000Z,2026-08-25T18:57:56.232Z,B,36,55,"Filters: Season 9.5, Competitive, Diamond+. Diamond+ is a seasonal rank-threshold population and is kept separate from the exact-rank benchmark and rolling Stats History. Percentages are displayed by RivalsTracker to two decimal places and converted to ratios without further precision. sample_matches repeats the source Matches field for each metric row. hero_rank is the displayed table order (win rate descending); tier_label is source-provided. Platform, region, and sample_players are not stated by the source and are left empty."
cloak-and-dagger-s9-5-diamond-plus,cloak-and-dagger,Cloak & Dagger,seasonalRankThreshold,9.5,competitive,diamond_plus,,,banRate,0.1734,ratio,320793,,rivalstracker,primary,https://rivalstracker.com/heroes/cloak-&-dagger,2026-08-25T14:02:59.000Z,2026-08-25T18:57:56.232Z,B,36,55,"Filters: Season 9.5, Competitive, Diamond+. Diamond+ is a seasonal rank-threshold population and is kept separate from the exact-rank benchmark and rolling Stats History. Percentages are displayed by RivalsTracker to two decimal places and converted to ratios without further precision. sample_matches repeats the source Matches field for each metric row. hero_rank is the displayed table order (win rate descending); tier_label is source-provided. Platform, region, and sample_players are not stated by the source and are left empty."
devil-dinosaur-s9-5-diamond-plus,devil-dinosaur,Devil Dinosaur,seasonalRankThreshold,9.5,competitive,diamond_plus,,,winRate,0.4859,ratio,52828,,rivalstracker,primary,https://rivalstracker.com/heroes/devil-dinosaur,2026-08-25T14:02:59.000Z,2026-08-25T18:57:56.232Z,C,37,55,"Filters: Season 9.5, Competitive, Diamond+. Diamond+ is a seasonal rank-threshold population and is kept separate from the exact-rank benchmark and rolling Stats History. Percentages are displayed by RivalsTracker to two decimal places and converted to ratios without further precision. sample_matches repeats the source Matches field for each metric row. hero_rank is the displayed table order (win rate descending); tier_label is source-provided. Platform, region, and sample_players are not stated by the source and are left empty."
devil-dinosaur-s9-5-diamond-plus,devil-dinosaur,Devil Dinosaur,seasonalRankThreshold,9.5,competitive,diamond_plus,,,pickRate,0.0623,ratio,52828,,rivalstracker,primary,https://rivalstracker.com/heroes/devil-dinosaur,2026-08-25T14:02:59.000Z,2026-08-25T18:57:56.232Z,C,37,55,"Filters: Season 9.5, Competitive, Diamond+. Diamond+ is a seasonal rank-threshold population and is kept separate from the exact-rank benchmark and rolling Stats History. Percentages are displayed by RivalsTracker to two decimal places and converted to ratios without further precision. sample_matches repeats the source Matches field for each metric row. hero_rank is the displayed table order (win rate descending); tier_label is source-provided. Platform, region, and sample_players are not stated by the source and are left empty."
devil-dinosaur-s9-5-diamond-plus,devil-dinosaur,Devil Dinosaur,seasonalRankThreshold,9.5,competitive,diamond_plus,,,banRate,0.0091,ratio,52828,,rivalstracker,primary,https://rivalstracker.com/heroes/devil-dinosaur,2026-08-25T14:02:59.000Z,2026-08-25T18:57:56.232Z,C,37,55,"Filters: Season 9.5, Competitive, Diamond+. Diamond+ is a seasonal rank-threshold population and is kept separate from the exact-rank benchmark and rolling Stats History. Percentages are displayed by RivalsTracker to two decimal places and converted to ratios without further precision. sample_matches repeats the source Matches field for each metric row. hero_rank is the displayed table order (win rate descending); tier_label is source-provided. Platform, region, and sample_players are not stated by the source and are left empty."
winter-soldier-s9-5-diamond-plus,winter-soldier,Winter Soldier,seasonalRankThreshold,9.5,competitive,diamond_plus,,,winRate,0.4859,ratio,232615,,rivalstracker,primary,https://rivalstracker.com/heroes/winter-soldier,2026-08-25T14:02:59.000Z,2026-08-25T18:57:56.232Z,B,38,55,"Filters: Season 9.5, Competitive, Diamond+. Diamond+ is a seasonal rank-threshold population and is kept separate from the exact-rank benchmark and rolling Stats History. Percentages are displayed by RivalsTracker to two decimal places and converted to ratios without further precision. sample_matches repeats the source Matches field for each metric row. hero_rank is the displayed table order (win rate descending); tier_label is source-provided. Platform, region, and sample_players are not stated by the source and are left empty."
winter-soldier-s9-5-diamond-plus,winter-soldier,Winter Soldier,seasonalRankThreshold,9.5,competitive,diamond_plus,,,pickRate,0.2744,ratio,232615,,rivalstracker,primary,https://rivalstracker.com/heroes/winter-soldier,2026-08-25T14:02:59.000Z,2026-08-25T18:57:56.232Z,B,38,55,"Filters: Season 9.5, Competitive, Diamond+. Diamond+ is a seasonal rank-threshold population and is kept separate from the exact-rank benchmark and rolling Stats History. Percentages are displayed by RivalsTracker to two decimal places and converted to ratios without further precision. sample_matches repeats the source Matches field for each metric row. hero_rank is the displayed table order (win rate descending); tier_label is source-provided. Platform, region, and sample_players are not stated by the source and are left empty."
winter-soldier-s9-5-diamond-plus,winter-soldier,Winter Soldier,seasonalRankThreshold,9.5,competitive,diamond_plus,,,banRate,0.1005,ratio,232615,,rivalstracker,primary,https://rivalstracker.com/heroes/winter-soldier,2026-08-25T14:02:59.000Z,2026-08-25T18:57:56.232Z,B,38,55,"Filters: Season 9.5, Competitive, Diamond+. Diamond+ is a seasonal rank-threshold population and is kept separate from the exact-rank benchmark and rolling Stats History. Percentages are displayed by RivalsTracker to two decimal places and converted to ratios without further precision. sample_matches repeats the source Matches field for each metric row. hero_rank is the displayed table order (win rate descending); tier_label is source-provided. Platform, region, and sample_players are not stated by the source and are left empty."
black-widow-s9-5-diamond-plus,black-widow,Black Widow,seasonalRankThreshold,9.5,competitive,diamond_plus,,,winRate,0.4835,ratio,71407,,rivalstracker,primary,https://rivalstracker.com/heroes/black-widow,2026-08-25T14:02:59.000Z,2026-08-25T18:57:56.232Z,C,39,55,"Filters: Season 9.5, Competitive, Diamond+. Diamond+ is a seasonal rank-threshold population and is kept separate from the exact-rank benchmark and rolling Stats History. Percentages are displayed by RivalsTracker to two decimal places and converted to ratios without further precision. sample_matches repeats the source Matches field for each metric row. hero_rank is the displayed table order (win rate descending); tier_label is source-provided. Platform, region, and sample_players are not stated by the source and are left empty."
black-widow-s9-5-diamond-plus,black-widow,Black Widow,seasonalRankThreshold,9.5,competitive,diamond_plus,,,pickRate,0.0842,ratio,71407,,rivalstracker,primary,https://rivalstracker.com/heroes/black-widow,2026-08-25T14:02:59.000Z,2026-08-25T18:57:56.232Z,C,39,55,"Filters: Season 9.5, Competitive, Diamond+. Diamond+ is a seasonal rank-threshold population and is kept separate from the exact-rank benchmark and rolling Stats History. Percentages are displayed by RivalsTracker to two decimal places and converted to ratios without further precision. sample_matches repeats the source Matches field for each metric row. hero_rank is the displayed table order (win rate descending); tier_label is source-provided. Platform, region, and sample_players are not stated by the source and are left empty."
black-widow-s9-5-diamond-plus,black-widow,Black Widow,seasonalRankThreshold,9.5,competitive,diamond_plus,,,banRate,0.0279,ratio,71407,,rivalstracker,primary,https://rivalstracker.com/heroes/black-widow,2026-08-25T14:02:59.000Z,2026-08-25T18:57:56.232Z,C,39,55,"Filters: Season 9.5, Competitive, Diamond+. Diamond+ is a seasonal rank-threshold population and is kept separate from the exact-rank benchmark and rolling Stats History. Percentages are displayed by RivalsTracker to two decimal places and converted to ratios without further precision. sample_matches repeats the source Matches field for each metric row. hero_rank is the displayed table order (win rate descending); tier_label is source-provided. Platform, region, and sample_players are not stated by the source and are left empty."
doctor-strange-s9-5-diamond-plus,doctor-strange,Doctor Strange,seasonalRankThreshold,9.5,competitive,diamond_plus,,,winRate,0.4834,ratio,147742,,rivalstracker,primary,https://rivalstracker.com/heroes/doctor-strange,2026-08-25T14:02:59.000Z,2026-08-25T18:57:56.232Z,C,40,55,"Filters: Season 9.5, Competitive, Diamond+. Diamond+ is a seasonal rank-threshold population and is kept separate from the exact-rank benchmark and rolling Stats History. Percentages are displayed by RivalsTracker to two decimal places and converted to ratios without further precision. sample_matches repeats the source Matches field for each metric row. hero_rank is the displayed table order (win rate descending); tier_label is source-provided. Platform, region, and sample_players are not stated by the source and are left empty."
doctor-strange-s9-5-diamond-plus,doctor-strange,Doctor Strange,seasonalRankThreshold,9.5,competitive,diamond_plus,,,pickRate,0.1743,ratio,147742,,rivalstracker,primary,https://rivalstracker.com/heroes/doctor-strange,2026-08-25T14:02:59.000Z,2026-08-25T18:57:56.232Z,C,40,55,"Filters: Season 9.5, Competitive, Diamond+. Diamond+ is a seasonal rank-threshold population and is kept separate from the exact-rank benchmark and rolling Stats History. Percentages are displayed by RivalsTracker to two decimal places and converted to ratios without further precision. sample_matches repeats the source Matches field for each metric row. hero_rank is the displayed table order (win rate descending); tier_label is source-provided. Platform, region, and sample_players are not stated by the source and are left empty."
doctor-strange-s9-5-diamond-plus,doctor-strange,Doctor Strange,seasonalRankThreshold,9.5,competitive,diamond_plus,,,banRate,0.0036,ratio,147742,,rivalstracker,primary,https://rivalstracker.com/heroes/doctor-strange,2026-08-25T14:02:59.000Z,2026-08-25T18:57:56.232Z,C,40,55,"Filters: Season 9.5, Competitive, Diamond+. Diamond+ is a seasonal rank-threshold population and is kept separate from the exact-rank benchmark and rolling Stats History. Percentages are displayed by RivalsTracker to two decimal places and converted to ratios without further precision. sample_matches repeats the source Matches field for each metric row. hero_rank is the displayed table order (win rate descending); tier_label is source-provided. Platform, region, and sample_players are not stated by the source and are left empty."
gambit-s9-5-diamond-plus,gambit,Gambit,seasonalRankThreshold,9.5,competitive,diamond_plus,,,winRate,0.4799,ratio,186568,,rivalstracker,primary,https://rivalstracker.com/heroes/gambit,2026-08-25T14:02:59.000Z,2026-08-25T18:57:56.232Z,B,41,55,"Filters: Season 9.5, Competitive, Diamond+. Diamond+ is a seasonal rank-threshold population and is kept separate from the exact-rank benchmark and rolling Stats History. Percentages are displayed by RivalsTracker to two decimal places and converted to ratios without further precision. sample_matches repeats the source Matches field for each metric row. hero_rank is the displayed table order (win rate descending); tier_label is source-provided. Platform, region, and sample_players are not stated by the source and are left empty."
gambit-s9-5-diamond-plus,gambit,Gambit,seasonalRankThreshold,9.5,competitive,diamond_plus,,,pickRate,0.2201,ratio,186568,,rivalstracker,primary,https://rivalstracker.com/heroes/gambit,2026-08-25T14:02:59.000Z,2026-08-25T18:57:56.232Z,B,41,55,"Filters: Season 9.5, Competitive, Diamond+. Diamond+ is a seasonal rank-threshold population and is kept separate from the exact-rank benchmark and rolling Stats History. Percentages are displayed by RivalsTracker to two decimal places and converted to ratios without further precision. sample_matches repeats the source Matches field for each metric row. hero_rank is the displayed table order (win rate descending); tier_label is source-provided. Platform, region, and sample_players are not stated by the source and are left empty."
gambit-s9-5-diamond-plus,gambit,Gambit,seasonalRankThreshold,9.5,competitive,diamond_plus,,,banRate,0.2007,ratio,186568,,rivalstracker,primary,https://rivalstracker.com/heroes/gambit,2026-08-25T14:02:59.000Z,2026-08-25T18:57:56.232Z,B,41,55,"Filters: Season 9.5, Competitive, Diamond+. Diamond+ is a seasonal rank-threshold population and is kept separate from the exact-rank benchmark and rolling Stats History. Percentages are displayed by RivalsTracker to two decimal places and converted to ratios without further precision. sample_matches repeats the source Matches field for each metric row. hero_rank is the displayed table order (win rate descending); tier_label is source-provided. Platform, region, and sample_players are not stated by the source and are left empty."
deadpool-duelist-s9-5-diamond-plus,deadpool-duelist,Deadpool (Duelist),seasonalRankThreshold,9.5,competitive,diamond_plus,,,winRate,0.4715,ratio,29097,,rivalstracker,primary,https://rivalstracker.com/heroes/deadpool-duelist,2026-08-25T14:02:59.000Z,2026-08-25T18:57:56.232Z,D,42,55,"Filters: Season 9.5, Competitive, Diamond+. Diamond+ is a seasonal rank-threshold population and is kept separate from the exact-rank benchmark and rolling Stats History. Percentages are displayed by RivalsTracker to two decimal places and converted to ratios without further precision. sample_matches repeats the source Matches field for each metric row. hero_rank is the displayed table order (win rate descending); tier_label is source-provided. Platform, region, and sample_players are not stated by the source and are left empty."
deadpool-duelist-s9-5-diamond-plus,deadpool-duelist,Deadpool (Duelist),seasonalRankThreshold,9.5,competitive,diamond_plus,,,pickRate,0.0343,ratio,29097,,rivalstracker,primary,https://rivalstracker.com/heroes/deadpool-duelist,2026-08-25T14:02:59.000Z,2026-08-25T18:57:56.232Z,D,42,55,"Filters: Season 9.5, Competitive, Diamond+. Diamond+ is a seasonal rank-threshold population and is kept separate from the exact-rank benchmark and rolling Stats History. Percentages are displayed by RivalsTracker to two decimal places and converted to ratios without further precision. sample_matches repeats the source Matches field for each metric row. hero_rank is the displayed table order (win rate descending); tier_label is source-provided. Platform, region, and sample_players are not stated by the source and are left empty."
deadpool-duelist-s9-5-diamond-plus,deadpool-duelist,Deadpool (Duelist),seasonalRankThreshold,9.5,competitive,diamond_plus,,,banRate,0.0033,ratio,29097,,rivalstracker,primary,https://rivalstracker.com/heroes/deadpool-duelist,2026-08-25T14:02:59.000Z,2026-08-25T18:57:56.232Z,D,42,55,"Filters: Season 9.5, Competitive, Diamond+. Diamond+ is a seasonal rank-threshold population and is kept separate from the exact-rank benchmark and rolling Stats History. Percentages are displayed by RivalsTracker to two decimal places and converted to ratios without further precision. sample_matches repeats the source Matches field for each metric row. hero_rank is the displayed table order (win rate descending); tier_label is source-provided. Platform, region, and sample_players are not stated by the source and are left empty."
invisible-woman-s9-5-diamond-plus,invisible-woman,Invisible Woman,seasonalRankThreshold,9.5,competitive,diamond_plus,,,winRate,0.4682,ratio,230503,,rivalstracker,primary,https://rivalstracker.com/heroes/invisible-woman,2026-08-25T14:02:59.000Z,2026-08-25T18:57:56.232Z,C,43,55,"Filters: Season 9.5, Competitive, Diamond+. Diamond+ is a seasonal rank-threshold population and is kept separate from the exact-rank benchmark and rolling Stats History. Percentages are displayed by RivalsTracker to two decimal places and converted to ratios without further precision. sample_matches repeats the source Matches field for each metric row. hero_rank is the displayed table order (win rate descending); tier_label is source-provided. Platform, region, and sample_players are not stated by the source and are left empty."
invisible-woman-s9-5-diamond-plus,invisible-woman,Invisible Woman,seasonalRankThreshold,9.5,competitive,diamond_plus,,,pickRate,0.2719,ratio,230503,,rivalstracker,primary,https://rivalstracker.com/heroes/invisible-woman,2026-08-25T14:02:59.000Z,2026-08-25T18:57:56.232Z,C,43,55,"Filters: Season 9.5, Competitive, Diamond+. Diamond+ is a seasonal rank-threshold population and is kept separate from the exact-rank benchmark and rolling Stats History. Percentages are displayed by RivalsTracker to two decimal places and converted to ratios without further precision. sample_matches repeats the source Matches field for each metric row. hero_rank is the displayed table order (win rate descending); tier_label is source-provided. Platform, region, and sample_players are not stated by the source and are left empty."
invisible-woman-s9-5-diamond-plus,invisible-woman,Invisible Woman,seasonalRankThreshold,9.5,competitive,diamond_plus,,,banRate,0.0071,ratio,230503,,rivalstracker,primary,https://rivalstracker.com/heroes/invisible-woman,2026-08-25T14:02:59.000Z,2026-08-25T18:57:56.232Z,C,43,55,"Filters: Season 9.5, Competitive, Diamond+. Diamond+ is a seasonal rank-threshold population and is kept separate from the exact-rank benchmark and rolling Stats History. Percentages are displayed by RivalsTracker to two decimal places and converted to ratios without further precision. sample_matches repeats the source Matches field for each metric row. hero_rank is the displayed table order (win rate descending); tier_label is source-provided. Platform, region, and sample_players are not stated by the source and are left empty."
the-punisher-s9-5-diamond-plus,the-punisher,The Punisher,seasonalRankThreshold,9.5,competitive,diamond_plus,,,winRate,0.4603,ratio,84017,,rivalstracker,primary,https://rivalstracker.com/heroes/the-punisher,2026-08-25T14:02:59.000Z,2026-08-25T18:57:56.232Z,C,44,55,"Filters: Season 9.5, Competitive, Diamond+. Diamond+ is a seasonal rank-threshold population and is kept separate from the exact-rank benchmark and rolling Stats History. Percentages are displayed by RivalsTracker to two decimal places and converted to ratios without further precision. sample_matches repeats the source Matches field for each metric row. hero_rank is the displayed table order (win rate descending); tier_label is source-provided. Platform, region, and sample_players are not stated by the source and are left empty."
the-punisher-s9-5-diamond-plus,the-punisher,The Punisher,seasonalRankThreshold,9.5,competitive,diamond_plus,,,pickRate,0.0991,ratio,84017,,rivalstracker,primary,https://rivalstracker.com/heroes/the-punisher,2026-08-25T14:02:59.000Z,2026-08-25T18:57:56.232Z,C,44,55,"Filters: Season 9.5, Competitive, Diamond+. Diamond+ is a seasonal rank-threshold population and is kept separate from the exact-rank benchmark and rolling Stats History. Percentages are displayed by RivalsTracker to two decimal places and converted to ratios without further precision. sample_matches repeats the source Matches field for each metric row. hero_rank is the displayed table order (win rate descending); tier_label is source-provided. Platform, region, and sample_players are not stated by the source and are left empty."
the-punisher-s9-5-diamond-plus,the-punisher,The Punisher,seasonalRankThreshold,9.5,competitive,diamond_plus,,,banRate,0.0726,ratio,84017,,rivalstracker,primary,https://rivalstracker.com/heroes/the-punisher,2026-08-25T14:02:59.000Z,2026-08-25T18:57:56.232Z,C,44,55,"Filters: Season 9.5, Competitive, Diamond+. Diamond+ is a seasonal rank-threshold population and is kept separate from the exact-rank benchmark and rolling Stats History. Percentages are displayed by RivalsTracker to two decimal places and converted to ratios without further precision. sample_matches repeats the source Matches field for each metric row. hero_rank is the displayed table order (win rate descending); tier_label is source-provided. Platform, region, and sample_players are not stated by the source and are left empty."
jeff-the-land-shark-s9-5-diamond-plus,jeff-the-land-shark,Jeff The Land Shark,seasonalRankThreshold,9.5,competitive,diamond_plus,,,winRate,0.4543,ratio,54872,,rivalstracker,primary,https://rivalstracker.com/heroes/jeff-the-land-shark,2026-08-25T14:02:59.000Z,2026-08-25T18:57:56.232Z,C,45,55,"Filters: Season 9.5, Competitive, Diamond+. Diamond+ is a seasonal rank-threshold population and is kept separate from the exact-rank benchmark and rolling Stats History. Percentages are displayed by RivalsTracker to two decimal places and converted to ratios without further precision. sample_matches repeats the source Matches field for each metric row. hero_rank is the displayed table order (win rate descending); tier_label is source-provided. Platform, region, and sample_players are not stated by the source and are left empty."
jeff-the-land-shark-s9-5-diamond-plus,jeff-the-land-shark,Jeff The Land Shark,seasonalRankThreshold,9.5,competitive,diamond_plus,,,pickRate,0.0647,ratio,54872,,rivalstracker,primary,https://rivalstracker.com/heroes/jeff-the-land-shark,2026-08-25T14:02:59.000Z,2026-08-25T18:57:56.232Z,C,45,55,"Filters: Season 9.5, Competitive, Diamond+. Diamond+ is a seasonal rank-threshold population and is kept separate from the exact-rank benchmark and rolling Stats History. Percentages are displayed by RivalsTracker to two decimal places and converted to ratios without further precision. sample_matches repeats the source Matches field for each metric row. hero_rank is the displayed table order (win rate descending); tier_label is source-provided. Platform, region, and sample_players are not stated by the source and are left empty."
jeff-the-land-shark-s9-5-diamond-plus,jeff-the-land-shark,Jeff The Land Shark,seasonalRankThreshold,9.5,competitive,diamond_plus,,,banRate,0.0020,ratio,54872,,rivalstracker,primary,https://rivalstracker.com/heroes/jeff-the-land-shark,2026-08-25T14:02:59.000Z,2026-08-25T18:57:56.232Z,C,45,55,"Filters: Season 9.5, Competitive, Diamond+. Diamond+ is a seasonal rank-threshold population and is kept separate from the exact-rank benchmark and rolling Stats History. Percentages are displayed by RivalsTracker to two decimal places and converted to ratios without further precision. sample_matches repeats the source Matches field for each metric row. hero_rank is the displayed table order (win rate descending); tier_label is source-provided. Platform, region, and sample_players are not stated by the source and are left empty."
scarlet-witch-s9-5-diamond-plus,scarlet-witch,Scarlet Witch,seasonalRankThreshold,9.5,competitive,diamond_plus,,,winRate,0.4537,ratio,42615,,rivalstracker,primary,https://rivalstracker.com/heroes/scarlet-witch,2026-08-25T14:02:59.000Z,2026-08-25T18:57:56.232Z,D,46,55,"Filters: Season 9.5, Competitive, Diamond+. Diamond+ is a seasonal rank-threshold population and is kept separate from the exact-rank benchmark and rolling Stats History. Percentages are displayed by RivalsTracker to two decimal places and converted to ratios without further precision. sample_matches repeats the source Matches field for each metric row. hero_rank is the displayed table order (win rate descending); tier_label is source-provided. Platform, region, and sample_players are not stated by the source and are left empty."
scarlet-witch-s9-5-diamond-plus,scarlet-witch,Scarlet Witch,seasonalRankThreshold,9.5,competitive,diamond_plus,,,pickRate,0.0503,ratio,42615,,rivalstracker,primary,https://rivalstracker.com/heroes/scarlet-witch,2026-08-25T14:02:59.000Z,2026-08-25T18:57:56.232Z,D,46,55,"Filters: Season 9.5, Competitive, Diamond+. Diamond+ is a seasonal rank-threshold population and is kept separate from the exact-rank benchmark and rolling Stats History. Percentages are displayed by RivalsTracker to two decimal places and converted to ratios without further precision. sample_matches repeats the source Matches field for each metric row. hero_rank is the displayed table order (win rate descending); tier_label is source-provided. Platform, region, and sample_players are not stated by the source and are left empty."
scarlet-witch-s9-5-diamond-plus,scarlet-witch,Scarlet Witch,seasonalRankThreshold,9.5,competitive,diamond_plus,,,banRate,0.0019,ratio,42615,,rivalstracker,primary,https://rivalstracker.com/heroes/scarlet-witch,2026-08-25T14:02:59.000Z,2026-08-25T18:57:56.232Z,D,46,55,"Filters: Season 9.5, Competitive, Diamond+. Diamond+ is a seasonal rank-threshold population and is kept separate from the exact-rank benchmark and rolling Stats History. Percentages are displayed by RivalsTracker to two decimal places and converted to ratios without further precision. sample_matches repeats the source Matches field for each metric row. hero_rank is the displayed table order (win rate descending); tier_label is source-provided. Platform, region, and sample_players are not stated by the source and are left empty."
emma-frost-s9-5-diamond-plus,emma-frost,Emma Frost,seasonalRankThreshold,9.5,competitive,diamond_plus,,,winRate,0.4525,ratio,173123,,rivalstracker,primary,https://rivalstracker.com/heroes/emma-frost,2026-08-25T14:02:59.000Z,2026-08-25T18:57:56.232Z,C,47,55,"Filters: Season 9.5, Competitive, Diamond+. Diamond+ is a seasonal rank-threshold population and is kept separate from the exact-rank benchmark and rolling Stats History. Percentages are displayed by RivalsTracker to two decimal places and converted to ratios without further precision. sample_matches repeats the source Matches field for each metric row. hero_rank is the displayed table order (win rate descending); tier_label is source-provided. Platform, region, and sample_players are not stated by the source and are left empty."
emma-frost-s9-5-diamond-plus,emma-frost,Emma Frost,seasonalRankThreshold,9.5,competitive,diamond_plus,,,pickRate,0.2042,ratio,173123,,rivalstracker,primary,https://rivalstracker.com/heroes/emma-frost,2026-08-25T14:02:59.000Z,2026-08-25T18:57:56.232Z,C,47,55,"Filters: Season 9.5, Competitive, Diamond+. Diamond+ is a seasonal rank-threshold population and is kept separate from the exact-rank benchmark and rolling Stats History. Percentages are displayed by RivalsTracker to two decimal places and converted to ratios without further precision. sample_matches repeats the source Matches field for each metric row. hero_rank is the displayed table order (win rate descending); tier_label is source-provided. Platform, region, and sample_players are not stated by the source and are left empty."
emma-frost-s9-5-diamond-plus,emma-frost,Emma Frost,seasonalRankThreshold,9.5,competitive,diamond_plus,,,banRate,0.0165,ratio,173123,,rivalstracker,primary,https://rivalstracker.com/heroes/emma-frost,2026-08-25T14:02:59.000Z,2026-08-25T18:57:56.232Z,C,47,55,"Filters: Season 9.5, Competitive, Diamond+. Diamond+ is a seasonal rank-threshold population and is kept separate from the exact-rank benchmark and rolling Stats History. Percentages are displayed by RivalsTracker to two decimal places and converted to ratios without further precision. sample_matches repeats the source Matches field for each metric row. hero_rank is the displayed table order (win rate descending); tier_label is source-provided. Platform, region, and sample_players are not stated by the source and are left empty."
luna-snow-s9-5-diamond-plus,luna-snow,Luna Snow,seasonalRankThreshold,9.5,competitive,diamond_plus,,,winRate,0.4455,ratio,177595,,rivalstracker,primary,https://rivalstracker.com/heroes/luna-snow,2026-08-25T14:02:59.000Z,2026-08-25T18:57:56.232Z,C,48,55,"Filters: Season 9.5, Competitive, Diamond+. Diamond+ is a seasonal rank-threshold population and is kept separate from the exact-rank benchmark and rolling Stats History. Percentages are displayed by RivalsTracker to two decimal places and converted to ratios without further precision. sample_matches repeats the source Matches field for each metric row. hero_rank is the displayed table order (win rate descending); tier_label is source-provided. Platform, region, and sample_players are not stated by the source and are left empty."
luna-snow-s9-5-diamond-plus,luna-snow,Luna Snow,seasonalRankThreshold,9.5,competitive,diamond_plus,,,pickRate,0.2095,ratio,177595,,rivalstracker,primary,https://rivalstracker.com/heroes/luna-snow,2026-08-25T14:02:59.000Z,2026-08-25T18:57:56.232Z,C,48,55,"Filters: Season 9.5, Competitive, Diamond+. Diamond+ is a seasonal rank-threshold population and is kept separate from the exact-rank benchmark and rolling Stats History. Percentages are displayed by RivalsTracker to two decimal places and converted to ratios without further precision. sample_matches repeats the source Matches field for each metric row. hero_rank is the displayed table order (win rate descending); tier_label is source-provided. Platform, region, and sample_players are not stated by the source and are left empty."
luna-snow-s9-5-diamond-plus,luna-snow,Luna Snow,seasonalRankThreshold,9.5,competitive,diamond_plus,,,banRate,0.0052,ratio,177595,,rivalstracker,primary,https://rivalstracker.com/heroes/luna-snow,2026-08-25T14:02:59.000Z,2026-08-25T18:57:56.232Z,C,48,55,"Filters: Season 9.5, Competitive, Diamond+. Diamond+ is a seasonal rank-threshold population and is kept separate from the exact-rank benchmark and rolling Stats History. Percentages are displayed by RivalsTracker to two decimal places and converted to ratios without further precision. sample_matches repeats the source Matches field for each metric row. hero_rank is the displayed table order (win rate descending); tier_label is source-provided. Platform, region, and sample_players are not stated by the source and are left empty."
namor-s9-5-diamond-plus,namor,Namor,seasonalRankThreshold,9.5,competitive,diamond_plus,,,winRate,0.4442,ratio,97154,,rivalstracker,primary,https://rivalstracker.com/heroes/namor,2026-08-25T14:02:59.000Z,2026-08-25T18:57:56.232Z,C,49,55,"Filters: Season 9.5, Competitive, Diamond+. Diamond+ is a seasonal rank-threshold population and is kept separate from the exact-rank benchmark and rolling Stats History. Percentages are displayed by RivalsTracker to two decimal places and converted to ratios without further precision. sample_matches repeats the source Matches field for each metric row. hero_rank is the displayed table order (win rate descending); tier_label is source-provided. Platform, region, and sample_players are not stated by the source and are left empty."
namor-s9-5-diamond-plus,namor,Namor,seasonalRankThreshold,9.5,competitive,diamond_plus,,,pickRate,0.1146,ratio,97154,,rivalstracker,primary,https://rivalstracker.com/heroes/namor,2026-08-25T14:02:59.000Z,2026-08-25T18:57:56.232Z,C,49,55,"Filters: Season 9.5, Competitive, Diamond+. Diamond+ is a seasonal rank-threshold population and is kept separate from the exact-rank benchmark and rolling Stats History. Percentages are displayed by RivalsTracker to two decimal places and converted to ratios without further precision. sample_matches repeats the source Matches field for each metric row. hero_rank is the displayed table order (win rate descending); tier_label is source-provided. Platform, region, and sample_players are not stated by the source and are left empty."
namor-s9-5-diamond-plus,namor,Namor,seasonalRankThreshold,9.5,competitive,diamond_plus,,,banRate,0.1080,ratio,97154,,rivalstracker,primary,https://rivalstracker.com/heroes/namor,2026-08-25T14:02:59.000Z,2026-08-25T18:57:56.232Z,C,49,55,"Filters: Season 9.5, Competitive, Diamond+. Diamond+ is a seasonal rank-threshold population and is kept separate from the exact-rank benchmark and rolling Stats History. Percentages are displayed by RivalsTracker to two decimal places and converted to ratios without further precision. sample_matches repeats the source Matches field for each metric row. hero_rank is the displayed table order (win rate descending); tier_label is source-provided. Platform, region, and sample_players are not stated by the source and are left empty."
white-fox-s9-5-diamond-plus,white-fox,White Fox,seasonalRankThreshold,9.5,competitive,diamond_plus,,,winRate,0.4420,ratio,93812,,rivalstracker,primary,https://rivalstracker.com/heroes/white-fox,2026-08-25T14:02:59.000Z,2026-08-25T18:57:56.232Z,D,50,55,"Filters: Season 9.5, Competitive, Diamond+. Diamond+ is a seasonal rank-threshold population and is kept separate from the exact-rank benchmark and rolling Stats History. Percentages are displayed by RivalsTracker to two decimal places and converted to ratios without further precision. sample_matches repeats the source Matches field for each metric row. hero_rank is the displayed table order (win rate descending); tier_label is source-provided. Platform, region, and sample_players are not stated by the source and are left empty."
white-fox-s9-5-diamond-plus,white-fox,White Fox,seasonalRankThreshold,9.5,competitive,diamond_plus,,,pickRate,0.1106,ratio,93812,,rivalstracker,primary,https://rivalstracker.com/heroes/white-fox,2026-08-25T14:02:59.000Z,2026-08-25T18:57:56.232Z,D,50,55,"Filters: Season 9.5, Competitive, Diamond+. Diamond+ is a seasonal rank-threshold population and is kept separate from the exact-rank benchmark and rolling Stats History. Percentages are displayed by RivalsTracker to two decimal places and converted to ratios without further precision. sample_matches repeats the source Matches field for each metric row. hero_rank is the displayed table order (win rate descending); tier_label is source-provided. Platform, region, and sample_players are not stated by the source and are left empty."
white-fox-s9-5-diamond-plus,white-fox,White Fox,seasonalRankThreshold,9.5,competitive,diamond_plus,,,banRate,0.0027,ratio,93812,,rivalstracker,primary,https://rivalstracker.com/heroes/white-fox,2026-08-25T14:02:59.000Z,2026-08-25T18:57:56.232Z,D,50,55,"Filters: Season 9.5, Competitive, Diamond+. Diamond+ is a seasonal rank-threshold population and is kept separate from the exact-rank benchmark and rolling Stats History. Percentages are displayed by RivalsTracker to two decimal places and converted to ratios without further precision. sample_matches repeats the source Matches field for each metric row. hero_rank is the displayed table order (win rate descending); tier_label is source-provided. Platform, region, and sample_players are not stated by the source and are left empty."
cyclops-s9-5-diamond-plus,cyclops,Cyclops,seasonalRankThreshold,9.5,competitive,diamond_plus,,,winRate,0.4395,ratio,101501,,rivalstracker,primary,https://rivalstracker.com/heroes/cyclops,2026-08-25T14:02:59.000Z,2026-08-25T18:57:56.232Z,C,51,55,"Filters: Season 9.5, Competitive, Diamond+. Diamond+ is a seasonal rank-threshold population and is kept separate from the exact-rank benchmark and rolling Stats History. Percentages are displayed by RivalsTracker to two decimal places and converted to ratios without further precision. sample_matches repeats the source Matches field for each metric row. hero_rank is the displayed table order (win rate descending); tier_label is source-provided. Platform, region, and sample_players are not stated by the source and are left empty."
cyclops-s9-5-diamond-plus,cyclops,Cyclops,seasonalRankThreshold,9.5,competitive,diamond_plus,,,pickRate,0.1197,ratio,101501,,rivalstracker,primary,https://rivalstracker.com/heroes/cyclops,2026-08-25T14:02:59.000Z,2026-08-25T18:57:56.232Z,C,51,55,"Filters: Season 9.5, Competitive, Diamond+. Diamond+ is a seasonal rank-threshold population and is kept separate from the exact-rank benchmark and rolling Stats History. Percentages are displayed by RivalsTracker to two decimal places and converted to ratios without further precision. sample_matches repeats the source Matches field for each metric row. hero_rank is the displayed table order (win rate descending); tier_label is source-provided. Platform, region, and sample_players are not stated by the source and are left empty."
cyclops-s9-5-diamond-plus,cyclops,Cyclops,seasonalRankThreshold,9.5,competitive,diamond_plus,,,banRate,0.0140,ratio,101501,,rivalstracker,primary,https://rivalstracker.com/heroes/cyclops,2026-08-25T14:02:59.000Z,2026-08-25T18:57:56.232Z,C,51,55,"Filters: Season 9.5, Competitive, Diamond+. Diamond+ is a seasonal rank-threshold population and is kept separate from the exact-rank benchmark and rolling Stats History. Percentages are displayed by RivalsTracker to two decimal places and converted to ratios without further precision. sample_matches repeats the source Matches field for each metric row. hero_rank is the displayed table order (win rate descending); tier_label is source-provided. Platform, region, and sample_players are not stated by the source and are left empty."
deadpool-vanguard-s9-5-diamond-plus,deadpool-vanguard,Deadpool (Vanguard),seasonalRankThreshold,9.5,competitive,diamond_plus,,,winRate,0.4312,ratio,20790,,rivalstracker,primary,https://rivalstracker.com/heroes/deadpool-vanguard,2026-08-25T14:02:59.000Z,2026-08-25T18:57:56.232Z,D,52,55,"Filters: Season 9.5, Competitive, Diamond+. Diamond+ is a seasonal rank-threshold population and is kept separate from the exact-rank benchmark and rolling Stats History. Percentages are displayed by RivalsTracker to two decimal places and converted to ratios without further precision. sample_matches repeats the source Matches field for each metric row. hero_rank is the displayed table order (win rate descending); tier_label is source-provided. Platform, region, and sample_players are not stated by the source and are left empty."
deadpool-vanguard-s9-5-diamond-plus,deadpool-vanguard,Deadpool (Vanguard),seasonalRankThreshold,9.5,competitive,diamond_plus,,,pickRate,0.0245,ratio,20790,,rivalstracker,primary,https://rivalstracker.com/heroes/deadpool-vanguard,2026-08-25T14:02:59.000Z,2026-08-25T18:57:56.232Z,D,52,55,"Filters: Season 9.5, Competitive, Diamond+. Diamond+ is a seasonal rank-threshold population and is kept separate from the exact-rank benchmark and rolling Stats History. Percentages are displayed by RivalsTracker to two decimal places and converted to ratios without further precision. sample_matches repeats the source Matches field for each metric row. hero_rank is the displayed table order (win rate descending); tier_label is source-provided. Platform, region, and sample_players are not stated by the source and are left empty."
deadpool-vanguard-s9-5-diamond-plus,deadpool-vanguard,Deadpool (Vanguard),seasonalRankThreshold,9.5,competitive,diamond_plus,,,banRate,0.0005,ratio,20790,,rivalstracker,primary,https://rivalstracker.com/heroes/deadpool-vanguard,2026-08-25T14:02:59.000Z,2026-08-25T18:57:56.232Z,D,52,55,"Filters: Season 9.5, Competitive, Diamond+. Diamond+ is a seasonal rank-threshold population and is kept separate from the exact-rank benchmark and rolling Stats History. Percentages are displayed by RivalsTracker to two decimal places and converted to ratios without further precision. sample_matches repeats the source Matches field for each metric row. hero_rank is the displayed table order (win rate descending); tier_label is source-provided. Platform, region, and sample_players are not stated by the source and are left empty."
phoenix-s9-5-diamond-plus,phoenix,Phoenix,seasonalRankThreshold,9.5,competitive,diamond_plus,,,winRate,0.4238,ratio,41280,,rivalstracker,primary,https://rivalstracker.com/heroes/phoenix,2026-08-25T14:02:59.000Z,2026-08-25T18:57:56.232Z,D,53,55,"Filters: Season 9.5, Competitive, Diamond+. Diamond+ is a seasonal rank-threshold population and is kept separate from the exact-rank benchmark and rolling Stats History. Percentages are displayed by RivalsTracker to two decimal places and converted to ratios without further precision. sample_matches repeats the source Matches field for each metric row. hero_rank is the displayed table order (win rate descending); tier_label is source-provided. Platform, region, and sample_players are not stated by the source and are left empty."
phoenix-s9-5-diamond-plus,phoenix,Phoenix,seasonalRankThreshold,9.5,competitive,diamond_plus,,,pickRate,0.0487,ratio,41280,,rivalstracker,primary,https://rivalstracker.com/heroes/phoenix,2026-08-25T14:02:59.000Z,2026-08-25T18:57:56.232Z,D,53,55,"Filters: Season 9.5, Competitive, Diamond+. Diamond+ is a seasonal rank-threshold population and is kept separate from the exact-rank benchmark and rolling Stats History. Percentages are displayed by RivalsTracker to two decimal places and converted to ratios without further precision. sample_matches repeats the source Matches field for each metric row. hero_rank is the displayed table order (win rate descending); tier_label is source-provided. Platform, region, and sample_players are not stated by the source and are left empty."
phoenix-s9-5-diamond-plus,phoenix,Phoenix,seasonalRankThreshold,9.5,competitive,diamond_plus,,,banRate,0.0098,ratio,41280,,rivalstracker,primary,https://rivalstracker.com/heroes/phoenix,2026-08-25T14:02:59.000Z,2026-08-25T18:57:56.232Z,D,53,55,"Filters: Season 9.5, Competitive, Diamond+. Diamond+ is a seasonal rank-threshold population and is kept separate from the exact-rank benchmark and rolling Stats History. Percentages are displayed by RivalsTracker to two decimal places and converted to ratios without further precision. sample_matches repeats the source Matches field for each metric row. hero_rank is the displayed table order (win rate descending); tier_label is source-provided. Platform, region, and sample_players are not stated by the source and are left empty."
squirrel-girl-s9-5-diamond-plus,squirrel-girl,Squirrel Girl,seasonalRankThreshold,9.5,competitive,diamond_plus,,,winRate,0.4181,ratio,30554,,rivalstracker,primary,https://rivalstracker.com/heroes/squirrel-girl,2026-08-25T14:02:59.000Z,2026-08-25T18:57:56.232Z,D,54,55,"Filters: Season 9.5, Competitive, Diamond+. Diamond+ is a seasonal rank-threshold population and is kept separate from the exact-rank benchmark and rolling Stats History. Percentages are displayed by RivalsTracker to two decimal places and converted to ratios without further precision. sample_matches repeats the source Matches field for each metric row. hero_rank is the displayed table order (win rate descending); tier_label is source-provided. Platform, region, and sample_players are not stated by the source and are left empty."
squirrel-girl-s9-5-diamond-plus,squirrel-girl,Squirrel Girl,seasonalRankThreshold,9.5,competitive,diamond_plus,,,pickRate,0.0360,ratio,30554,,rivalstracker,primary,https://rivalstracker.com/heroes/squirrel-girl,2026-08-25T14:02:59.000Z,2026-08-25T18:57:56.232Z,D,54,55,"Filters: Season 9.5, Competitive, Diamond+. Diamond+ is a seasonal rank-threshold population and is kept separate from the exact-rank benchmark and rolling Stats History. Percentages are displayed by RivalsTracker to two decimal places and converted to ratios without further precision. sample_matches repeats the source Matches field for each metric row. hero_rank is the displayed table order (win rate descending); tier_label is source-provided. Platform, region, and sample_players are not stated by the source and are left empty."
squirrel-girl-s9-5-diamond-plus,squirrel-girl,Squirrel Girl,seasonalRankThreshold,9.5,competitive,diamond_plus,,,banRate,0.0033,ratio,30554,,rivalstracker,primary,https://rivalstracker.com/heroes/squirrel-girl,2026-08-25T14:02:59.000Z,2026-08-25T18:57:56.232Z,D,54,55,"Filters: Season 9.5, Competitive, Diamond+. Diamond+ is a seasonal rank-threshold population and is kept separate from the exact-rank benchmark and rolling Stats History. Percentages are displayed by RivalsTracker to two decimal places and converted to ratios without further precision. sample_matches repeats the source Matches field for each metric row. hero_rank is the displayed table order (win rate descending); tier_label is source-provided. Platform, region, and sample_players are not stated by the source and are left empty."
deadpool-strategist-s9-5-diamond-plus,deadpool-strategist,Deadpool (Strategist),seasonalRankThreshold,9.5,competitive,diamond_plus,,,winRate,0.4163,ratio,45465,,rivalstracker,primary,https://rivalstracker.com/heroes/deadpool-strategist,2026-08-25T14:02:59.000Z,2026-08-25T18:57:56.232Z,D,55,55,"Filters: Season 9.5, Competitive, Diamond+. Diamond+ is a seasonal rank-threshold population and is kept separate from the exact-rank benchmark and rolling Stats History. Percentages are displayed by RivalsTracker to two decimal places and converted to ratios without further precision. sample_matches repeats the source Matches field for each metric row. hero_rank is the displayed table order (win rate descending); tier_label is source-provided. Platform, region, and sample_players are not stated by the source and are left empty."
deadpool-strategist-s9-5-diamond-plus,deadpool-strategist,Deadpool (Strategist),seasonalRankThreshold,9.5,competitive,diamond_plus,,,pickRate,0.0536,ratio,45465,,rivalstracker,primary,https://rivalstracker.com/heroes/deadpool-strategist,2026-08-25T14:02:59.000Z,2026-08-25T18:57:56.232Z,D,55,55,"Filters: Season 9.5, Competitive, Diamond+. Diamond+ is a seasonal rank-threshold population and is kept separate from the exact-rank benchmark and rolling Stats History. Percentages are displayed by RivalsTracker to two decimal places and converted to ratios without further precision. sample_matches repeats the source Matches field for each metric row. hero_rank is the displayed table order (win rate descending); tier_label is source-provided. Platform, region, and sample_players are not stated by the source and are left empty."
deadpool-strategist-s9-5-diamond-plus,deadpool-strategist,Deadpool (Strategist),seasonalRankThreshold,9.5,competitive,diamond_plus,,,banRate,0.0007,ratio,45465,,rivalstracker,primary,https://rivalstracker.com/heroes/deadpool-strategist,2026-08-25T14:02:59.000Z,2026-08-25T18:57:56.232Z,D,55,55,"Filters: Season 9.5, Competitive, Diamond+. Diamond+ is a seasonal rank-threshold population and is kept separate from the exact-rank benchmark and rolling Stats History. Percentages are displayed by RivalsTracker to two decimal places and converted to ratios without further precision. sample_matches repeats the source Matches field for each metric row. hero_rank is the displayed table order (win rate descending); tier_label is source-provided. Platform, region, and sample_players are not stated by the source and are left empty."
