benchmark_group_id,hero_id,hero_name,context_type,season,game_mode,rank_tier,platform,region,metric_name,average,unit,sample_matches,sample_players,source_id,source_role,source_url,source_updated_at,collected_at,tier_label,hero_rank,hero_pool_size,methodology_notes
black-cat-s9-5-silver,black-cat,Black Cat,seasonalRank,9.5,competitive,silver,,,winRate,0.5959,ratio,1467,,rivalstracker,primary,https://rivalstracker.com/heroes/black-cat,2026-08-25T14:02:59.000Z,2026-08-25T18:18:25.445Z,S,1,55,"Filters: Season 9.5, Competitive, Silver. Percentages are displayed by RivalsTracker to two decimal places and converted to ratios without further precision. sample_matches repeats the source Matches field for each metric row. hero_rank is the displayed table order (win rate descending); tier_label is source-provided. Platform, region, and sample_players are not stated by the source and are left empty. RivalsTracker does not publish Ban Rate for this rank; the banRate average is left empty, not zero."
black-cat-s9-5-silver,black-cat,Black Cat,seasonalRank,9.5,competitive,silver,,,pickRate,0.0557,ratio,1467,,rivalstracker,primary,https://rivalstracker.com/heroes/black-cat,2026-08-25T14:02:59.000Z,2026-08-25T18:18:25.445Z,S,1,55,"Filters: Season 9.5, Competitive, Silver. Percentages are displayed by RivalsTracker to two decimal places and converted to ratios without further precision. sample_matches repeats the source Matches field for each metric row. hero_rank is the displayed table order (win rate descending); tier_label is source-provided. Platform, region, and sample_players are not stated by the source and are left empty. RivalsTracker does not publish Ban Rate for this rank; the banRate average is left empty, not zero."
black-cat-s9-5-silver,black-cat,Black Cat,seasonalRank,9.5,competitive,silver,,,banRate,,ratio,1467,,rivalstracker,primary,https://rivalstracker.com/heroes/black-cat,2026-08-25T14:02:59.000Z,2026-08-25T18:18:25.445Z,S,1,55,"Filters: Season 9.5, Competitive, Silver. Percentages are displayed by RivalsTracker to two decimal places and converted to ratios without further precision. sample_matches repeats the source Matches field for each metric row. hero_rank is the displayed table order (win rate descending); tier_label is source-provided. Platform, region, and sample_players are not stated by the source and are left empty. RivalsTracker does not publish Ban Rate for this rank; the banRate average is left empty, not zero."
black-panther-s9-5-silver,black-panther,Black Panther,seasonalRank,9.5,competitive,silver,,,winRate,0.5804,ratio,1336,,rivalstracker,primary,https://rivalstracker.com/heroes/black-panther,2026-08-25T14:02:59.000Z,2026-08-25T18:18:25.445Z,S,2,55,"Filters: Season 9.5, Competitive, Silver. Percentages are displayed by RivalsTracker to two decimal places and converted to ratios without further precision. sample_matches repeats the source Matches field for each metric row. hero_rank is the displayed table order (win rate descending); tier_label is source-provided. Platform, region, and sample_players are not stated by the source and are left empty. RivalsTracker does not publish Ban Rate for this rank; the banRate average is left empty, not zero."
black-panther-s9-5-silver,black-panther,Black Panther,seasonalRank,9.5,competitive,silver,,,pickRate,0.0507,ratio,1336,,rivalstracker,primary,https://rivalstracker.com/heroes/black-panther,2026-08-25T14:02:59.000Z,2026-08-25T18:18:25.445Z,S,2,55,"Filters: Season 9.5, Competitive, Silver. Percentages are displayed by RivalsTracker to two decimal places and converted to ratios without further precision. sample_matches repeats the source Matches field for each metric row. hero_rank is the displayed table order (win rate descending); tier_label is source-provided. Platform, region, and sample_players are not stated by the source and are left empty. RivalsTracker does not publish Ban Rate for this rank; the banRate average is left empty, not zero."
black-panther-s9-5-silver,black-panther,Black Panther,seasonalRank,9.5,competitive,silver,,,banRate,,ratio,1336,,rivalstracker,primary,https://rivalstracker.com/heroes/black-panther,2026-08-25T14:02:59.000Z,2026-08-25T18:18:25.445Z,S,2,55,"Filters: Season 9.5, Competitive, Silver. Percentages are displayed by RivalsTracker to two decimal places and converted to ratios without further precision. sample_matches repeats the source Matches field for each metric row. hero_rank is the displayed table order (win rate descending); tier_label is source-provided. Platform, region, and sample_players are not stated by the source and are left empty. RivalsTracker does not publish Ban Rate for this rank; the banRate average is left empty, not zero."
ultron-s9-5-silver,ultron,Ultron,seasonalRank,9.5,competitive,silver,,,winRate,0.5770,ratio,1474,,rivalstracker,primary,https://rivalstracker.com/heroes/ultron,2026-08-25T14:02:59.000Z,2026-08-25T18:18:25.445Z,S,3,55,"Filters: Season 9.5, Competitive, Silver. Percentages are displayed by RivalsTracker to two decimal places and converted to ratios without further precision. sample_matches repeats the source Matches field for each metric row. hero_rank is the displayed table order (win rate descending); tier_label is source-provided. Platform, region, and sample_players are not stated by the source and are left empty. RivalsTracker does not publish Ban Rate for this rank; the banRate average is left empty, not zero."
ultron-s9-5-silver,ultron,Ultron,seasonalRank,9.5,competitive,silver,,,pickRate,0.0560,ratio,1474,,rivalstracker,primary,https://rivalstracker.com/heroes/ultron,2026-08-25T14:02:59.000Z,2026-08-25T18:18:25.445Z,S,3,55,"Filters: Season 9.5, Competitive, Silver. Percentages are displayed by RivalsTracker to two decimal places and converted to ratios without further precision. sample_matches repeats the source Matches field for each metric row. hero_rank is the displayed table order (win rate descending); tier_label is source-provided. Platform, region, and sample_players are not stated by the source and are left empty. RivalsTracker does not publish Ban Rate for this rank; the banRate average is left empty, not zero."
ultron-s9-5-silver,ultron,Ultron,seasonalRank,9.5,competitive,silver,,,banRate,,ratio,1474,,rivalstracker,primary,https://rivalstracker.com/heroes/ultron,2026-08-25T14:02:59.000Z,2026-08-25T18:18:25.445Z,S,3,55,"Filters: Season 9.5, Competitive, Silver. Percentages are displayed by RivalsTracker to two decimal places and converted to ratios without further precision. sample_matches repeats the source Matches field for each metric row. hero_rank is the displayed table order (win rate descending); tier_label is source-provided. Platform, region, and sample_players are not stated by the source and are left empty. RivalsTracker does not publish Ban Rate for this rank; the banRate average is left empty, not zero."
magik-s9-5-silver,magik,Magik,seasonalRank,9.5,competitive,silver,,,winRate,0.5708,ratio,3059,,rivalstracker,primary,https://rivalstracker.com/heroes/magik,2026-08-25T14:02:59.000Z,2026-08-25T18:18:25.445Z,S,4,55,"Filters: Season 9.5, Competitive, Silver. Percentages are displayed by RivalsTracker to two decimal places and converted to ratios without further precision. sample_matches repeats the source Matches field for each metric row. hero_rank is the displayed table order (win rate descending); tier_label is source-provided. Platform, region, and sample_players are not stated by the source and are left empty. RivalsTracker does not publish Ban Rate for this rank; the banRate average is left empty, not zero."
magik-s9-5-silver,magik,Magik,seasonalRank,9.5,competitive,silver,,,pickRate,0.1162,ratio,3059,,rivalstracker,primary,https://rivalstracker.com/heroes/magik,2026-08-25T14:02:59.000Z,2026-08-25T18:18:25.445Z,S,4,55,"Filters: Season 9.5, Competitive, Silver. Percentages are displayed by RivalsTracker to two decimal places and converted to ratios without further precision. sample_matches repeats the source Matches field for each metric row. hero_rank is the displayed table order (win rate descending); tier_label is source-provided. Platform, region, and sample_players are not stated by the source and are left empty. RivalsTracker does not publish Ban Rate for this rank; the banRate average is left empty, not zero."
magik-s9-5-silver,magik,Magik,seasonalRank,9.5,competitive,silver,,,banRate,,ratio,3059,,rivalstracker,primary,https://rivalstracker.com/heroes/magik,2026-08-25T14:02:59.000Z,2026-08-25T18:18:25.445Z,S,4,55,"Filters: Season 9.5, Competitive, Silver. Percentages are displayed by RivalsTracker to two decimal places and converted to ratios without further precision. sample_matches repeats the source Matches field for each metric row. hero_rank is the displayed table order (win rate descending); tier_label is source-provided. Platform, region, and sample_players are not stated by the source and are left empty. RivalsTracker does not publish Ban Rate for this rank; the banRate average is left empty, not zero."
peni-parker-s9-5-silver,peni-parker,Peni Parker,seasonalRank,9.5,competitive,silver,,,winRate,0.5701,ratio,2106,,rivalstracker,primary,https://rivalstracker.com/heroes/peni-parker,2026-08-25T14:02:59.000Z,2026-08-25T18:18:25.445Z,S,5,55,"Filters: Season 9.5, Competitive, Silver. Percentages are displayed by RivalsTracker to two decimal places and converted to ratios without further precision. sample_matches repeats the source Matches field for each metric row. hero_rank is the displayed table order (win rate descending); tier_label is source-provided. Platform, region, and sample_players are not stated by the source and are left empty. RivalsTracker does not publish Ban Rate for this rank; the banRate average is left empty, not zero."
peni-parker-s9-5-silver,peni-parker,Peni Parker,seasonalRank,9.5,competitive,silver,,,pickRate,0.0800,ratio,2106,,rivalstracker,primary,https://rivalstracker.com/heroes/peni-parker,2026-08-25T14:02:59.000Z,2026-08-25T18:18:25.445Z,S,5,55,"Filters: Season 9.5, Competitive, Silver. Percentages are displayed by RivalsTracker to two decimal places and converted to ratios without further precision. sample_matches repeats the source Matches field for each metric row. hero_rank is the displayed table order (win rate descending); tier_label is source-provided. Platform, region, and sample_players are not stated by the source and are left empty. RivalsTracker does not publish Ban Rate for this rank; the banRate average is left empty, not zero."
peni-parker-s9-5-silver,peni-parker,Peni Parker,seasonalRank,9.5,competitive,silver,,,banRate,,ratio,2106,,rivalstracker,primary,https://rivalstracker.com/heroes/peni-parker,2026-08-25T14:02:59.000Z,2026-08-25T18:18:25.445Z,S,5,55,"Filters: Season 9.5, Competitive, Silver. Percentages are displayed by RivalsTracker to two decimal places and converted to ratios without further precision. sample_matches repeats the source Matches field for each metric row. hero_rank is the displayed table order (win rate descending); tier_label is source-provided. Platform, region, and sample_players are not stated by the source and are left empty. RivalsTracker does not publish Ban Rate for this rank; the banRate average is left empty, not zero."
storm-s9-5-silver,storm,Storm,seasonalRank,9.5,competitive,silver,,,winRate,0.5607,ratio,702,,rivalstracker,primary,https://rivalstracker.com/heroes/storm,2026-08-25T14:02:59.000Z,2026-08-25T18:18:25.445Z,A,6,55,"Filters: Season 9.5, Competitive, Silver. Percentages are displayed by RivalsTracker to two decimal places and converted to ratios without further precision. sample_matches repeats the source Matches field for each metric row. hero_rank is the displayed table order (win rate descending); tier_label is source-provided. Platform, region, and sample_players are not stated by the source and are left empty. RivalsTracker does not publish Ban Rate for this rank; the banRate average is left empty, not zero."
storm-s9-5-silver,storm,Storm,seasonalRank,9.5,competitive,silver,,,pickRate,0.0267,ratio,702,,rivalstracker,primary,https://rivalstracker.com/heroes/storm,2026-08-25T14:02:59.000Z,2026-08-25T18:18:25.445Z,A,6,55,"Filters: Season 9.5, Competitive, Silver. Percentages are displayed by RivalsTracker to two decimal places and converted to ratios without further precision. sample_matches repeats the source Matches field for each metric row. hero_rank is the displayed table order (win rate descending); tier_label is source-provided. Platform, region, and sample_players are not stated by the source and are left empty. RivalsTracker does not publish Ban Rate for this rank; the banRate average is left empty, not zero."
storm-s9-5-silver,storm,Storm,seasonalRank,9.5,competitive,silver,,,banRate,,ratio,702,,rivalstracker,primary,https://rivalstracker.com/heroes/storm,2026-08-25T14:02:59.000Z,2026-08-25T18:18:25.445Z,A,6,55,"Filters: Season 9.5, Competitive, Silver. Percentages are displayed by RivalsTracker to two decimal places and converted to ratios without further precision. sample_matches repeats the source Matches field for each metric row. hero_rank is the displayed table order (win rate descending); tier_label is source-provided. Platform, region, and sample_players are not stated by the source and are left empty. RivalsTracker does not publish Ban Rate for this rank; the banRate average is left empty, not zero."
mantis-s9-5-silver,mantis,Mantis,seasonalRank,9.5,competitive,silver,,,winRate,0.5603,ratio,2692,,rivalstracker,primary,https://rivalstracker.com/heroes/mantis,2026-08-25T14:02:59.000Z,2026-08-25T18:18:25.445Z,S,7,55,"Filters: Season 9.5, Competitive, Silver. Percentages are displayed by RivalsTracker to two decimal places and converted to ratios without further precision. sample_matches repeats the source Matches field for each metric row. hero_rank is the displayed table order (win rate descending); tier_label is source-provided. Platform, region, and sample_players are not stated by the source and are left empty. RivalsTracker does not publish Ban Rate for this rank; the banRate average is left empty, not zero."
mantis-s9-5-silver,mantis,Mantis,seasonalRank,9.5,competitive,silver,,,pickRate,0.1023,ratio,2692,,rivalstracker,primary,https://rivalstracker.com/heroes/mantis,2026-08-25T14:02:59.000Z,2026-08-25T18:18:25.445Z,S,7,55,"Filters: Season 9.5, Competitive, Silver. Percentages are displayed by RivalsTracker to two decimal places and converted to ratios without further precision. sample_matches repeats the source Matches field for each metric row. hero_rank is the displayed table order (win rate descending); tier_label is source-provided. Platform, region, and sample_players are not stated by the source and are left empty. RivalsTracker does not publish Ban Rate for this rank; the banRate average is left empty, not zero."
mantis-s9-5-silver,mantis,Mantis,seasonalRank,9.5,competitive,silver,,,banRate,,ratio,2692,,rivalstracker,primary,https://rivalstracker.com/heroes/mantis,2026-08-25T14:02:59.000Z,2026-08-25T18:18:25.445Z,S,7,55,"Filters: Season 9.5, Competitive, Silver. Percentages are displayed by RivalsTracker to two decimal places and converted to ratios without further precision. sample_matches repeats the source Matches field for each metric row. hero_rank is the displayed table order (win rate descending); tier_label is source-provided. Platform, region, and sample_players are not stated by the source and are left empty. RivalsTracker does not publish Ban Rate for this rank; the banRate average is left empty, not zero."
daredevil-s9-5-silver,daredevil,Daredevil,seasonalRank,9.5,competitive,silver,,,winRate,0.5594,ratio,1045,,rivalstracker,primary,https://rivalstracker.com/heroes/daredevil,2026-08-25T14:02:59.000Z,2026-08-25T18:18:25.445Z,A,8,55,"Filters: Season 9.5, Competitive, Silver. Percentages are displayed by RivalsTracker to two decimal places and converted to ratios without further precision. sample_matches repeats the source Matches field for each metric row. hero_rank is the displayed table order (win rate descending); tier_label is source-provided. Platform, region, and sample_players are not stated by the source and are left empty. RivalsTracker does not publish Ban Rate for this rank; the banRate average is left empty, not zero."
daredevil-s9-5-silver,daredevil,Daredevil,seasonalRank,9.5,competitive,silver,,,pickRate,0.0397,ratio,1045,,rivalstracker,primary,https://rivalstracker.com/heroes/daredevil,2026-08-25T14:02:59.000Z,2026-08-25T18:18:25.445Z,A,8,55,"Filters: Season 9.5, Competitive, Silver. Percentages are displayed by RivalsTracker to two decimal places and converted to ratios without further precision. sample_matches repeats the source Matches field for each metric row. hero_rank is the displayed table order (win rate descending); tier_label is source-provided. Platform, region, and sample_players are not stated by the source and are left empty. RivalsTracker does not publish Ban Rate for this rank; the banRate average is left empty, not zero."
daredevil-s9-5-silver,daredevil,Daredevil,seasonalRank,9.5,competitive,silver,,,banRate,,ratio,1045,,rivalstracker,primary,https://rivalstracker.com/heroes/daredevil,2026-08-25T14:02:59.000Z,2026-08-25T18:18:25.445Z,A,8,55,"Filters: Season 9.5, Competitive, Silver. Percentages are displayed by RivalsTracker to two decimal places and converted to ratios without further precision. sample_matches repeats the source Matches field for each metric row. hero_rank is the displayed table order (win rate descending); tier_label is source-provided. Platform, region, and sample_players are not stated by the source and are left empty. RivalsTracker does not publish Ban Rate for this rank; the banRate average is left empty, not zero."
rocket-raccoon-s9-5-silver,rocket-raccoon,Rocket Raccoon,seasonalRank,9.5,competitive,silver,,,winRate,0.5550,ratio,3434,,rivalstracker,primary,https://rivalstracker.com/heroes/rocket-raccoon,2026-08-25T14:02:59.000Z,2026-08-25T18:18:25.445Z,S,9,55,"Filters: Season 9.5, Competitive, Silver. Percentages are displayed by RivalsTracker to two decimal places and converted to ratios without further precision. sample_matches repeats the source Matches field for each metric row. hero_rank is the displayed table order (win rate descending); tier_label is source-provided. Platform, region, and sample_players are not stated by the source and are left empty. RivalsTracker does not publish Ban Rate for this rank; the banRate average is left empty, not zero."
rocket-raccoon-s9-5-silver,rocket-raccoon,Rocket Raccoon,seasonalRank,9.5,competitive,silver,,,pickRate,0.1304,ratio,3434,,rivalstracker,primary,https://rivalstracker.com/heroes/rocket-raccoon,2026-08-25T14:02:59.000Z,2026-08-25T18:18:25.445Z,S,9,55,"Filters: Season 9.5, Competitive, Silver. Percentages are displayed by RivalsTracker to two decimal places and converted to ratios without further precision. sample_matches repeats the source Matches field for each metric row. hero_rank is the displayed table order (win rate descending); tier_label is source-provided. Platform, region, and sample_players are not stated by the source and are left empty. RivalsTracker does not publish Ban Rate for this rank; the banRate average is left empty, not zero."
rocket-raccoon-s9-5-silver,rocket-raccoon,Rocket Raccoon,seasonalRank,9.5,competitive,silver,,,banRate,,ratio,3434,,rivalstracker,primary,https://rivalstracker.com/heroes/rocket-raccoon,2026-08-25T14:02:59.000Z,2026-08-25T18:18:25.445Z,S,9,55,"Filters: Season 9.5, Competitive, Silver. Percentages are displayed by RivalsTracker to two decimal places and converted to ratios without further precision. sample_matches repeats the source Matches field for each metric row. hero_rank is the displayed table order (win rate descending); tier_label is source-provided. Platform, region, and sample_players are not stated by the source and are left empty. RivalsTracker does not publish Ban Rate for this rank; the banRate average is left empty, not zero."
mister-fantastic-s9-5-silver,mister-fantastic,Mister Fantastic,seasonalRank,9.5,competitive,silver,,,winRate,0.5534,ratio,964,,rivalstracker,primary,https://rivalstracker.com/heroes/mister-fantastic,2026-08-25T14:02:59.000Z,2026-08-25T18:18:25.445Z,A,10,55,"Filters: Season 9.5, Competitive, Silver. Percentages are displayed by RivalsTracker to two decimal places and converted to ratios without further precision. sample_matches repeats the source Matches field for each metric row. hero_rank is the displayed table order (win rate descending); tier_label is source-provided. Platform, region, and sample_players are not stated by the source and are left empty. RivalsTracker does not publish Ban Rate for this rank; the banRate average is left empty, not zero."
mister-fantastic-s9-5-silver,mister-fantastic,Mister Fantastic,seasonalRank,9.5,competitive,silver,,,pickRate,0.0366,ratio,964,,rivalstracker,primary,https://rivalstracker.com/heroes/mister-fantastic,2026-08-25T14:02:59.000Z,2026-08-25T18:18:25.445Z,A,10,55,"Filters: Season 9.5, Competitive, Silver. Percentages are displayed by RivalsTracker to two decimal places and converted to ratios without further precision. sample_matches repeats the source Matches field for each metric row. hero_rank is the displayed table order (win rate descending); tier_label is source-provided. Platform, region, and sample_players are not stated by the source and are left empty. RivalsTracker does not publish Ban Rate for this rank; the banRate average is left empty, not zero."
mister-fantastic-s9-5-silver,mister-fantastic,Mister Fantastic,seasonalRank,9.5,competitive,silver,,,banRate,,ratio,964,,rivalstracker,primary,https://rivalstracker.com/heroes/mister-fantastic,2026-08-25T14:02:59.000Z,2026-08-25T18:18:25.445Z,A,10,55,"Filters: Season 9.5, Competitive, Silver. Percentages are displayed by RivalsTracker to two decimal places and converted to ratios without further precision. sample_matches repeats the source Matches field for each metric row. hero_rank is the displayed table order (win rate descending); tier_label is source-provided. Platform, region, and sample_players are not stated by the source and are left empty. RivalsTracker does not publish Ban Rate for this rank; the banRate average is left empty, not zero."
human-torch-s9-5-silver,human-torch,Human Torch,seasonalRank,9.5,competitive,silver,,,winRate,0.5473,ratio,551,,rivalstracker,primary,https://rivalstracker.com/heroes/human-torch,2026-08-25T14:02:59.000Z,2026-08-25T18:18:25.445Z,A,11,55,"Filters: Season 9.5, Competitive, Silver. Percentages are displayed by RivalsTracker to two decimal places and converted to ratios without further precision. sample_matches repeats the source Matches field for each metric row. hero_rank is the displayed table order (win rate descending); tier_label is source-provided. Platform, region, and sample_players are not stated by the source and are left empty. RivalsTracker does not publish Ban Rate for this rank; the banRate average is left empty, not zero."
human-torch-s9-5-silver,human-torch,Human Torch,seasonalRank,9.5,competitive,silver,,,pickRate,0.0209,ratio,551,,rivalstracker,primary,https://rivalstracker.com/heroes/human-torch,2026-08-25T14:02:59.000Z,2026-08-25T18:18:25.445Z,A,11,55,"Filters: Season 9.5, Competitive, Silver. Percentages are displayed by RivalsTracker to two decimal places and converted to ratios without further precision. sample_matches repeats the source Matches field for each metric row. hero_rank is the displayed table order (win rate descending); tier_label is source-provided. Platform, region, and sample_players are not stated by the source and are left empty. RivalsTracker does not publish Ban Rate for this rank; the banRate average is left empty, not zero."
human-torch-s9-5-silver,human-torch,Human Torch,seasonalRank,9.5,competitive,silver,,,banRate,,ratio,551,,rivalstracker,primary,https://rivalstracker.com/heroes/human-torch,2026-08-25T14:02:59.000Z,2026-08-25T18:18:25.445Z,A,11,55,"Filters: Season 9.5, Competitive, Silver. Percentages are displayed by RivalsTracker to two decimal places and converted to ratios without further precision. sample_matches repeats the source Matches field for each metric row. hero_rank is the displayed table order (win rate descending); tier_label is source-provided. Platform, region, and sample_players are not stated by the source and are left empty. RivalsTracker does not publish Ban Rate for this rank; the banRate average is left empty, not zero."
hela-s9-5-silver,hela,Hela,seasonalRank,9.5,competitive,silver,,,winRate,0.5309,ratio,2286,,rivalstracker,primary,https://rivalstracker.com/heroes/hela,2026-08-25T14:02:59.000Z,2026-08-25T18:18:25.445Z,A,12,55,"Filters: Season 9.5, Competitive, Silver. Percentages are displayed by RivalsTracker to two decimal places and converted to ratios without further precision. sample_matches repeats the source Matches field for each metric row. hero_rank is the displayed table order (win rate descending); tier_label is source-provided. Platform, region, and sample_players are not stated by the source and are left empty. RivalsTracker does not publish Ban Rate for this rank; the banRate average is left empty, not zero."
hela-s9-5-silver,hela,Hela,seasonalRank,9.5,competitive,silver,,,pickRate,0.0868,ratio,2286,,rivalstracker,primary,https://rivalstracker.com/heroes/hela,2026-08-25T14:02:59.000Z,2026-08-25T18:18:25.445Z,A,12,55,"Filters: Season 9.5, Competitive, Silver. Percentages are displayed by RivalsTracker to two decimal places and converted to ratios without further precision. sample_matches repeats the source Matches field for each metric row. hero_rank is the displayed table order (win rate descending); tier_label is source-provided. Platform, region, and sample_players are not stated by the source and are left empty. RivalsTracker does not publish Ban Rate for this rank; the banRate average is left empty, not zero."
hela-s9-5-silver,hela,Hela,seasonalRank,9.5,competitive,silver,,,banRate,,ratio,2286,,rivalstracker,primary,https://rivalstracker.com/heroes/hela,2026-08-25T14:02:59.000Z,2026-08-25T18:18:25.445Z,A,12,55,"Filters: Season 9.5, Competitive, Silver. Percentages are displayed by RivalsTracker to two decimal places and converted to ratios without further precision. sample_matches repeats the source Matches field for each metric row. hero_rank is the displayed table order (win rate descending); tier_label is source-provided. Platform, region, and sample_players are not stated by the source and are left empty. RivalsTracker does not publish Ban Rate for this rank; the banRate average is left empty, not zero."
blade-s9-5-silver,blade,Blade,seasonalRank,9.5,competitive,silver,,,winRate,0.5306,ratio,1549,,rivalstracker,primary,https://rivalstracker.com/heroes/blade,2026-08-25T14:02:59.000Z,2026-08-25T18:18:25.445Z,A,13,55,"Filters: Season 9.5, Competitive, Silver. Percentages are displayed by RivalsTracker to two decimal places and converted to ratios without further precision. sample_matches repeats the source Matches field for each metric row. hero_rank is the displayed table order (win rate descending); tier_label is source-provided. Platform, region, and sample_players are not stated by the source and are left empty. RivalsTracker does not publish Ban Rate for this rank; the banRate average is left empty, not zero."
blade-s9-5-silver,blade,Blade,seasonalRank,9.5,competitive,silver,,,pickRate,0.0588,ratio,1549,,rivalstracker,primary,https://rivalstracker.com/heroes/blade,2026-08-25T14:02:59.000Z,2026-08-25T18:18:25.445Z,A,13,55,"Filters: Season 9.5, Competitive, Silver. Percentages are displayed by RivalsTracker to two decimal places and converted to ratios without further precision. sample_matches repeats the source Matches field for each metric row. hero_rank is the displayed table order (win rate descending); tier_label is source-provided. Platform, region, and sample_players are not stated by the source and are left empty. RivalsTracker does not publish Ban Rate for this rank; the banRate average is left empty, not zero."
blade-s9-5-silver,blade,Blade,seasonalRank,9.5,competitive,silver,,,banRate,,ratio,1549,,rivalstracker,primary,https://rivalstracker.com/heroes/blade,2026-08-25T14:02:59.000Z,2026-08-25T18:18:25.445Z,A,13,55,"Filters: Season 9.5, Competitive, Silver. Percentages are displayed by RivalsTracker to two decimal places and converted to ratios without further precision. sample_matches repeats the source Matches field for each metric row. hero_rank is the displayed table order (win rate descending); tier_label is source-provided. Platform, region, and sample_players are not stated by the source and are left empty. RivalsTracker does not publish Ban Rate for this rank; the banRate average is left empty, not zero."
thor-s9-5-silver,thor,Thor,seasonalRank,9.5,competitive,silver,,,winRate,0.5305,ratio,1925,,rivalstracker,primary,https://rivalstracker.com/heroes/thor,2026-08-25T14:02:59.000Z,2026-08-25T18:18:25.445Z,A,14,55,"Filters: Season 9.5, Competitive, Silver. Percentages are displayed by RivalsTracker to two decimal places and converted to ratios without further precision. sample_matches repeats the source Matches field for each metric row. hero_rank is the displayed table order (win rate descending); tier_label is source-provided. Platform, region, and sample_players are not stated by the source and are left empty. RivalsTracker does not publish Ban Rate for this rank; the banRate average is left empty, not zero."
thor-s9-5-silver,thor,Thor,seasonalRank,9.5,competitive,silver,,,pickRate,0.0731,ratio,1925,,rivalstracker,primary,https://rivalstracker.com/heroes/thor,2026-08-25T14:02:59.000Z,2026-08-25T18:18:25.445Z,A,14,55,"Filters: Season 9.5, Competitive, Silver. Percentages are displayed by RivalsTracker to two decimal places and converted to ratios without further precision. sample_matches repeats the source Matches field for each metric row. hero_rank is the displayed table order (win rate descending); tier_label is source-provided. Platform, region, and sample_players are not stated by the source and are left empty. RivalsTracker does not publish Ban Rate for this rank; the banRate average is left empty, not zero."
thor-s9-5-silver,thor,Thor,seasonalRank,9.5,competitive,silver,,,banRate,,ratio,1925,,rivalstracker,primary,https://rivalstracker.com/heroes/thor,2026-08-25T14:02:59.000Z,2026-08-25T18:18:25.445Z,A,14,55,"Filters: Season 9.5, Competitive, Silver. Percentages are displayed by RivalsTracker to two decimal places and converted to ratios without further precision. sample_matches repeats the source Matches field for each metric row. hero_rank is the displayed table order (win rate descending); tier_label is source-provided. Platform, region, and sample_players are not stated by the source and are left empty. RivalsTracker does not publish Ban Rate for this rank; the banRate average is left empty, not zero."
iron-man-s9-5-silver,iron-man,Iron Man,seasonalRank,9.5,competitive,silver,,,winRate,0.5284,ratio,2153,,rivalstracker,primary,https://rivalstracker.com/heroes/iron-man,2026-08-25T14:02:59.000Z,2026-08-25T18:18:25.445Z,A,15,55,"Filters: Season 9.5, Competitive, Silver. Percentages are displayed by RivalsTracker to two decimal places and converted to ratios without further precision. sample_matches repeats the source Matches field for each metric row. hero_rank is the displayed table order (win rate descending); tier_label is source-provided. Platform, region, and sample_players are not stated by the source and are left empty. RivalsTracker does not publish Ban Rate for this rank; the banRate average is left empty, not zero."
iron-man-s9-5-silver,iron-man,Iron Man,seasonalRank,9.5,competitive,silver,,,pickRate,0.0818,ratio,2153,,rivalstracker,primary,https://rivalstracker.com/heroes/iron-man,2026-08-25T14:02:59.000Z,2026-08-25T18:18:25.445Z,A,15,55,"Filters: Season 9.5, Competitive, Silver. Percentages are displayed by RivalsTracker to two decimal places and converted to ratios without further precision. sample_matches repeats the source Matches field for each metric row. hero_rank is the displayed table order (win rate descending); tier_label is source-provided. Platform, region, and sample_players are not stated by the source and are left empty. RivalsTracker does not publish Ban Rate for this rank; the banRate average is left empty, not zero."
iron-man-s9-5-silver,iron-man,Iron Man,seasonalRank,9.5,competitive,silver,,,banRate,,ratio,2153,,rivalstracker,primary,https://rivalstracker.com/heroes/iron-man,2026-08-25T14:02:59.000Z,2026-08-25T18:18:25.445Z,A,15,55,"Filters: Season 9.5, Competitive, Silver. Percentages are displayed by RivalsTracker to two decimal places and converted to ratios without further precision. sample_matches repeats the source Matches field for each metric row. hero_rank is the displayed table order (win rate descending); tier_label is source-provided. Platform, region, and sample_players are not stated by the source and are left empty. RivalsTracker does not publish Ban Rate for this rank; the banRate average is left empty, not zero."
magneto-s9-5-silver,magneto,Magneto,seasonalRank,9.5,competitive,silver,,,winRate,0.5264,ratio,7131,,rivalstracker,primary,https://rivalstracker.com/heroes/magneto,2026-08-25T14:02:59.000Z,2026-08-25T18:18:25.445Z,A,16,55,"Filters: Season 9.5, Competitive, Silver. Percentages are displayed by RivalsTracker to two decimal places and converted to ratios without further precision. sample_matches repeats the source Matches field for each metric row. hero_rank is the displayed table order (win rate descending); tier_label is source-provided. Platform, region, and sample_players are not stated by the source and are left empty. RivalsTracker does not publish Ban Rate for this rank; the banRate average is left empty, not zero."
magneto-s9-5-silver,magneto,Magneto,seasonalRank,9.5,competitive,silver,,,pickRate,0.2709,ratio,7131,,rivalstracker,primary,https://rivalstracker.com/heroes/magneto,2026-08-25T14:02:59.000Z,2026-08-25T18:18:25.445Z,A,16,55,"Filters: Season 9.5, Competitive, Silver. Percentages are displayed by RivalsTracker to two decimal places and converted to ratios without further precision. sample_matches repeats the source Matches field for each metric row. hero_rank is the displayed table order (win rate descending); tier_label is source-provided. Platform, region, and sample_players are not stated by the source and are left empty. RivalsTracker does not publish Ban Rate for this rank; the banRate average is left empty, not zero."
magneto-s9-5-silver,magneto,Magneto,seasonalRank,9.5,competitive,silver,,,banRate,,ratio,7131,,rivalstracker,primary,https://rivalstracker.com/heroes/magneto,2026-08-25T14:02:59.000Z,2026-08-25T18:18:25.445Z,A,16,55,"Filters: Season 9.5, Competitive, Silver. Percentages are displayed by RivalsTracker to two decimal places and converted to ratios without further precision. sample_matches repeats the source Matches field for each metric row. hero_rank is the displayed table order (win rate descending); tier_label is source-provided. Platform, region, and sample_players are not stated by the source and are left empty. RivalsTracker does not publish Ban Rate for this rank; the banRate average is left empty, not zero."
winter-soldier-s9-5-silver,winter-soldier,Winter Soldier,seasonalRank,9.5,competitive,silver,,,winRate,0.5245,ratio,3797,,rivalstracker,primary,https://rivalstracker.com/heroes/winter-soldier,2026-08-25T14:02:59.000Z,2026-08-25T18:18:25.445Z,A,17,55,"Filters: Season 9.5, Competitive, Silver. Percentages are displayed by RivalsTracker to two decimal places and converted to ratios without further precision. sample_matches repeats the source Matches field for each metric row. hero_rank is the displayed table order (win rate descending); tier_label is source-provided. Platform, region, and sample_players are not stated by the source and are left empty. RivalsTracker does not publish Ban Rate for this rank; the banRate average is left empty, not zero."
winter-soldier-s9-5-silver,winter-soldier,Winter Soldier,seasonalRank,9.5,competitive,silver,,,pickRate,0.1442,ratio,3797,,rivalstracker,primary,https://rivalstracker.com/heroes/winter-soldier,2026-08-25T14:02:59.000Z,2026-08-25T18:18:25.445Z,A,17,55,"Filters: Season 9.5, Competitive, Silver. Percentages are displayed by RivalsTracker to two decimal places and converted to ratios without further precision. sample_matches repeats the source Matches field for each metric row. hero_rank is the displayed table order (win rate descending); tier_label is source-provided. Platform, region, and sample_players are not stated by the source and are left empty. RivalsTracker does not publish Ban Rate for this rank; the banRate average is left empty, not zero."
winter-soldier-s9-5-silver,winter-soldier,Winter Soldier,seasonalRank,9.5,competitive,silver,,,banRate,,ratio,3797,,rivalstracker,primary,https://rivalstracker.com/heroes/winter-soldier,2026-08-25T14:02:59.000Z,2026-08-25T18:18:25.445Z,A,17,55,"Filters: Season 9.5, Competitive, Silver. Percentages are displayed by RivalsTracker to two decimal places and converted to ratios without further precision. sample_matches repeats the source Matches field for each metric row. hero_rank is the displayed table order (win rate descending); tier_label is source-provided. Platform, region, and sample_players are not stated by the source and are left empty. RivalsTracker does not publish Ban Rate for this rank; the banRate average is left empty, not zero."
iron-fist-s9-5-silver,iron-fist,Iron Fist,seasonalRank,9.5,competitive,silver,,,winRate,0.5225,ratio,1314,,rivalstracker,primary,https://rivalstracker.com/heroes/iron-fist,2026-08-25T14:02:59.000Z,2026-08-25T18:18:25.445Z,B,18,55,"Filters: Season 9.5, Competitive, Silver. Percentages are displayed by RivalsTracker to two decimal places and converted to ratios without further precision. sample_matches repeats the source Matches field for each metric row. hero_rank is the displayed table order (win rate descending); tier_label is source-provided. Platform, region, and sample_players are not stated by the source and are left empty. RivalsTracker does not publish Ban Rate for this rank; the banRate average is left empty, not zero."
iron-fist-s9-5-silver,iron-fist,Iron Fist,seasonalRank,9.5,competitive,silver,,,pickRate,0.0499,ratio,1314,,rivalstracker,primary,https://rivalstracker.com/heroes/iron-fist,2026-08-25T14:02:59.000Z,2026-08-25T18:18:25.445Z,B,18,55,"Filters: Season 9.5, Competitive, Silver. Percentages are displayed by RivalsTracker to two decimal places and converted to ratios without further precision. sample_matches repeats the source Matches field for each metric row. hero_rank is the displayed table order (win rate descending); tier_label is source-provided. Platform, region, and sample_players are not stated by the source and are left empty. RivalsTracker does not publish Ban Rate for this rank; the banRate average is left empty, not zero."
iron-fist-s9-5-silver,iron-fist,Iron Fist,seasonalRank,9.5,competitive,silver,,,banRate,,ratio,1314,,rivalstracker,primary,https://rivalstracker.com/heroes/iron-fist,2026-08-25T14:02:59.000Z,2026-08-25T18:18:25.445Z,B,18,55,"Filters: Season 9.5, Competitive, Silver. Percentages are displayed by RivalsTracker to two decimal places and converted to ratios without further precision. sample_matches repeats the source Matches field for each metric row. hero_rank is the displayed table order (win rate descending); tier_label is source-provided. Platform, region, and sample_players are not stated by the source and are left empty. RivalsTracker does not publish Ban Rate for this rank; the banRate average is left empty, not zero."
angela-s9-5-silver,angela,Angela,seasonalRank,9.5,competitive,silver,,,winRate,0.5223,ratio,867,,rivalstracker,primary,https://rivalstracker.com/heroes/angela,2026-08-25T14:02:59.000Z,2026-08-25T18:18:25.445Z,B,19,55,"Filters: Season 9.5, Competitive, Silver. Percentages are displayed by RivalsTracker to two decimal places and converted to ratios without further precision. sample_matches repeats the source Matches field for each metric row. hero_rank is the displayed table order (win rate descending); tier_label is source-provided. Platform, region, and sample_players are not stated by the source and are left empty. RivalsTracker does not publish Ban Rate for this rank; the banRate average is left empty, not zero."
angela-s9-5-silver,angela,Angela,seasonalRank,9.5,competitive,silver,,,pickRate,0.0329,ratio,867,,rivalstracker,primary,https://rivalstracker.com/heroes/angela,2026-08-25T14:02:59.000Z,2026-08-25T18:18:25.445Z,B,19,55,"Filters: Season 9.5, Competitive, Silver. Percentages are displayed by RivalsTracker to two decimal places and converted to ratios without further precision. sample_matches repeats the source Matches field for each metric row. hero_rank is the displayed table order (win rate descending); tier_label is source-provided. Platform, region, and sample_players are not stated by the source and are left empty. RivalsTracker does not publish Ban Rate for this rank; the banRate average is left empty, not zero."
angela-s9-5-silver,angela,Angela,seasonalRank,9.5,competitive,silver,,,banRate,,ratio,867,,rivalstracker,primary,https://rivalstracker.com/heroes/angela,2026-08-25T14:02:59.000Z,2026-08-25T18:18:25.445Z,B,19,55,"Filters: Season 9.5, Competitive, Silver. Percentages are displayed by RivalsTracker to two decimal places and converted to ratios without further precision. sample_matches repeats the source Matches field for each metric row. hero_rank is the displayed table order (win rate descending); tier_label is source-provided. Platform, region, and sample_players are not stated by the source and are left empty. RivalsTracker does not publish Ban Rate for this rank; the banRate average is left empty, not zero."
psylocke-s9-5-silver,psylocke,Psylocke,seasonalRank,9.5,competitive,silver,,,winRate,0.5134,ratio,1245,,rivalstracker,primary,https://rivalstracker.com/heroes/psylocke,2026-08-25T14:02:59.000Z,2026-08-25T18:18:25.445Z,B,20,55,"Filters: Season 9.5, Competitive, Silver. Percentages are displayed by RivalsTracker to two decimal places and converted to ratios without further precision. sample_matches repeats the source Matches field for each metric row. hero_rank is the displayed table order (win rate descending); tier_label is source-provided. Platform, region, and sample_players are not stated by the source and are left empty. RivalsTracker does not publish Ban Rate for this rank; the banRate average is left empty, not zero."
psylocke-s9-5-silver,psylocke,Psylocke,seasonalRank,9.5,competitive,silver,,,pickRate,0.0473,ratio,1245,,rivalstracker,primary,https://rivalstracker.com/heroes/psylocke,2026-08-25T14:02:59.000Z,2026-08-25T18:18:25.445Z,B,20,55,"Filters: Season 9.5, Competitive, Silver. Percentages are displayed by RivalsTracker to two decimal places and converted to ratios without further precision. sample_matches repeats the source Matches field for each metric row. hero_rank is the displayed table order (win rate descending); tier_label is source-provided. Platform, region, and sample_players are not stated by the source and are left empty. RivalsTracker does not publish Ban Rate for this rank; the banRate average is left empty, not zero."
psylocke-s9-5-silver,psylocke,Psylocke,seasonalRank,9.5,competitive,silver,,,banRate,,ratio,1245,,rivalstracker,primary,https://rivalstracker.com/heroes/psylocke,2026-08-25T14:02:59.000Z,2026-08-25T18:18:25.445Z,B,20,55,"Filters: Season 9.5, Competitive, Silver. Percentages are displayed by RivalsTracker to two decimal places and converted to ratios without further precision. sample_matches repeats the source Matches field for each metric row. hero_rank is the displayed table order (win rate descending); tier_label is source-provided. Platform, region, and sample_players are not stated by the source and are left empty. RivalsTracker does not publish Ban Rate for this rank; the banRate average is left empty, not zero."
the-hood-s9-5-silver,the-hood,The Hood,seasonalRank,9.5,competitive,silver,,,winRate,0.5131,ratio,9834,,rivalstracker,primary,https://rivalstracker.com/heroes/the-hood,2026-08-25T14:02:59.000Z,2026-08-25T18:18:25.445Z,A,21,55,"Filters: Season 9.5, Competitive, Silver. Percentages are displayed by RivalsTracker to two decimal places and converted to ratios without further precision. sample_matches repeats the source Matches field for each metric row. hero_rank is the displayed table order (win rate descending); tier_label is source-provided. Platform, region, and sample_players are not stated by the source and are left empty. RivalsTracker does not publish Ban Rate for this rank; the banRate average is left empty, not zero."
the-hood-s9-5-silver,the-hood,The Hood,seasonalRank,9.5,competitive,silver,,,pickRate,0.3736,ratio,9834,,rivalstracker,primary,https://rivalstracker.com/heroes/the-hood,2026-08-25T14:02:59.000Z,2026-08-25T18:18:25.445Z,A,21,55,"Filters: Season 9.5, Competitive, Silver. Percentages are displayed by RivalsTracker to two decimal places and converted to ratios without further precision. sample_matches repeats the source Matches field for each metric row. hero_rank is the displayed table order (win rate descending); tier_label is source-provided. Platform, region, and sample_players are not stated by the source and are left empty. RivalsTracker does not publish Ban Rate for this rank; the banRate average is left empty, not zero."
the-hood-s9-5-silver,the-hood,The Hood,seasonalRank,9.5,competitive,silver,,,banRate,,ratio,9834,,rivalstracker,primary,https://rivalstracker.com/heroes/the-hood,2026-08-25T14:02:59.000Z,2026-08-25T18:18:25.445Z,A,21,55,"Filters: Season 9.5, Competitive, Silver. Percentages are displayed by RivalsTracker to two decimal places and converted to ratios without further precision. sample_matches repeats the source Matches field for each metric row. hero_rank is the displayed table order (win rate descending); tier_label is source-provided. Platform, region, and sample_players are not stated by the source and are left empty. RivalsTracker does not publish Ban Rate for this rank; the banRate average is left empty, not zero."
spider-man-s9-5-silver,spider-man,Spider-man,seasonalRank,9.5,competitive,silver,,,winRate,0.5104,ratio,4314,,rivalstracker,primary,https://rivalstracker.com/heroes/spider-man,2026-08-25T14:02:59.000Z,2026-08-25T18:18:25.445Z,A,22,55,"Filters: Season 9.5, Competitive, Silver. Percentages are displayed by RivalsTracker to two decimal places and converted to ratios without further precision. sample_matches repeats the source Matches field for each metric row. hero_rank is the displayed table order (win rate descending); tier_label is source-provided. Platform, region, and sample_players are not stated by the source and are left empty. RivalsTracker does not publish Ban Rate for this rank; the banRate average is left empty, not zero."
spider-man-s9-5-silver,spider-man,Spider-man,seasonalRank,9.5,competitive,silver,,,pickRate,0.1639,ratio,4314,,rivalstracker,primary,https://rivalstracker.com/heroes/spider-man,2026-08-25T14:02:59.000Z,2026-08-25T18:18:25.445Z,A,22,55,"Filters: Season 9.5, Competitive, Silver. Percentages are displayed by RivalsTracker to two decimal places and converted to ratios without further precision. sample_matches repeats the source Matches field for each metric row. hero_rank is the displayed table order (win rate descending); tier_label is source-provided. Platform, region, and sample_players are not stated by the source and are left empty. RivalsTracker does not publish Ban Rate for this rank; the banRate average is left empty, not zero."
spider-man-s9-5-silver,spider-man,Spider-man,seasonalRank,9.5,competitive,silver,,,banRate,,ratio,4314,,rivalstracker,primary,https://rivalstracker.com/heroes/spider-man,2026-08-25T14:02:59.000Z,2026-08-25T18:18:25.445Z,A,22,55,"Filters: Season 9.5, Competitive, Silver. Percentages are displayed by RivalsTracker to two decimal places and converted to ratios without further precision. sample_matches repeats the source Matches field for each metric row. hero_rank is the displayed table order (win rate descending); tier_label is source-provided. Platform, region, and sample_players are not stated by the source and are left empty. RivalsTracker does not publish Ban Rate for this rank; the banRate average is left empty, not zero."
elsa-bloodstone-s9-5-silver,elsa-bloodstone,Elsa Bloodstone,seasonalRank,9.5,competitive,silver,,,winRate,0.5097,ratio,1961,,rivalstracker,primary,https://rivalstracker.com/heroes/elsa-bloodstone,2026-08-25T14:02:59.000Z,2026-08-25T18:18:25.445Z,B,23,55,"Filters: Season 9.5, Competitive, Silver. Percentages are displayed by RivalsTracker to two decimal places and converted to ratios without further precision. sample_matches repeats the source Matches field for each metric row. hero_rank is the displayed table order (win rate descending); tier_label is source-provided. Platform, region, and sample_players are not stated by the source and are left empty. RivalsTracker does not publish Ban Rate for this rank; the banRate average is left empty, not zero."
elsa-bloodstone-s9-5-silver,elsa-bloodstone,Elsa Bloodstone,seasonalRank,9.5,competitive,silver,,,pickRate,0.0745,ratio,1961,,rivalstracker,primary,https://rivalstracker.com/heroes/elsa-bloodstone,2026-08-25T14:02:59.000Z,2026-08-25T18:18:25.445Z,B,23,55,"Filters: Season 9.5, Competitive, Silver. Percentages are displayed by RivalsTracker to two decimal places and converted to ratios without further precision. sample_matches repeats the source Matches field for each metric row. hero_rank is the displayed table order (win rate descending); tier_label is source-provided. Platform, region, and sample_players are not stated by the source and are left empty. RivalsTracker does not publish Ban Rate for this rank; the banRate average is left empty, not zero."
elsa-bloodstone-s9-5-silver,elsa-bloodstone,Elsa Bloodstone,seasonalRank,9.5,competitive,silver,,,banRate,,ratio,1961,,rivalstracker,primary,https://rivalstracker.com/heroes/elsa-bloodstone,2026-08-25T14:02:59.000Z,2026-08-25T18:18:25.445Z,B,23,55,"Filters: Season 9.5, Competitive, Silver. Percentages are displayed by RivalsTracker to two decimal places and converted to ratios without further precision. sample_matches repeats the source Matches field for each metric row. hero_rank is the displayed table order (win rate descending); tier_label is source-provided. Platform, region, and sample_players are not stated by the source and are left empty. RivalsTracker does not publish Ban Rate for this rank; the banRate average is left empty, not zero."
the-thing-s9-5-silver,the-thing,The Thing,seasonalRank,9.5,competitive,silver,,,winRate,0.5088,ratio,3299,,rivalstracker,primary,https://rivalstracker.com/heroes/the-thing,2026-08-25T14:02:59.000Z,2026-08-25T18:18:25.445Z,B,24,55,"Filters: Season 9.5, Competitive, Silver. Percentages are displayed by RivalsTracker to two decimal places and converted to ratios without further precision. sample_matches repeats the source Matches field for each metric row. hero_rank is the displayed table order (win rate descending); tier_label is source-provided. Platform, region, and sample_players are not stated by the source and are left empty. RivalsTracker does not publish Ban Rate for this rank; the banRate average is left empty, not zero."
the-thing-s9-5-silver,the-thing,The Thing,seasonalRank,9.5,competitive,silver,,,pickRate,0.1253,ratio,3299,,rivalstracker,primary,https://rivalstracker.com/heroes/the-thing,2026-08-25T14:02:59.000Z,2026-08-25T18:18:25.445Z,B,24,55,"Filters: Season 9.5, Competitive, Silver. Percentages are displayed by RivalsTracker to two decimal places and converted to ratios without further precision. sample_matches repeats the source Matches field for each metric row. hero_rank is the displayed table order (win rate descending); tier_label is source-provided. Platform, region, and sample_players are not stated by the source and are left empty. RivalsTracker does not publish Ban Rate for this rank; the banRate average is left empty, not zero."
the-thing-s9-5-silver,the-thing,The Thing,seasonalRank,9.5,competitive,silver,,,banRate,,ratio,3299,,rivalstracker,primary,https://rivalstracker.com/heroes/the-thing,2026-08-25T14:02:59.000Z,2026-08-25T18:18:25.445Z,B,24,55,"Filters: Season 9.5, Competitive, Silver. Percentages are displayed by RivalsTracker to two decimal places and converted to ratios without further precision. sample_matches repeats the source Matches field for each metric row. hero_rank is the displayed table order (win rate descending); tier_label is source-provided. Platform, region, and sample_players are not stated by the source and are left empty. RivalsTracker does not publish Ban Rate for this rank; the banRate average is left empty, not zero."
cloak-and-dagger-s9-5-silver,cloak-and-dagger,Cloak & Dagger,seasonalRank,9.5,competitive,silver,,,winRate,0.5068,ratio,10962,,rivalstracker,primary,https://rivalstracker.com/heroes/cloak-&-dagger,2026-08-25T14:02:59.000Z,2026-08-25T18:18:25.445Z,A,25,55,"Filters: Season 9.5, Competitive, Silver. Percentages are displayed by RivalsTracker to two decimal places and converted to ratios without further precision. sample_matches repeats the source Matches field for each metric row. hero_rank is the displayed table order (win rate descending); tier_label is source-provided. Platform, region, and sample_players are not stated by the source and are left empty. RivalsTracker does not publish Ban Rate for this rank; the banRate average is left empty, not zero."
cloak-and-dagger-s9-5-silver,cloak-and-dagger,Cloak & Dagger,seasonalRank,9.5,competitive,silver,,,pickRate,0.4164,ratio,10962,,rivalstracker,primary,https://rivalstracker.com/heroes/cloak-&-dagger,2026-08-25T14:02:59.000Z,2026-08-25T18:18:25.445Z,A,25,55,"Filters: Season 9.5, Competitive, Silver. Percentages are displayed by RivalsTracker to two decimal places and converted to ratios without further precision. sample_matches repeats the source Matches field for each metric row. hero_rank is the displayed table order (win rate descending); tier_label is source-provided. Platform, region, and sample_players are not stated by the source and are left empty. RivalsTracker does not publish Ban Rate for this rank; the banRate average is left empty, not zero."
cloak-and-dagger-s9-5-silver,cloak-and-dagger,Cloak & Dagger,seasonalRank,9.5,competitive,silver,,,banRate,,ratio,10962,,rivalstracker,primary,https://rivalstracker.com/heroes/cloak-&-dagger,2026-08-25T14:02:59.000Z,2026-08-25T18:18:25.445Z,A,25,55,"Filters: Season 9.5, Competitive, Silver. Percentages are displayed by RivalsTracker to two decimal places and converted to ratios without further precision. sample_matches repeats the source Matches field for each metric row. hero_rank is the displayed table order (win rate descending); tier_label is source-provided. Platform, region, and sample_players are not stated by the source and are left empty. RivalsTracker does not publish Ban Rate for this rank; the banRate average is left empty, not zero."
adam-warlock-s9-5-silver,adam-warlock,Adam Warlock,seasonalRank,9.5,competitive,silver,,,winRate,0.5060,ratio,777,,rivalstracker,primary,https://rivalstracker.com/heroes/adam-warlock,2026-08-25T14:02:59.000Z,2026-08-25T18:18:25.445Z,B,26,55,"Filters: Season 9.5, Competitive, Silver. Percentages are displayed by RivalsTracker to two decimal places and converted to ratios without further precision. sample_matches repeats the source Matches field for each metric row. hero_rank is the displayed table order (win rate descending); tier_label is source-provided. Platform, region, and sample_players are not stated by the source and are left empty. RivalsTracker does not publish Ban Rate for this rank; the banRate average is left empty, not zero."
adam-warlock-s9-5-silver,adam-warlock,Adam Warlock,seasonalRank,9.5,competitive,silver,,,pickRate,0.0295,ratio,777,,rivalstracker,primary,https://rivalstracker.com/heroes/adam-warlock,2026-08-25T14:02:59.000Z,2026-08-25T18:18:25.445Z,B,26,55,"Filters: Season 9.5, Competitive, Silver. Percentages are displayed by RivalsTracker to two decimal places and converted to ratios without further precision. sample_matches repeats the source Matches field for each metric row. hero_rank is the displayed table order (win rate descending); tier_label is source-provided. Platform, region, and sample_players are not stated by the source and are left empty. RivalsTracker does not publish Ban Rate for this rank; the banRate average is left empty, not zero."
adam-warlock-s9-5-silver,adam-warlock,Adam Warlock,seasonalRank,9.5,competitive,silver,,,banRate,,ratio,777,,rivalstracker,primary,https://rivalstracker.com/heroes/adam-warlock,2026-08-25T14:02:59.000Z,2026-08-25T18:18:25.445Z,B,26,55,"Filters: Season 9.5, Competitive, Silver. Percentages are displayed by RivalsTracker to two decimal places and converted to ratios without further precision. sample_matches repeats the source Matches field for each metric row. hero_rank is the displayed table order (win rate descending); tier_label is source-provided. Platform, region, and sample_players are not stated by the source and are left empty. RivalsTracker does not publish Ban Rate for this rank; the banRate average is left empty, not zero."
doctor-strange-s9-5-silver,doctor-strange,Doctor Strange,seasonalRank,9.5,competitive,silver,,,winRate,0.5059,ratio,2874,,rivalstracker,primary,https://rivalstracker.com/heroes/doctor-strange,2026-08-25T14:02:59.000Z,2026-08-25T18:18:25.445Z,B,27,55,"Filters: Season 9.5, Competitive, Silver. Percentages are displayed by RivalsTracker to two decimal places and converted to ratios without further precision. sample_matches repeats the source Matches field for each metric row. hero_rank is the displayed table order (win rate descending); tier_label is source-provided. Platform, region, and sample_players are not stated by the source and are left empty. RivalsTracker does not publish Ban Rate for this rank; the banRate average is left empty, not zero."
doctor-strange-s9-5-silver,doctor-strange,Doctor Strange,seasonalRank,9.5,competitive,silver,,,pickRate,0.1092,ratio,2874,,rivalstracker,primary,https://rivalstracker.com/heroes/doctor-strange,2026-08-25T14:02:59.000Z,2026-08-25T18:18:25.445Z,B,27,55,"Filters: Season 9.5, Competitive, Silver. Percentages are displayed by RivalsTracker to two decimal places and converted to ratios without further precision. sample_matches repeats the source Matches field for each metric row. hero_rank is the displayed table order (win rate descending); tier_label is source-provided. Platform, region, and sample_players are not stated by the source and are left empty. RivalsTracker does not publish Ban Rate for this rank; the banRate average is left empty, not zero."
doctor-strange-s9-5-silver,doctor-strange,Doctor Strange,seasonalRank,9.5,competitive,silver,,,banRate,,ratio,2874,,rivalstracker,primary,https://rivalstracker.com/heroes/doctor-strange,2026-08-25T14:02:59.000Z,2026-08-25T18:18:25.445Z,B,27,55,"Filters: Season 9.5, Competitive, Silver. Percentages are displayed by RivalsTracker to two decimal places and converted to ratios without further precision. sample_matches repeats the source Matches field for each metric row. hero_rank is the displayed table order (win rate descending); tier_label is source-provided. Platform, region, and sample_players are not stated by the source and are left empty. RivalsTracker does not publish Ban Rate for this rank; the banRate average is left empty, not zero."
black-widow-s9-5-silver,black-widow,Black Widow,seasonalRank,9.5,competitive,silver,,,winRate,0.5012,ratio,1918,,rivalstracker,primary,https://rivalstracker.com/heroes/black-widow,2026-08-25T14:02:59.000Z,2026-08-25T18:18:25.445Z,B,28,55,"Filters: Season 9.5, Competitive, Silver. Percentages are displayed by RivalsTracker to two decimal places and converted to ratios without further precision. sample_matches repeats the source Matches field for each metric row. hero_rank is the displayed table order (win rate descending); tier_label is source-provided. Platform, region, and sample_players are not stated by the source and are left empty. RivalsTracker does not publish Ban Rate for this rank; the banRate average is left empty, not zero."
black-widow-s9-5-silver,black-widow,Black Widow,seasonalRank,9.5,competitive,silver,,,pickRate,0.0729,ratio,1918,,rivalstracker,primary,https://rivalstracker.com/heroes/black-widow,2026-08-25T14:02:59.000Z,2026-08-25T18:18:25.445Z,B,28,55,"Filters: Season 9.5, Competitive, Silver. Percentages are displayed by RivalsTracker to two decimal places and converted to ratios without further precision. sample_matches repeats the source Matches field for each metric row. hero_rank is the displayed table order (win rate descending); tier_label is source-provided. Platform, region, and sample_players are not stated by the source and are left empty. RivalsTracker does not publish Ban Rate for this rank; the banRate average is left empty, not zero."
black-widow-s9-5-silver,black-widow,Black Widow,seasonalRank,9.5,competitive,silver,,,banRate,,ratio,1918,,rivalstracker,primary,https://rivalstracker.com/heroes/black-widow,2026-08-25T14:02:59.000Z,2026-08-25T18:18:25.445Z,B,28,55,"Filters: Season 9.5, Competitive, Silver. Percentages are displayed by RivalsTracker to two decimal places and converted to ratios without further precision. sample_matches repeats the source Matches field for each metric row. hero_rank is the displayed table order (win rate descending); tier_label is source-provided. Platform, region, and sample_players are not stated by the source and are left empty. RivalsTracker does not publish Ban Rate for this rank; the banRate average is left empty, not zero."
devil-dinosaur-s9-5-silver,devil-dinosaur,Devil Dinosaur,seasonalRank,9.5,competitive,silver,,,winRate,0.4984,ratio,3610,,rivalstracker,primary,https://rivalstracker.com/heroes/devil-dinosaur,2026-08-25T14:02:59.000Z,2026-08-25T18:18:25.445Z,B,29,55,"Filters: Season 9.5, Competitive, Silver. Percentages are displayed by RivalsTracker to two decimal places and converted to ratios without further precision. sample_matches repeats the source Matches field for each metric row. hero_rank is the displayed table order (win rate descending); tier_label is source-provided. Platform, region, and sample_players are not stated by the source and are left empty. RivalsTracker does not publish Ban Rate for this rank; the banRate average is left empty, not zero."
devil-dinosaur-s9-5-silver,devil-dinosaur,Devil Dinosaur,seasonalRank,9.5,competitive,silver,,,pickRate,0.1371,ratio,3610,,rivalstracker,primary,https://rivalstracker.com/heroes/devil-dinosaur,2026-08-25T14:02:59.000Z,2026-08-25T18:18:25.445Z,B,29,55,"Filters: Season 9.5, Competitive, Silver. Percentages are displayed by RivalsTracker to two decimal places and converted to ratios without further precision. sample_matches repeats the source Matches field for each metric row. hero_rank is the displayed table order (win rate descending); tier_label is source-provided. Platform, region, and sample_players are not stated by the source and are left empty. RivalsTracker does not publish Ban Rate for this rank; the banRate average is left empty, not zero."
devil-dinosaur-s9-5-silver,devil-dinosaur,Devil Dinosaur,seasonalRank,9.5,competitive,silver,,,banRate,,ratio,3610,,rivalstracker,primary,https://rivalstracker.com/heroes/devil-dinosaur,2026-08-25T14:02:59.000Z,2026-08-25T18:18:25.445Z,B,29,55,"Filters: Season 9.5, Competitive, Silver. Percentages are displayed by RivalsTracker to two decimal places and converted to ratios without further precision. sample_matches repeats the source Matches field for each metric row. hero_rank is the displayed table order (win rate descending); tier_label is source-provided. Platform, region, and sample_players are not stated by the source and are left empty. RivalsTracker does not publish Ban Rate for this rank; the banRate average is left empty, not zero."
luna-snow-s9-5-silver,luna-snow,Luna Snow,seasonalRank,9.5,competitive,silver,,,winRate,0.4980,ratio,3878,,rivalstracker,primary,https://rivalstracker.com/heroes/luna-snow,2026-08-25T14:02:59.000Z,2026-08-25T18:18:25.445Z,B,30,55,"Filters: Season 9.5, Competitive, Silver. Percentages are displayed by RivalsTracker to two decimal places and converted to ratios without further precision. sample_matches repeats the source Matches field for each metric row. hero_rank is the displayed table order (win rate descending); tier_label is source-provided. Platform, region, and sample_players are not stated by the source and are left empty. RivalsTracker does not publish Ban Rate for this rank; the banRate average is left empty, not zero."
luna-snow-s9-5-silver,luna-snow,Luna Snow,seasonalRank,9.5,competitive,silver,,,pickRate,0.1473,ratio,3878,,rivalstracker,primary,https://rivalstracker.com/heroes/luna-snow,2026-08-25T14:02:59.000Z,2026-08-25T18:18:25.445Z,B,30,55,"Filters: Season 9.5, Competitive, Silver. Percentages are displayed by RivalsTracker to two decimal places and converted to ratios without further precision. sample_matches repeats the source Matches field for each metric row. hero_rank is the displayed table order (win rate descending); tier_label is source-provided. Platform, region, and sample_players are not stated by the source and are left empty. RivalsTracker does not publish Ban Rate for this rank; the banRate average is left empty, not zero."
luna-snow-s9-5-silver,luna-snow,Luna Snow,seasonalRank,9.5,competitive,silver,,,banRate,,ratio,3878,,rivalstracker,primary,https://rivalstracker.com/heroes/luna-snow,2026-08-25T14:02:59.000Z,2026-08-25T18:18:25.445Z,B,30,55,"Filters: Season 9.5, Competitive, Silver. Percentages are displayed by RivalsTracker to two decimal places and converted to ratios without further precision. sample_matches repeats the source Matches field for each metric row. hero_rank is the displayed table order (win rate descending); tier_label is source-provided. Platform, region, and sample_players are not stated by the source and are left empty. RivalsTracker does not publish Ban Rate for this rank; the banRate average is left empty, not zero."
loki-s9-5-silver,loki,Loki,seasonalRank,9.5,competitive,silver,,,winRate,0.4959,ratio,1167,,rivalstracker,primary,https://rivalstracker.com/heroes/loki,2026-08-25T14:02:59.000Z,2026-08-25T18:18:25.445Z,B,31,55,"Filters: Season 9.5, Competitive, Silver. Percentages are displayed by RivalsTracker to two decimal places and converted to ratios without further precision. sample_matches repeats the source Matches field for each metric row. hero_rank is the displayed table order (win rate descending); tier_label is source-provided. Platform, region, and sample_players are not stated by the source and are left empty. RivalsTracker does not publish Ban Rate for this rank; the banRate average is left empty, not zero."
loki-s9-5-silver,loki,Loki,seasonalRank,9.5,competitive,silver,,,pickRate,0.0443,ratio,1167,,rivalstracker,primary,https://rivalstracker.com/heroes/loki,2026-08-25T14:02:59.000Z,2026-08-25T18:18:25.445Z,B,31,55,"Filters: Season 9.5, Competitive, Silver. Percentages are displayed by RivalsTracker to two decimal places and converted to ratios without further precision. sample_matches repeats the source Matches field for each metric row. hero_rank is the displayed table order (win rate descending); tier_label is source-provided. Platform, region, and sample_players are not stated by the source and are left empty. RivalsTracker does not publish Ban Rate for this rank; the banRate average is left empty, not zero."
loki-s9-5-silver,loki,Loki,seasonalRank,9.5,competitive,silver,,,banRate,,ratio,1167,,rivalstracker,primary,https://rivalstracker.com/heroes/loki,2026-08-25T14:02:59.000Z,2026-08-25T18:18:25.445Z,B,31,55,"Filters: Season 9.5, Competitive, Silver. Percentages are displayed by RivalsTracker to two decimal places and converted to ratios without further precision. sample_matches repeats the source Matches field for each metric row. hero_rank is the displayed table order (win rate descending); tier_label is source-provided. Platform, region, and sample_players are not stated by the source and are left empty. RivalsTracker does not publish Ban Rate for this rank; the banRate average is left empty, not zero."
white-fox-s9-5-silver,white-fox,White Fox,seasonalRank,9.5,competitive,silver,,,winRate,0.4949,ratio,4770,,rivalstracker,primary,https://rivalstracker.com/heroes/white-fox,2026-08-25T14:02:59.000Z,2026-08-25T18:18:25.445Z,B,32,55,"Filters: Season 9.5, Competitive, Silver. Percentages are displayed by RivalsTracker to two decimal places and converted to ratios without further precision. sample_matches repeats the source Matches field for each metric row. hero_rank is the displayed table order (win rate descending); tier_label is source-provided. Platform, region, and sample_players are not stated by the source and are left empty. RivalsTracker does not publish Ban Rate for this rank; the banRate average is left empty, not zero."
white-fox-s9-5-silver,white-fox,White Fox,seasonalRank,9.5,competitive,silver,,,pickRate,0.1812,ratio,4770,,rivalstracker,primary,https://rivalstracker.com/heroes/white-fox,2026-08-25T14:02:59.000Z,2026-08-25T18:18:25.445Z,B,32,55,"Filters: Season 9.5, Competitive, Silver. Percentages are displayed by RivalsTracker to two decimal places and converted to ratios without further precision. sample_matches repeats the source Matches field for each metric row. hero_rank is the displayed table order (win rate descending); tier_label is source-provided. Platform, region, and sample_players are not stated by the source and are left empty. RivalsTracker does not publish Ban Rate for this rank; the banRate average is left empty, not zero."
white-fox-s9-5-silver,white-fox,White Fox,seasonalRank,9.5,competitive,silver,,,banRate,,ratio,4770,,rivalstracker,primary,https://rivalstracker.com/heroes/white-fox,2026-08-25T14:02:59.000Z,2026-08-25T18:18:25.445Z,B,32,55,"Filters: Season 9.5, Competitive, Silver. Percentages are displayed by RivalsTracker to two decimal places and converted to ratios without further precision. sample_matches repeats the source Matches field for each metric row. hero_rank is the displayed table order (win rate descending); tier_label is source-provided. Platform, region, and sample_players are not stated by the source and are left empty. RivalsTracker does not publish Ban Rate for this rank; the banRate average is left empty, not zero."
jubilee-s9-5-silver,jubilee,Jubilee,seasonalRank,9.5,competitive,silver,,,winRate,0.4917,ratio,9798,,rivalstracker,primary,https://rivalstracker.com/heroes/jubilee,2026-08-25T14:02:59.000Z,2026-08-25T18:18:25.445Z,B,33,55,"Filters: Season 9.5, Competitive, Silver. Percentages are displayed by RivalsTracker to two decimal places and converted to ratios without further precision. sample_matches repeats the source Matches field for each metric row. hero_rank is the displayed table order (win rate descending); tier_label is source-provided. Platform, region, and sample_players are not stated by the source and are left empty. RivalsTracker does not publish Ban Rate for this rank; the banRate average is left empty, not zero."
jubilee-s9-5-silver,jubilee,Jubilee,seasonalRank,9.5,competitive,silver,,,pickRate,0.3722,ratio,9798,,rivalstracker,primary,https://rivalstracker.com/heroes/jubilee,2026-08-25T14:02:59.000Z,2026-08-25T18:18:25.445Z,B,33,55,"Filters: Season 9.5, Competitive, Silver. Percentages are displayed by RivalsTracker to two decimal places and converted to ratios without further precision. sample_matches repeats the source Matches field for each metric row. hero_rank is the displayed table order (win rate descending); tier_label is source-provided. Platform, region, and sample_players are not stated by the source and are left empty. RivalsTracker does not publish Ban Rate for this rank; the banRate average is left empty, not zero."
jubilee-s9-5-silver,jubilee,Jubilee,seasonalRank,9.5,competitive,silver,,,banRate,,ratio,9798,,rivalstracker,primary,https://rivalstracker.com/heroes/jubilee,2026-08-25T14:02:59.000Z,2026-08-25T18:18:25.445Z,B,33,55,"Filters: Season 9.5, Competitive, Silver. Percentages are displayed by RivalsTracker to two decimal places and converted to ratios without further precision. sample_matches repeats the source Matches field for each metric row. hero_rank is the displayed table order (win rate descending); tier_label is source-provided. Platform, region, and sample_players are not stated by the source and are left empty. RivalsTracker does not publish Ban Rate for this rank; the banRate average is left empty, not zero."
venom-s9-5-silver,venom,Venom,seasonalRank,9.5,competitive,silver,,,winRate,0.4853,ratio,3331,,rivalstracker,primary,https://rivalstracker.com/heroes/venom,2026-08-25T14:02:59.000Z,2026-08-25T18:18:25.445Z,B,34,55,"Filters: Season 9.5, Competitive, Silver. Percentages are displayed by RivalsTracker to two decimal places and converted to ratios without further precision. sample_matches repeats the source Matches field for each metric row. hero_rank is the displayed table order (win rate descending); tier_label is source-provided. Platform, region, and sample_players are not stated by the source and are left empty. RivalsTracker does not publish Ban Rate for this rank; the banRate average is left empty, not zero."
venom-s9-5-silver,venom,Venom,seasonalRank,9.5,competitive,silver,,,pickRate,0.1265,ratio,3331,,rivalstracker,primary,https://rivalstracker.com/heroes/venom,2026-08-25T14:02:59.000Z,2026-08-25T18:18:25.445Z,B,34,55,"Filters: Season 9.5, Competitive, Silver. Percentages are displayed by RivalsTracker to two decimal places and converted to ratios without further precision. sample_matches repeats the source Matches field for each metric row. hero_rank is the displayed table order (win rate descending); tier_label is source-provided. Platform, region, and sample_players are not stated by the source and are left empty. RivalsTracker does not publish Ban Rate for this rank; the banRate average is left empty, not zero."
venom-s9-5-silver,venom,Venom,seasonalRank,9.5,competitive,silver,,,banRate,,ratio,3331,,rivalstracker,primary,https://rivalstracker.com/heroes/venom,2026-08-25T14:02:59.000Z,2026-08-25T18:18:25.445Z,B,34,55,"Filters: Season 9.5, Competitive, Silver. Percentages are displayed by RivalsTracker to two decimal places and converted to ratios without further precision. sample_matches repeats the source Matches field for each metric row. hero_rank is the displayed table order (win rate descending); tier_label is source-provided. Platform, region, and sample_players are not stated by the source and are left empty. RivalsTracker does not publish Ban Rate for this rank; the banRate average is left empty, not zero."
rogue-s9-5-silver,rogue,Rogue,seasonalRank,9.5,competitive,silver,,,winRate,0.4827,ratio,1808,,rivalstracker,primary,https://rivalstracker.com/heroes/rogue,2026-08-25T14:02:59.000Z,2026-08-25T18:18:25.445Z,C,35,55,"Filters: Season 9.5, Competitive, Silver. Percentages are displayed by RivalsTracker to two decimal places and converted to ratios without further precision. sample_matches repeats the source Matches field for each metric row. hero_rank is the displayed table order (win rate descending); tier_label is source-provided. Platform, region, and sample_players are not stated by the source and are left empty. RivalsTracker does not publish Ban Rate for this rank; the banRate average is left empty, not zero."
rogue-s9-5-silver,rogue,Rogue,seasonalRank,9.5,competitive,silver,,,pickRate,0.0687,ratio,1808,,rivalstracker,primary,https://rivalstracker.com/heroes/rogue,2026-08-25T14:02:59.000Z,2026-08-25T18:18:25.445Z,C,35,55,"Filters: Season 9.5, Competitive, Silver. Percentages are displayed by RivalsTracker to two decimal places and converted to ratios without further precision. sample_matches repeats the source Matches field for each metric row. hero_rank is the displayed table order (win rate descending); tier_label is source-provided. Platform, region, and sample_players are not stated by the source and are left empty. RivalsTracker does not publish Ban Rate for this rank; the banRate average is left empty, not zero."
rogue-s9-5-silver,rogue,Rogue,seasonalRank,9.5,competitive,silver,,,banRate,,ratio,1808,,rivalstracker,primary,https://rivalstracker.com/heroes/rogue,2026-08-25T14:02:59.000Z,2026-08-25T18:18:25.445Z,C,35,55,"Filters: Season 9.5, Competitive, Silver. Percentages are displayed by RivalsTracker to two decimal places and converted to ratios without further precision. sample_matches repeats the source Matches field for each metric row. hero_rank is the displayed table order (win rate descending); tier_label is source-provided. Platform, region, and sample_players are not stated by the source and are left empty. RivalsTracker does not publish Ban Rate for this rank; the banRate average is left empty, not zero."
wolverine-s9-5-silver,wolverine,Wolverine,seasonalRank,9.5,competitive,silver,,,winRate,0.4820,ratio,707,,rivalstracker,primary,https://rivalstracker.com/heroes/wolverine,2026-08-25T14:02:59.000Z,2026-08-25T18:18:25.445Z,C,36,55,"Filters: Season 9.5, Competitive, Silver. Percentages are displayed by RivalsTracker to two decimal places and converted to ratios without further precision. sample_matches repeats the source Matches field for each metric row. hero_rank is the displayed table order (win rate descending); tier_label is source-provided. Platform, region, and sample_players are not stated by the source and are left empty. RivalsTracker does not publish Ban Rate for this rank; the banRate average is left empty, not zero."
wolverine-s9-5-silver,wolverine,Wolverine,seasonalRank,9.5,competitive,silver,,,pickRate,0.0269,ratio,707,,rivalstracker,primary,https://rivalstracker.com/heroes/wolverine,2026-08-25T14:02:59.000Z,2026-08-25T18:18:25.445Z,C,36,55,"Filters: Season 9.5, Competitive, Silver. Percentages are displayed by RivalsTracker to two decimal places and converted to ratios without further precision. sample_matches repeats the source Matches field for each metric row. hero_rank is the displayed table order (win rate descending); tier_label is source-provided. Platform, region, and sample_players are not stated by the source and are left empty. RivalsTracker does not publish Ban Rate for this rank; the banRate average is left empty, not zero."
wolverine-s9-5-silver,wolverine,Wolverine,seasonalRank,9.5,competitive,silver,,,banRate,,ratio,707,,rivalstracker,primary,https://rivalstracker.com/heroes/wolverine,2026-08-25T14:02:59.000Z,2026-08-25T18:18:25.445Z,C,36,55,"Filters: Season 9.5, Competitive, Silver. Percentages are displayed by RivalsTracker to two decimal places and converted to ratios without further precision. sample_matches repeats the source Matches field for each metric row. hero_rank is the displayed table order (win rate descending); tier_label is source-provided. Platform, region, and sample_players are not stated by the source and are left empty. RivalsTracker does not publish Ban Rate for this rank; the banRate average is left empty, not zero."
namor-s9-5-silver,namor,Namor,seasonalRank,9.5,competitive,silver,,,winRate,0.4806,ratio,3293,,rivalstracker,primary,https://rivalstracker.com/heroes/namor,2026-08-25T14:02:59.000Z,2026-08-25T18:18:25.445Z,C,37,55,"Filters: Season 9.5, Competitive, Silver. Percentages are displayed by RivalsTracker to two decimal places and converted to ratios without further precision. sample_matches repeats the source Matches field for each metric row. hero_rank is the displayed table order (win rate descending); tier_label is source-provided. Platform, region, and sample_players are not stated by the source and are left empty. RivalsTracker does not publish Ban Rate for this rank; the banRate average is left empty, not zero."
namor-s9-5-silver,namor,Namor,seasonalRank,9.5,competitive,silver,,,pickRate,0.1251,ratio,3293,,rivalstracker,primary,https://rivalstracker.com/heroes/namor,2026-08-25T14:02:59.000Z,2026-08-25T18:18:25.445Z,C,37,55,"Filters: Season 9.5, Competitive, Silver. Percentages are displayed by RivalsTracker to two decimal places and converted to ratios without further precision. sample_matches repeats the source Matches field for each metric row. hero_rank is the displayed table order (win rate descending); tier_label is source-provided. Platform, region, and sample_players are not stated by the source and are left empty. RivalsTracker does not publish Ban Rate for this rank; the banRate average is left empty, not zero."
namor-s9-5-silver,namor,Namor,seasonalRank,9.5,competitive,silver,,,banRate,,ratio,3293,,rivalstracker,primary,https://rivalstracker.com/heroes/namor,2026-08-25T14:02:59.000Z,2026-08-25T18:18:25.445Z,C,37,55,"Filters: Season 9.5, Competitive, Silver. Percentages are displayed by RivalsTracker to two decimal places and converted to ratios without further precision. sample_matches repeats the source Matches field for each metric row. hero_rank is the displayed table order (win rate descending); tier_label is source-provided. Platform, region, and sample_players are not stated by the source and are left empty. RivalsTracker does not publish Ban Rate for this rank; the banRate average is left empty, not zero."
scarlet-witch-s9-5-silver,scarlet-witch,Scarlet Witch,seasonalRank,9.5,competitive,silver,,,winRate,0.4792,ratio,4347,,rivalstracker,primary,https://rivalstracker.com/heroes/scarlet-witch,2026-08-25T14:02:59.000Z,2026-08-25T18:18:25.445Z,B,38,55,"Filters: Season 9.5, Competitive, Silver. Percentages are displayed by RivalsTracker to two decimal places and converted to ratios without further precision. sample_matches repeats the source Matches field for each metric row. hero_rank is the displayed table order (win rate descending); tier_label is source-provided. Platform, region, and sample_players are not stated by the source and are left empty. RivalsTracker does not publish Ban Rate for this rank; the banRate average is left empty, not zero."
scarlet-witch-s9-5-silver,scarlet-witch,Scarlet Witch,seasonalRank,9.5,competitive,silver,,,pickRate,0.1651,ratio,4347,,rivalstracker,primary,https://rivalstracker.com/heroes/scarlet-witch,2026-08-25T14:02:59.000Z,2026-08-25T18:18:25.445Z,B,38,55,"Filters: Season 9.5, Competitive, Silver. Percentages are displayed by RivalsTracker to two decimal places and converted to ratios without further precision. sample_matches repeats the source Matches field for each metric row. hero_rank is the displayed table order (win rate descending); tier_label is source-provided. Platform, region, and sample_players are not stated by the source and are left empty. RivalsTracker does not publish Ban Rate for this rank; the banRate average is left empty, not zero."
scarlet-witch-s9-5-silver,scarlet-witch,Scarlet Witch,seasonalRank,9.5,competitive,silver,,,banRate,,ratio,4347,,rivalstracker,primary,https://rivalstracker.com/heroes/scarlet-witch,2026-08-25T14:02:59.000Z,2026-08-25T18:18:25.445Z,B,38,55,"Filters: Season 9.5, Competitive, Silver. Percentages are displayed by RivalsTracker to two decimal places and converted to ratios without further precision. sample_matches repeats the source Matches field for each metric row. hero_rank is the displayed table order (win rate descending); tier_label is source-provided. Platform, region, and sample_players are not stated by the source and are left empty. RivalsTracker does not publish Ban Rate for this rank; the banRate average is left empty, not zero."
hulk-s9-5-silver,hulk,Hulk,seasonalRank,9.5,competitive,silver,,,winRate,0.4791,ratio,1326,,rivalstracker,primary,https://rivalstracker.com/heroes/hulk,2026-08-25T14:02:59.000Z,2026-08-25T18:18:25.445Z,C,39,55,"Filters: Season 9.5, Competitive, Silver. Percentages are displayed by RivalsTracker to two decimal places and converted to ratios without further precision. sample_matches repeats the source Matches field for each metric row. hero_rank is the displayed table order (win rate descending); tier_label is source-provided. Platform, region, and sample_players are not stated by the source and are left empty. RivalsTracker does not publish Ban Rate for this rank; the banRate average is left empty, not zero."
hulk-s9-5-silver,hulk,Hulk,seasonalRank,9.5,competitive,silver,,,pickRate,0.0504,ratio,1326,,rivalstracker,primary,https://rivalstracker.com/heroes/hulk,2026-08-25T14:02:59.000Z,2026-08-25T18:18:25.445Z,C,39,55,"Filters: Season 9.5, Competitive, Silver. Percentages are displayed by RivalsTracker to two decimal places and converted to ratios without further precision. sample_matches repeats the source Matches field for each metric row. hero_rank is the displayed table order (win rate descending); tier_label is source-provided. Platform, region, and sample_players are not stated by the source and are left empty. RivalsTracker does not publish Ban Rate for this rank; the banRate average is left empty, not zero."
hulk-s9-5-silver,hulk,Hulk,seasonalRank,9.5,competitive,silver,,,banRate,,ratio,1326,,rivalstracker,primary,https://rivalstracker.com/heroes/hulk,2026-08-25T14:02:59.000Z,2026-08-25T18:18:25.445Z,C,39,55,"Filters: Season 9.5, Competitive, Silver. Percentages are displayed by RivalsTracker to two decimal places and converted to ratios without further precision. sample_matches repeats the source Matches field for each metric row. hero_rank is the displayed table order (win rate descending); tier_label is source-provided. Platform, region, and sample_players are not stated by the source and are left empty. RivalsTracker does not publish Ban Rate for this rank; the banRate average is left empty, not zero."
groot-s9-5-silver,groot,Groot,seasonalRank,9.5,competitive,silver,,,winRate,0.4773,ratio,1308,,rivalstracker,primary,https://rivalstracker.com/heroes/groot,2026-08-25T14:02:59.000Z,2026-08-25T18:18:25.445Z,C,40,55,"Filters: Season 9.5, Competitive, Silver. Percentages are displayed by RivalsTracker to two decimal places and converted to ratios without further precision. sample_matches repeats the source Matches field for each metric row. hero_rank is the displayed table order (win rate descending); tier_label is source-provided. Platform, region, and sample_players are not stated by the source and are left empty. RivalsTracker does not publish Ban Rate for this rank; the banRate average is left empty, not zero."
groot-s9-5-silver,groot,Groot,seasonalRank,9.5,competitive,silver,,,pickRate,0.0497,ratio,1308,,rivalstracker,primary,https://rivalstracker.com/heroes/groot,2026-08-25T14:02:59.000Z,2026-08-25T18:18:25.445Z,C,40,55,"Filters: Season 9.5, Competitive, Silver. Percentages are displayed by RivalsTracker to two decimal places and converted to ratios without further precision. sample_matches repeats the source Matches field for each metric row. hero_rank is the displayed table order (win rate descending); tier_label is source-provided. Platform, region, and sample_players are not stated by the source and are left empty. RivalsTracker does not publish Ban Rate for this rank; the banRate average is left empty, not zero."
groot-s9-5-silver,groot,Groot,seasonalRank,9.5,competitive,silver,,,banRate,,ratio,1308,,rivalstracker,primary,https://rivalstracker.com/heroes/groot,2026-08-25T14:02:59.000Z,2026-08-25T18:18:25.445Z,C,40,55,"Filters: Season 9.5, Competitive, Silver. Percentages are displayed by RivalsTracker to two decimal places and converted to ratios without further precision. sample_matches repeats the source Matches field for each metric row. hero_rank is the displayed table order (win rate descending); tier_label is source-provided. Platform, region, and sample_players are not stated by the source and are left empty. RivalsTracker does not publish Ban Rate for this rank; the banRate average is left empty, not zero."
invisible-woman-s9-5-silver,invisible-woman,Invisible Woman,seasonalRank,9.5,competitive,silver,,,winRate,0.4758,ratio,4190,,rivalstracker,primary,https://rivalstracker.com/heroes/invisible-woman,2026-08-25T14:02:59.000Z,2026-08-25T18:18:25.445Z,C,41,55,"Filters: Season 9.5, Competitive, Silver. Percentages are displayed by RivalsTracker to two decimal places and converted to ratios without further precision. sample_matches repeats the source Matches field for each metric row. hero_rank is the displayed table order (win rate descending); tier_label is source-provided. Platform, region, and sample_players are not stated by the source and are left empty. RivalsTracker does not publish Ban Rate for this rank; the banRate average is left empty, not zero."
invisible-woman-s9-5-silver,invisible-woman,Invisible Woman,seasonalRank,9.5,competitive,silver,,,pickRate,0.1592,ratio,4190,,rivalstracker,primary,https://rivalstracker.com/heroes/invisible-woman,2026-08-25T14:02:59.000Z,2026-08-25T18:18:25.445Z,C,41,55,"Filters: Season 9.5, Competitive, Silver. Percentages are displayed by RivalsTracker to two decimal places and converted to ratios without further precision. sample_matches repeats the source Matches field for each metric row. hero_rank is the displayed table order (win rate descending); tier_label is source-provided. Platform, region, and sample_players are not stated by the source and are left empty. RivalsTracker does not publish Ban Rate for this rank; the banRate average is left empty, not zero."
invisible-woman-s9-5-silver,invisible-woman,Invisible Woman,seasonalRank,9.5,competitive,silver,,,banRate,,ratio,4190,,rivalstracker,primary,https://rivalstracker.com/heroes/invisible-woman,2026-08-25T14:02:59.000Z,2026-08-25T18:18:25.445Z,C,41,55,"Filters: Season 9.5, Competitive, Silver. Percentages are displayed by RivalsTracker to two decimal places and converted to ratios without further precision. sample_matches repeats the source Matches field for each metric row. hero_rank is the displayed table order (win rate descending); tier_label is source-provided. Platform, region, and sample_players are not stated by the source and are left empty. RivalsTracker does not publish Ban Rate for this rank; the banRate average is left empty, not zero."
emma-frost-s9-5-silver,emma-frost,Emma Frost,seasonalRank,9.5,competitive,silver,,,winRate,0.4718,ratio,3948,,rivalstracker,primary,https://rivalstracker.com/heroes/emma-frost,2026-08-25T14:02:59.000Z,2026-08-25T18:18:25.445Z,C,42,55,"Filters: Season 9.5, Competitive, Silver. Percentages are displayed by RivalsTracker to two decimal places and converted to ratios without further precision. sample_matches repeats the source Matches field for each metric row. hero_rank is the displayed table order (win rate descending); tier_label is source-provided. Platform, region, and sample_players are not stated by the source and are left empty. RivalsTracker does not publish Ban Rate for this rank; the banRate average is left empty, not zero."
emma-frost-s9-5-silver,emma-frost,Emma Frost,seasonalRank,9.5,competitive,silver,,,pickRate,0.1500,ratio,3948,,rivalstracker,primary,https://rivalstracker.com/heroes/emma-frost,2026-08-25T14:02:59.000Z,2026-08-25T18:18:25.445Z,C,42,55,"Filters: Season 9.5, Competitive, Silver. Percentages are displayed by RivalsTracker to two decimal places and converted to ratios without further precision. sample_matches repeats the source Matches field for each metric row. hero_rank is the displayed table order (win rate descending); tier_label is source-provided. Platform, region, and sample_players are not stated by the source and are left empty. RivalsTracker does not publish Ban Rate for this rank; the banRate average is left empty, not zero."
emma-frost-s9-5-silver,emma-frost,Emma Frost,seasonalRank,9.5,competitive,silver,,,banRate,,ratio,3948,,rivalstracker,primary,https://rivalstracker.com/heroes/emma-frost,2026-08-25T14:02:59.000Z,2026-08-25T18:18:25.445Z,C,42,55,"Filters: Season 9.5, Competitive, Silver. Percentages are displayed by RivalsTracker to two decimal places and converted to ratios without further precision. sample_matches repeats the source Matches field for each metric row. hero_rank is the displayed table order (win rate descending); tier_label is source-provided. Platform, region, and sample_players are not stated by the source and are left empty. RivalsTracker does not publish Ban Rate for this rank; the banRate average is left empty, not zero."
cyclops-s9-5-silver,cyclops,Cyclops,seasonalRank,9.5,competitive,silver,,,winRate,0.4683,ratio,4893,,rivalstracker,primary,https://rivalstracker.com/heroes/cyclops,2026-08-25T14:02:59.000Z,2026-08-25T18:18:25.445Z,C,43,55,"Filters: Season 9.5, Competitive, Silver. Percentages are displayed by RivalsTracker to two decimal places and converted to ratios without further precision. sample_matches repeats the source Matches field for each metric row. hero_rank is the displayed table order (win rate descending); tier_label is source-provided. Platform, region, and sample_players are not stated by the source and are left empty. RivalsTracker does not publish Ban Rate for this rank; the banRate average is left empty, not zero."
cyclops-s9-5-silver,cyclops,Cyclops,seasonalRank,9.5,competitive,silver,,,pickRate,0.1859,ratio,4893,,rivalstracker,primary,https://rivalstracker.com/heroes/cyclops,2026-08-25T14:02:59.000Z,2026-08-25T18:18:25.445Z,C,43,55,"Filters: Season 9.5, Competitive, Silver. Percentages are displayed by RivalsTracker to two decimal places and converted to ratios without further precision. sample_matches repeats the source Matches field for each metric row. hero_rank is the displayed table order (win rate descending); tier_label is source-provided. Platform, region, and sample_players are not stated by the source and are left empty. RivalsTracker does not publish Ban Rate for this rank; the banRate average is left empty, not zero."
cyclops-s9-5-silver,cyclops,Cyclops,seasonalRank,9.5,competitive,silver,,,banRate,,ratio,4893,,rivalstracker,primary,https://rivalstracker.com/heroes/cyclops,2026-08-25T14:02:59.000Z,2026-08-25T18:18:25.445Z,C,43,55,"Filters: Season 9.5, Competitive, Silver. Percentages are displayed by RivalsTracker to two decimal places and converted to ratios without further precision. sample_matches repeats the source Matches field for each metric row. hero_rank is the displayed table order (win rate descending); tier_label is source-provided. Platform, region, and sample_players are not stated by the source and are left empty. RivalsTracker does not publish Ban Rate for this rank; the banRate average is left empty, not zero."
captain-america-s9-5-silver,captain-america,Captain America,seasonalRank,9.5,competitive,silver,,,winRate,0.4678,ratio,951,,rivalstracker,primary,https://rivalstracker.com/heroes/captain-america,2026-08-25T14:02:59.000Z,2026-08-25T18:18:25.445Z,D,44,55,"Filters: Season 9.5, Competitive, Silver. Percentages are displayed by RivalsTracker to two decimal places and converted to ratios without further precision. sample_matches repeats the source Matches field for each metric row. hero_rank is the displayed table order (win rate descending); tier_label is source-provided. Platform, region, and sample_players are not stated by the source and are left empty. RivalsTracker does not publish Ban Rate for this rank; the banRate average is left empty, not zero."
captain-america-s9-5-silver,captain-america,Captain America,seasonalRank,9.5,competitive,silver,,,pickRate,0.0361,ratio,951,,rivalstracker,primary,https://rivalstracker.com/heroes/captain-america,2026-08-25T14:02:59.000Z,2026-08-25T18:18:25.445Z,D,44,55,"Filters: Season 9.5, Competitive, Silver. Percentages are displayed by RivalsTracker to two decimal places and converted to ratios without further precision. sample_matches repeats the source Matches field for each metric row. hero_rank is the displayed table order (win rate descending); tier_label is source-provided. Platform, region, and sample_players are not stated by the source and are left empty. RivalsTracker does not publish Ban Rate for this rank; the banRate average is left empty, not zero."
captain-america-s9-5-silver,captain-america,Captain America,seasonalRank,9.5,competitive,silver,,,banRate,,ratio,951,,rivalstracker,primary,https://rivalstracker.com/heroes/captain-america,2026-08-25T14:02:59.000Z,2026-08-25T18:18:25.445Z,D,44,55,"Filters: Season 9.5, Competitive, Silver. Percentages are displayed by RivalsTracker to two decimal places and converted to ratios without further precision. sample_matches repeats the source Matches field for each metric row. hero_rank is the displayed table order (win rate descending); tier_label is source-provided. Platform, region, and sample_players are not stated by the source and are left empty. RivalsTracker does not publish Ban Rate for this rank; the banRate average is left empty, not zero."
hawkeye-s9-5-silver,hawkeye,Hawkeye,seasonalRank,9.5,competitive,silver,,,winRate,0.4665,ratio,805,,rivalstracker,primary,https://rivalstracker.com/heroes/hawkeye,2026-08-25T14:02:59.000Z,2026-08-25T18:18:25.445Z,D,45,55,"Filters: Season 9.5, Competitive, Silver. Percentages are displayed by RivalsTracker to two decimal places and converted to ratios without further precision. sample_matches repeats the source Matches field for each metric row. hero_rank is the displayed table order (win rate descending); tier_label is source-provided. Platform, region, and sample_players are not stated by the source and are left empty. RivalsTracker does not publish Ban Rate for this rank; the banRate average is left empty, not zero."
hawkeye-s9-5-silver,hawkeye,Hawkeye,seasonalRank,9.5,competitive,silver,,,pickRate,0.0306,ratio,805,,rivalstracker,primary,https://rivalstracker.com/heroes/hawkeye,2026-08-25T14:02:59.000Z,2026-08-25T18:18:25.445Z,D,45,55,"Filters: Season 9.5, Competitive, Silver. Percentages are displayed by RivalsTracker to two decimal places and converted to ratios without further precision. sample_matches repeats the source Matches field for each metric row. hero_rank is the displayed table order (win rate descending); tier_label is source-provided. Platform, region, and sample_players are not stated by the source and are left empty. RivalsTracker does not publish Ban Rate for this rank; the banRate average is left empty, not zero."
hawkeye-s9-5-silver,hawkeye,Hawkeye,seasonalRank,9.5,competitive,silver,,,banRate,,ratio,805,,rivalstracker,primary,https://rivalstracker.com/heroes/hawkeye,2026-08-25T14:02:59.000Z,2026-08-25T18:18:25.445Z,D,45,55,"Filters: Season 9.5, Competitive, Silver. Percentages are displayed by RivalsTracker to two decimal places and converted to ratios without further precision. sample_matches repeats the source Matches field for each metric row. hero_rank is the displayed table order (win rate descending); tier_label is source-provided. Platform, region, and sample_players are not stated by the source and are left empty. RivalsTracker does not publish Ban Rate for this rank; the banRate average is left empty, not zero."
gambit-s9-5-silver,gambit,Gambit,seasonalRank,9.5,competitive,silver,,,winRate,0.4663,ratio,5556,,rivalstracker,primary,https://rivalstracker.com/heroes/gambit,2026-08-25T14:02:59.000Z,2026-08-25T18:18:25.445Z,C,46,55,"Filters: Season 9.5, Competitive, Silver. Percentages are displayed by RivalsTracker to two decimal places and converted to ratios without further precision. sample_matches repeats the source Matches field for each metric row. hero_rank is the displayed table order (win rate descending); tier_label is source-provided. Platform, region, and sample_players are not stated by the source and are left empty. RivalsTracker does not publish Ban Rate for this rank; the banRate average is left empty, not zero."
gambit-s9-5-silver,gambit,Gambit,seasonalRank,9.5,competitive,silver,,,pickRate,0.2111,ratio,5556,,rivalstracker,primary,https://rivalstracker.com/heroes/gambit,2026-08-25T14:02:59.000Z,2026-08-25T18:18:25.445Z,C,46,55,"Filters: Season 9.5, Competitive, Silver. Percentages are displayed by RivalsTracker to two decimal places and converted to ratios without further precision. sample_matches repeats the source Matches field for each metric row. hero_rank is the displayed table order (win rate descending); tier_label is source-provided. Platform, region, and sample_players are not stated by the source and are left empty. RivalsTracker does not publish Ban Rate for this rank; the banRate average is left empty, not zero."
gambit-s9-5-silver,gambit,Gambit,seasonalRank,9.5,competitive,silver,,,banRate,,ratio,5556,,rivalstracker,primary,https://rivalstracker.com/heroes/gambit,2026-08-25T14:02:59.000Z,2026-08-25T18:18:25.445Z,C,46,55,"Filters: Season 9.5, Competitive, Silver. Percentages are displayed by RivalsTracker to two decimal places and converted to ratios without further precision. sample_matches repeats the source Matches field for each metric row. hero_rank is the displayed table order (win rate descending); tier_label is source-provided. Platform, region, and sample_players are not stated by the source and are left empty. RivalsTracker does not publish Ban Rate for this rank; the banRate average is left empty, not zero."
deadpool-strategist-s9-5-silver,deadpool-strategist,Deadpool (Strategist),seasonalRank,9.5,competitive,silver,,,winRate,0.4641,ratio,1774,,rivalstracker,primary,https://rivalstracker.com/heroes/deadpool-strategist,2026-08-25T14:02:59.000Z,2026-08-25T18:18:25.445Z,D,47,55,"Filters: Season 9.5, Competitive, Silver. Percentages are displayed by RivalsTracker to two decimal places and converted to ratios without further precision. sample_matches repeats the source Matches field for each metric row. hero_rank is the displayed table order (win rate descending); tier_label is source-provided. Platform, region, and sample_players are not stated by the source and are left empty. RivalsTracker does not publish Ban Rate for this rank; the banRate average is left empty, not zero."
deadpool-strategist-s9-5-silver,deadpool-strategist,Deadpool (Strategist),seasonalRank,9.5,competitive,silver,,,pickRate,0.0674,ratio,1774,,rivalstracker,primary,https://rivalstracker.com/heroes/deadpool-strategist,2026-08-25T14:02:59.000Z,2026-08-25T18:18:25.445Z,D,47,55,"Filters: Season 9.5, Competitive, Silver. Percentages are displayed by RivalsTracker to two decimal places and converted to ratios without further precision. sample_matches repeats the source Matches field for each metric row. hero_rank is the displayed table order (win rate descending); tier_label is source-provided. Platform, region, and sample_players are not stated by the source and are left empty. RivalsTracker does not publish Ban Rate for this rank; the banRate average is left empty, not zero."
deadpool-strategist-s9-5-silver,deadpool-strategist,Deadpool (Strategist),seasonalRank,9.5,competitive,silver,,,banRate,,ratio,1774,,rivalstracker,primary,https://rivalstracker.com/heroes/deadpool-strategist,2026-08-25T14:02:59.000Z,2026-08-25T18:18:25.445Z,D,47,55,"Filters: Season 9.5, Competitive, Silver. Percentages are displayed by RivalsTracker to two decimal places and converted to ratios without further precision. sample_matches repeats the source Matches field for each metric row. hero_rank is the displayed table order (win rate descending); tier_label is source-provided. Platform, region, and sample_players are not stated by the source and are left empty. RivalsTracker does not publish Ban Rate for this rank; the banRate average is left empty, not zero."
moon-knight-s9-5-silver,moon-knight,Moon Knight,seasonalRank,9.5,competitive,silver,,,winRate,0.4630,ratio,3372,,rivalstracker,primary,https://rivalstracker.com/heroes/moon-knight,2026-08-25T14:02:59.000Z,2026-08-25T18:18:25.445Z,C,48,55,"Filters: Season 9.5, Competitive, Silver. Percentages are displayed by RivalsTracker to two decimal places and converted to ratios without further precision. sample_matches repeats the source Matches field for each metric row. hero_rank is the displayed table order (win rate descending); tier_label is source-provided. Platform, region, and sample_players are not stated by the source and are left empty. RivalsTracker does not publish Ban Rate for this rank; the banRate average is left empty, not zero."
moon-knight-s9-5-silver,moon-knight,Moon Knight,seasonalRank,9.5,competitive,silver,,,pickRate,0.1281,ratio,3372,,rivalstracker,primary,https://rivalstracker.com/heroes/moon-knight,2026-08-25T14:02:59.000Z,2026-08-25T18:18:25.445Z,C,48,55,"Filters: Season 9.5, Competitive, Silver. Percentages are displayed by RivalsTracker to two decimal places and converted to ratios without further precision. sample_matches repeats the source Matches field for each metric row. hero_rank is the displayed table order (win rate descending); tier_label is source-provided. Platform, region, and sample_players are not stated by the source and are left empty. RivalsTracker does not publish Ban Rate for this rank; the banRate average is left empty, not zero."
moon-knight-s9-5-silver,moon-knight,Moon Knight,seasonalRank,9.5,competitive,silver,,,banRate,,ratio,3372,,rivalstracker,primary,https://rivalstracker.com/heroes/moon-knight,2026-08-25T14:02:59.000Z,2026-08-25T18:18:25.445Z,C,48,55,"Filters: Season 9.5, Competitive, Silver. Percentages are displayed by RivalsTracker to two decimal places and converted to ratios without further precision. sample_matches repeats the source Matches field for each metric row. hero_rank is the displayed table order (win rate descending); tier_label is source-provided. Platform, region, and sample_players are not stated by the source and are left empty. RivalsTracker does not publish Ban Rate for this rank; the banRate average is left empty, not zero."
phoenix-s9-5-silver,phoenix,Phoenix,seasonalRank,9.5,competitive,silver,,,winRate,0.4552,ratio,1545,,rivalstracker,primary,https://rivalstracker.com/heroes/phoenix,2026-08-25T14:02:59.000Z,2026-08-25T18:18:25.445Z,D,49,55,"Filters: Season 9.5, Competitive, Silver. Percentages are displayed by RivalsTracker to two decimal places and converted to ratios without further precision. sample_matches repeats the source Matches field for each metric row. hero_rank is the displayed table order (win rate descending); tier_label is source-provided. Platform, region, and sample_players are not stated by the source and are left empty. RivalsTracker does not publish Ban Rate for this rank; the banRate average is left empty, not zero."
phoenix-s9-5-silver,phoenix,Phoenix,seasonalRank,9.5,competitive,silver,,,pickRate,0.0587,ratio,1545,,rivalstracker,primary,https://rivalstracker.com/heroes/phoenix,2026-08-25T14:02:59.000Z,2026-08-25T18:18:25.445Z,D,49,55,"Filters: Season 9.5, Competitive, Silver. Percentages are displayed by RivalsTracker to two decimal places and converted to ratios without further precision. sample_matches repeats the source Matches field for each metric row. hero_rank is the displayed table order (win rate descending); tier_label is source-provided. Platform, region, and sample_players are not stated by the source and are left empty. RivalsTracker does not publish Ban Rate for this rank; the banRate average is left empty, not zero."
phoenix-s9-5-silver,phoenix,Phoenix,seasonalRank,9.5,competitive,silver,,,banRate,,ratio,1545,,rivalstracker,primary,https://rivalstracker.com/heroes/phoenix,2026-08-25T14:02:59.000Z,2026-08-25T18:18:25.445Z,D,49,55,"Filters: Season 9.5, Competitive, Silver. Percentages are displayed by RivalsTracker to two decimal places and converted to ratios without further precision. sample_matches repeats the source Matches field for each metric row. hero_rank is the displayed table order (win rate descending); tier_label is source-provided. Platform, region, and sample_players are not stated by the source and are left empty. RivalsTracker does not publish Ban Rate for this rank; the banRate average is left empty, not zero."
squirrel-girl-s9-5-silver,squirrel-girl,Squirrel Girl,seasonalRank,9.5,competitive,silver,,,winRate,0.4526,ratio,2504,,rivalstracker,primary,https://rivalstracker.com/heroes/squirrel-girl,2026-08-25T14:02:59.000Z,2026-08-25T18:18:25.445Z,D,50,55,"Filters: Season 9.5, Competitive, Silver. Percentages are displayed by RivalsTracker to two decimal places and converted to ratios without further precision. sample_matches repeats the source Matches field for each metric row. hero_rank is the displayed table order (win rate descending); tier_label is source-provided. Platform, region, and sample_players are not stated by the source and are left empty. RivalsTracker does not publish Ban Rate for this rank; the banRate average is left empty, not zero."
squirrel-girl-s9-5-silver,squirrel-girl,Squirrel Girl,seasonalRank,9.5,competitive,silver,,,pickRate,0.0951,ratio,2504,,rivalstracker,primary,https://rivalstracker.com/heroes/squirrel-girl,2026-08-25T14:02:59.000Z,2026-08-25T18:18:25.445Z,D,50,55,"Filters: Season 9.5, Competitive, Silver. Percentages are displayed by RivalsTracker to two decimal places and converted to ratios without further precision. sample_matches repeats the source Matches field for each metric row. hero_rank is the displayed table order (win rate descending); tier_label is source-provided. Platform, region, and sample_players are not stated by the source and are left empty. RivalsTracker does not publish Ban Rate for this rank; the banRate average is left empty, not zero."
squirrel-girl-s9-5-silver,squirrel-girl,Squirrel Girl,seasonalRank,9.5,competitive,silver,,,banRate,,ratio,2504,,rivalstracker,primary,https://rivalstracker.com/heroes/squirrel-girl,2026-08-25T14:02:59.000Z,2026-08-25T18:18:25.445Z,D,50,55,"Filters: Season 9.5, Competitive, Silver. Percentages are displayed by RivalsTracker to two decimal places and converted to ratios without further precision. sample_matches repeats the source Matches field for each metric row. hero_rank is the displayed table order (win rate descending); tier_label is source-provided. Platform, region, and sample_players are not stated by the source and are left empty. RivalsTracker does not publish Ban Rate for this rank; the banRate average is left empty, not zero."
deadpool-duelist-s9-5-silver,deadpool-duelist,Deadpool (Duelist),seasonalRank,9.5,competitive,silver,,,winRate,0.4521,ratio,834,,rivalstracker,primary,https://rivalstracker.com/heroes/deadpool-duelist,2026-08-25T14:02:59.000Z,2026-08-25T18:18:25.445Z,D,51,55,"Filters: Season 9.5, Competitive, Silver. Percentages are displayed by RivalsTracker to two decimal places and converted to ratios without further precision. sample_matches repeats the source Matches field for each metric row. hero_rank is the displayed table order (win rate descending); tier_label is source-provided. Platform, region, and sample_players are not stated by the source and are left empty. RivalsTracker does not publish Ban Rate for this rank; the banRate average is left empty, not zero."
deadpool-duelist-s9-5-silver,deadpool-duelist,Deadpool (Duelist),seasonalRank,9.5,competitive,silver,,,pickRate,0.0317,ratio,834,,rivalstracker,primary,https://rivalstracker.com/heroes/deadpool-duelist,2026-08-25T14:02:59.000Z,2026-08-25T18:18:25.445Z,D,51,55,"Filters: Season 9.5, Competitive, Silver. Percentages are displayed by RivalsTracker to two decimal places and converted to ratios without further precision. sample_matches repeats the source Matches field for each metric row. hero_rank is the displayed table order (win rate descending); tier_label is source-provided. Platform, region, and sample_players are not stated by the source and are left empty. RivalsTracker does not publish Ban Rate for this rank; the banRate average is left empty, not zero."
deadpool-duelist-s9-5-silver,deadpool-duelist,Deadpool (Duelist),seasonalRank,9.5,competitive,silver,,,banRate,,ratio,834,,rivalstracker,primary,https://rivalstracker.com/heroes/deadpool-duelist,2026-08-25T14:02:59.000Z,2026-08-25T18:18:25.445Z,D,51,55,"Filters: Season 9.5, Competitive, Silver. Percentages are displayed by RivalsTracker to two decimal places and converted to ratios without further precision. sample_matches repeats the source Matches field for each metric row. hero_rank is the displayed table order (win rate descending); tier_label is source-provided. Platform, region, and sample_players are not stated by the source and are left empty. RivalsTracker does not publish Ban Rate for this rank; the banRate average is left empty, not zero."
the-punisher-s9-5-silver,the-punisher,The Punisher,seasonalRank,9.5,competitive,silver,,,winRate,0.4507,ratio,3668,,rivalstracker,primary,https://rivalstracker.com/heroes/the-punisher,2026-08-25T14:02:59.000Z,2026-08-25T18:18:25.445Z,D,52,55,"Filters: Season 9.5, Competitive, Silver. Percentages are displayed by RivalsTracker to two decimal places and converted to ratios without further precision. sample_matches repeats the source Matches field for each metric row. hero_rank is the displayed table order (win rate descending); tier_label is source-provided. Platform, region, and sample_players are not stated by the source and are left empty. RivalsTracker does not publish Ban Rate for this rank; the banRate average is left empty, not zero."
the-punisher-s9-5-silver,the-punisher,The Punisher,seasonalRank,9.5,competitive,silver,,,pickRate,0.1393,ratio,3668,,rivalstracker,primary,https://rivalstracker.com/heroes/the-punisher,2026-08-25T14:02:59.000Z,2026-08-25T18:18:25.445Z,D,52,55,"Filters: Season 9.5, Competitive, Silver. Percentages are displayed by RivalsTracker to two decimal places and converted to ratios without further precision. sample_matches repeats the source Matches field for each metric row. hero_rank is the displayed table order (win rate descending); tier_label is source-provided. Platform, region, and sample_players are not stated by the source and are left empty. RivalsTracker does not publish Ban Rate for this rank; the banRate average is left empty, not zero."
the-punisher-s9-5-silver,the-punisher,The Punisher,seasonalRank,9.5,competitive,silver,,,banRate,,ratio,3668,,rivalstracker,primary,https://rivalstracker.com/heroes/the-punisher,2026-08-25T14:02:59.000Z,2026-08-25T18:18:25.445Z,D,52,55,"Filters: Season 9.5, Competitive, Silver. Percentages are displayed by RivalsTracker to two decimal places and converted to ratios without further precision. sample_matches repeats the source Matches field for each metric row. hero_rank is the displayed table order (win rate descending); tier_label is source-provided. Platform, region, and sample_players are not stated by the source and are left empty. RivalsTracker does not publish Ban Rate for this rank; the banRate average is left empty, not zero."
star-lord-s9-5-silver,star-lord,Star-lord,seasonalRank,9.5,competitive,silver,,,winRate,0.4349,ratio,1781,,rivalstracker,primary,https://rivalstracker.com/heroes/star-lord,2026-08-25T14:02:59.000Z,2026-08-25T18:18:25.445Z,D,53,55,"Filters: Season 9.5, Competitive, Silver. Percentages are displayed by RivalsTracker to two decimal places and converted to ratios without further precision. sample_matches repeats the source Matches field for each metric row. hero_rank is the displayed table order (win rate descending); tier_label is source-provided. Platform, region, and sample_players are not stated by the source and are left empty. RivalsTracker does not publish Ban Rate for this rank; the banRate average is left empty, not zero."
star-lord-s9-5-silver,star-lord,Star-lord,seasonalRank,9.5,competitive,silver,,,pickRate,0.0677,ratio,1781,,rivalstracker,primary,https://rivalstracker.com/heroes/star-lord,2026-08-25T14:02:59.000Z,2026-08-25T18:18:25.445Z,D,53,55,"Filters: Season 9.5, Competitive, Silver. Percentages are displayed by RivalsTracker to two decimal places and converted to ratios without further precision. sample_matches repeats the source Matches field for each metric row. hero_rank is the displayed table order (win rate descending); tier_label is source-provided. Platform, region, and sample_players are not stated by the source and are left empty. RivalsTracker does not publish Ban Rate for this rank; the banRate average is left empty, not zero."
star-lord-s9-5-silver,star-lord,Star-lord,seasonalRank,9.5,competitive,silver,,,banRate,,ratio,1781,,rivalstracker,primary,https://rivalstracker.com/heroes/star-lord,2026-08-25T14:02:59.000Z,2026-08-25T18:18:25.445Z,D,53,55,"Filters: Season 9.5, Competitive, Silver. Percentages are displayed by RivalsTracker to two decimal places and converted to ratios without further precision. sample_matches repeats the source Matches field for each metric row. hero_rank is the displayed table order (win rate descending); tier_label is source-provided. Platform, region, and sample_players are not stated by the source and are left empty. RivalsTracker does not publish Ban Rate for this rank; the banRate average is left empty, not zero."
deadpool-vanguard-s9-5-silver,deadpool-vanguard,Deadpool (Vanguard),seasonalRank,9.5,competitive,silver,,,winRate,0.4204,ratio,1353,,rivalstracker,primary,https://rivalstracker.com/heroes/deadpool-vanguard,2026-08-25T14:02:59.000Z,2026-08-25T18:18:25.445Z,D,54,55,"Filters: Season 9.5, Competitive, Silver. Percentages are displayed by RivalsTracker to two decimal places and converted to ratios without further precision. sample_matches repeats the source Matches field for each metric row. hero_rank is the displayed table order (win rate descending); tier_label is source-provided. Platform, region, and sample_players are not stated by the source and are left empty. RivalsTracker does not publish Ban Rate for this rank; the banRate average is left empty, not zero."
deadpool-vanguard-s9-5-silver,deadpool-vanguard,Deadpool (Vanguard),seasonalRank,9.5,competitive,silver,,,pickRate,0.0514,ratio,1353,,rivalstracker,primary,https://rivalstracker.com/heroes/deadpool-vanguard,2026-08-25T14:02:59.000Z,2026-08-25T18:18:25.445Z,D,54,55,"Filters: Season 9.5, Competitive, Silver. Percentages are displayed by RivalsTracker to two decimal places and converted to ratios without further precision. sample_matches repeats the source Matches field for each metric row. hero_rank is the displayed table order (win rate descending); tier_label is source-provided. Platform, region, and sample_players are not stated by the source and are left empty. RivalsTracker does not publish Ban Rate for this rank; the banRate average is left empty, not zero."
deadpool-vanguard-s9-5-silver,deadpool-vanguard,Deadpool (Vanguard),seasonalRank,9.5,competitive,silver,,,banRate,,ratio,1353,,rivalstracker,primary,https://rivalstracker.com/heroes/deadpool-vanguard,2026-08-25T14:02:59.000Z,2026-08-25T18:18:25.445Z,D,54,55,"Filters: Season 9.5, Competitive, Silver. Percentages are displayed by RivalsTracker to two decimal places and converted to ratios without further precision. sample_matches repeats the source Matches field for each metric row. hero_rank is the displayed table order (win rate descending); tier_label is source-provided. Platform, region, and sample_players are not stated by the source and are left empty. RivalsTracker does not publish Ban Rate for this rank; the banRate average is left empty, not zero."
jeff-the-land-shark-s9-5-silver,jeff-the-land-shark,Jeff The Land Shark,seasonalRank,9.5,competitive,silver,,,winRate,0.4045,ratio,4400,,rivalstracker,primary,https://rivalstracker.com/heroes/jeff-the-land-shark,2026-08-25T14:02:59.000Z,2026-08-25T18:18:25.445Z,D,55,55,"Filters: Season 9.5, Competitive, Silver. Percentages are displayed by RivalsTracker to two decimal places and converted to ratios without further precision. sample_matches repeats the source Matches field for each metric row. hero_rank is the displayed table order (win rate descending); tier_label is source-provided. Platform, region, and sample_players are not stated by the source and are left empty. RivalsTracker does not publish Ban Rate for this rank; the banRate average is left empty, not zero."
jeff-the-land-shark-s9-5-silver,jeff-the-land-shark,Jeff The Land Shark,seasonalRank,9.5,competitive,silver,,,pickRate,0.1671,ratio,4400,,rivalstracker,primary,https://rivalstracker.com/heroes/jeff-the-land-shark,2026-08-25T14:02:59.000Z,2026-08-25T18:18:25.445Z,D,55,55,"Filters: Season 9.5, Competitive, Silver. Percentages are displayed by RivalsTracker to two decimal places and converted to ratios without further precision. sample_matches repeats the source Matches field for each metric row. hero_rank is the displayed table order (win rate descending); tier_label is source-provided. Platform, region, and sample_players are not stated by the source and are left empty. RivalsTracker does not publish Ban Rate for this rank; the banRate average is left empty, not zero."
jeff-the-land-shark-s9-5-silver,jeff-the-land-shark,Jeff The Land Shark,seasonalRank,9.5,competitive,silver,,,banRate,,ratio,4400,,rivalstracker,primary,https://rivalstracker.com/heroes/jeff-the-land-shark,2026-08-25T14:02:59.000Z,2026-08-25T18:18:25.445Z,D,55,55,"Filters: Season 9.5, Competitive, Silver. Percentages are displayed by RivalsTracker to two decimal places and converted to ratios without further precision. sample_matches repeats the source Matches field for each metric row. hero_rank is the displayed table order (win rate descending); tier_label is source-provided. Platform, region, and sample_players are not stated by the source and are left empty. RivalsTracker does not publish Ban Rate for this rank; the banRate average is left empty, not zero."
