benchmark_group_id,hero_id,hero_name,context_type,season,game_mode,rank_tier,platform,region,metric_name,average,unit,sample_matches,sample_players,source_id,source_role,source_url,source_updated_at,collected_at,tier_label,hero_rank,hero_pool_size,methodology_notes
peni-parker-s9-5-celestial,peni-parker,Peni Parker,seasonalRank,9.5,competitive,celestial,,,winRate,0.6466,ratio,3057,,rivalstracker,primary,https://rivalstracker.com/heroes/peni-parker,2026-08-25T14:02:59.000Z,2026-08-25T18:57:56.232Z,S,1,55,"Filters: Season 9.5, Competitive, Celestial. Percentages are displayed by RivalsTracker to two decimal places and converted to ratios without further precision. sample_matches repeats the source Matches field for each metric row. hero_rank is the displayed table order (win rate descending); tier_label is source-provided. Platform, region, and sample_players are not stated by the source and are left empty."
peni-parker-s9-5-celestial,peni-parker,Peni Parker,seasonalRank,9.5,competitive,celestial,,,pickRate,0.0220,ratio,3057,,rivalstracker,primary,https://rivalstracker.com/heroes/peni-parker,2026-08-25T14:02:59.000Z,2026-08-25T18:57:56.232Z,S,1,55,"Filters: Season 9.5, Competitive, Celestial. Percentages are displayed by RivalsTracker to two decimal places and converted to ratios without further precision. sample_matches repeats the source Matches field for each metric row. hero_rank is the displayed table order (win rate descending); tier_label is source-provided. Platform, region, and sample_players are not stated by the source and are left empty."
peni-parker-s9-5-celestial,peni-parker,Peni Parker,seasonalRank,9.5,competitive,celestial,,,banRate,0.0864,ratio,3057,,rivalstracker,primary,https://rivalstracker.com/heroes/peni-parker,2026-08-25T14:02:59.000Z,2026-08-25T18:57:56.232Z,S,1,55,"Filters: Season 9.5, Competitive, Celestial. Percentages are displayed by RivalsTracker to two decimal places and converted to ratios without further precision. sample_matches repeats the source Matches field for each metric row. hero_rank is the displayed table order (win rate descending); tier_label is source-provided. Platform, region, and sample_players are not stated by the source and are left empty."
mantis-s9-5-celestial,mantis,Mantis,seasonalRank,9.5,competitive,celestial,,,winRate,0.6330,ratio,31087,,rivalstracker,primary,https://rivalstracker.com/heroes/mantis,2026-08-25T14:02:59.000Z,2026-08-25T18:57:56.232Z,S,2,55,"Filters: Season 9.5, Competitive, Celestial. Percentages are displayed by RivalsTracker to two decimal places and converted to ratios without further precision. sample_matches repeats the source Matches field for each metric row. hero_rank is the displayed table order (win rate descending); tier_label is source-provided. Platform, region, and sample_players are not stated by the source and are left empty."
mantis-s9-5-celestial,mantis,Mantis,seasonalRank,9.5,competitive,celestial,,,pickRate,0.2235,ratio,31087,,rivalstracker,primary,https://rivalstracker.com/heroes/mantis,2026-08-25T14:02:59.000Z,2026-08-25T18:57:56.232Z,S,2,55,"Filters: Season 9.5, Competitive, Celestial. Percentages are displayed by RivalsTracker to two decimal places and converted to ratios without further precision. sample_matches repeats the source Matches field for each metric row. hero_rank is the displayed table order (win rate descending); tier_label is source-provided. Platform, region, and sample_players are not stated by the source and are left empty."
mantis-s9-5-celestial,mantis,Mantis,seasonalRank,9.5,competitive,celestial,,,banRate,0.1490,ratio,31087,,rivalstracker,primary,https://rivalstracker.com/heroes/mantis,2026-08-25T14:02:59.000Z,2026-08-25T18:57:56.232Z,S,2,55,"Filters: Season 9.5, Competitive, Celestial. Percentages are displayed by RivalsTracker to two decimal places and converted to ratios without further precision. sample_matches repeats the source Matches field for each metric row. hero_rank is the displayed table order (win rate descending); tier_label is source-provided. Platform, region, and sample_players are not stated by the source and are left empty."
black-cat-s9-5-celestial,black-cat,Black Cat,seasonalRank,9.5,competitive,celestial,,,winRate,0.5804,ratio,4080,,rivalstracker,primary,https://rivalstracker.com/heroes/black-cat,2026-08-25T14:02:59.000Z,2026-08-25T18:57:56.232Z,A,3,55,"Filters: Season 9.5, Competitive, Celestial. Percentages are displayed by RivalsTracker to two decimal places and converted to ratios without further precision. sample_matches repeats the source Matches field for each metric row. hero_rank is the displayed table order (win rate descending); tier_label is source-provided. Platform, region, and sample_players are not stated by the source and are left empty."
black-cat-s9-5-celestial,black-cat,Black Cat,seasonalRank,9.5,competitive,celestial,,,pickRate,0.0293,ratio,4080,,rivalstracker,primary,https://rivalstracker.com/heroes/black-cat,2026-08-25T14:02:59.000Z,2026-08-25T18:57:56.232Z,A,3,55,"Filters: Season 9.5, Competitive, Celestial. Percentages are displayed by RivalsTracker to two decimal places and converted to ratios without further precision. sample_matches repeats the source Matches field for each metric row. hero_rank is the displayed table order (win rate descending); tier_label is source-provided. Platform, region, and sample_players are not stated by the source and are left empty."
black-cat-s9-5-celestial,black-cat,Black Cat,seasonalRank,9.5,competitive,celestial,,,banRate,0.4702,ratio,4080,,rivalstracker,primary,https://rivalstracker.com/heroes/black-cat,2026-08-25T14:02:59.000Z,2026-08-25T18:57:56.232Z,A,3,55,"Filters: Season 9.5, Competitive, Celestial. Percentages are displayed by RivalsTracker to two decimal places and converted to ratios without further precision. sample_matches repeats the source Matches field for each metric row. hero_rank is the displayed table order (win rate descending); tier_label is source-provided. Platform, region, and sample_players are not stated by the source and are left empty."
magik-s9-5-celestial,magik,Magik,seasonalRank,9.5,competitive,celestial,,,winRate,0.5776,ratio,19156,,rivalstracker,primary,https://rivalstracker.com/heroes/magik,2026-08-25T14:02:59.000Z,2026-08-25T18:57:56.232Z,S,4,55,"Filters: Season 9.5, Competitive, Celestial. Percentages are displayed by RivalsTracker to two decimal places and converted to ratios without further precision. sample_matches repeats the source Matches field for each metric row. hero_rank is the displayed table order (win rate descending); tier_label is source-provided. Platform, region, and sample_players are not stated by the source and are left empty."
magik-s9-5-celestial,magik,Magik,seasonalRank,9.5,competitive,celestial,,,pickRate,0.1377,ratio,19156,,rivalstracker,primary,https://rivalstracker.com/heroes/magik,2026-08-25T14:02:59.000Z,2026-08-25T18:57:56.232Z,S,4,55,"Filters: Season 9.5, Competitive, Celestial. Percentages are displayed by RivalsTracker to two decimal places and converted to ratios without further precision. sample_matches repeats the source Matches field for each metric row. hero_rank is the displayed table order (win rate descending); tier_label is source-provided. Platform, region, and sample_players are not stated by the source and are left empty."
magik-s9-5-celestial,magik,Magik,seasonalRank,9.5,competitive,celestial,,,banRate,0.0691,ratio,19156,,rivalstracker,primary,https://rivalstracker.com/heroes/magik,2026-08-25T14:02:59.000Z,2026-08-25T18:57:56.232Z,S,4,55,"Filters: Season 9.5, Competitive, Celestial. Percentages are displayed by RivalsTracker to two decimal places and converted to ratios without further precision. sample_matches repeats the source Matches field for each metric row. hero_rank is the displayed table order (win rate descending); tier_label is source-provided. Platform, region, and sample_players are not stated by the source and are left empty."
daredevil-s9-5-celestial,daredevil,Daredevil,seasonalRank,9.5,competitive,celestial,,,winRate,0.5595,ratio,13261,,rivalstracker,primary,https://rivalstracker.com/heroes/daredevil,2026-08-25T14:02:59.000Z,2026-08-25T18:57:56.232Z,S,5,55,"Filters: Season 9.5, Competitive, Celestial. Percentages are displayed by RivalsTracker to two decimal places and converted to ratios without further precision. sample_matches repeats the source Matches field for each metric row. hero_rank is the displayed table order (win rate descending); tier_label is source-provided. Platform, region, and sample_players are not stated by the source and are left empty."
daredevil-s9-5-celestial,daredevil,Daredevil,seasonalRank,9.5,competitive,celestial,,,pickRate,0.0953,ratio,13261,,rivalstracker,primary,https://rivalstracker.com/heroes/daredevil,2026-08-25T14:02:59.000Z,2026-08-25T18:57:56.232Z,S,5,55,"Filters: Season 9.5, Competitive, Celestial. Percentages are displayed by RivalsTracker to two decimal places and converted to ratios without further precision. sample_matches repeats the source Matches field for each metric row. hero_rank is the displayed table order (win rate descending); tier_label is source-provided. Platform, region, and sample_players are not stated by the source and are left empty."
daredevil-s9-5-celestial,daredevil,Daredevil,seasonalRank,9.5,competitive,celestial,,,banRate,0.1247,ratio,13261,,rivalstracker,primary,https://rivalstracker.com/heroes/daredevil,2026-08-25T14:02:59.000Z,2026-08-25T18:57:56.232Z,S,5,55,"Filters: Season 9.5, Competitive, Celestial. Percentages are displayed by RivalsTracker to two decimal places and converted to ratios without further precision. sample_matches repeats the source Matches field for each metric row. hero_rank is the displayed table order (win rate descending); tier_label is source-provided. Platform, region, and sample_players are not stated by the source and are left empty."
storm-s9-5-celestial,storm,Storm,seasonalRank,9.5,competitive,celestial,,,winRate,0.5514,ratio,4947,,rivalstracker,primary,https://rivalstracker.com/heroes/storm,2026-08-25T14:02:59.000Z,2026-08-25T18:57:56.232Z,A,6,55,"Filters: Season 9.5, Competitive, Celestial. Percentages are displayed by RivalsTracker to two decimal places and converted to ratios without further precision. sample_matches repeats the source Matches field for each metric row. hero_rank is the displayed table order (win rate descending); tier_label is source-provided. Platform, region, and sample_players are not stated by the source and are left empty."
storm-s9-5-celestial,storm,Storm,seasonalRank,9.5,competitive,celestial,,,pickRate,0.0356,ratio,4947,,rivalstracker,primary,https://rivalstracker.com/heroes/storm,2026-08-25T14:02:59.000Z,2026-08-25T18:57:56.232Z,A,6,55,"Filters: Season 9.5, Competitive, Celestial. Percentages are displayed by RivalsTracker to two decimal places and converted to ratios without further precision. sample_matches repeats the source Matches field for each metric row. hero_rank is the displayed table order (win rate descending); tier_label is source-provided. Platform, region, and sample_players are not stated by the source and are left empty."
storm-s9-5-celestial,storm,Storm,seasonalRank,9.5,competitive,celestial,,,banRate,0.0019,ratio,4947,,rivalstracker,primary,https://rivalstracker.com/heroes/storm,2026-08-25T14:02:59.000Z,2026-08-25T18:57:56.232Z,A,6,55,"Filters: Season 9.5, Competitive, Celestial. Percentages are displayed by RivalsTracker to two decimal places and converted to ratios without further precision. sample_matches repeats the source Matches field for each metric row. hero_rank is the displayed table order (win rate descending); tier_label is source-provided. Platform, region, and sample_players are not stated by the source and are left empty."
loki-s9-5-celestial,loki,Loki,seasonalRank,9.5,competitive,celestial,,,winRate,0.5478,ratio,10015,,rivalstracker,primary,https://rivalstracker.com/heroes/loki,2026-08-25T14:02:59.000Z,2026-08-25T18:57:56.232Z,A,7,55,"Filters: Season 9.5, Competitive, Celestial. Percentages are displayed by RivalsTracker to two decimal places and converted to ratios without further precision. sample_matches repeats the source Matches field for each metric row. hero_rank is the displayed table order (win rate descending); tier_label is source-provided. Platform, region, and sample_players are not stated by the source and are left empty."
loki-s9-5-celestial,loki,Loki,seasonalRank,9.5,competitive,celestial,,,pickRate,0.0720,ratio,10015,,rivalstracker,primary,https://rivalstracker.com/heroes/loki,2026-08-25T14:02:59.000Z,2026-08-25T18:57:56.232Z,A,7,55,"Filters: Season 9.5, Competitive, Celestial. Percentages are displayed by RivalsTracker to two decimal places and converted to ratios without further precision. sample_matches repeats the source Matches field for each metric row. hero_rank is the displayed table order (win rate descending); tier_label is source-provided. Platform, region, and sample_players are not stated by the source and are left empty."
loki-s9-5-celestial,loki,Loki,seasonalRank,9.5,competitive,celestial,,,banRate,0.0041,ratio,10015,,rivalstracker,primary,https://rivalstracker.com/heroes/loki,2026-08-25T14:02:59.000Z,2026-08-25T18:57:56.232Z,A,7,55,"Filters: Season 9.5, Competitive, Celestial. Percentages are displayed by RivalsTracker to two decimal places and converted to ratios without further precision. sample_matches repeats the source Matches field for each metric row. hero_rank is the displayed table order (win rate descending); tier_label is source-provided. Platform, region, and sample_players are not stated by the source and are left empty."
the-hood-s9-5-celestial,the-hood,The Hood,seasonalRank,9.5,competitive,celestial,,,winRate,0.5442,ratio,51744,,rivalstracker,primary,https://rivalstracker.com/heroes/the-hood,2026-08-25T14:02:59.000Z,2026-08-25T18:57:56.232Z,S,8,55,"Filters: Season 9.5, Competitive, Celestial. Percentages are displayed by RivalsTracker to two decimal places and converted to ratios without further precision. sample_matches repeats the source Matches field for each metric row. hero_rank is the displayed table order (win rate descending); tier_label is source-provided. Platform, region, and sample_players are not stated by the source and are left empty."
the-hood-s9-5-celestial,the-hood,The Hood,seasonalRank,9.5,competitive,celestial,,,pickRate,0.3719,ratio,51744,,rivalstracker,primary,https://rivalstracker.com/heroes/the-hood,2026-08-25T14:02:59.000Z,2026-08-25T18:57:56.232Z,S,8,55,"Filters: Season 9.5, Competitive, Celestial. Percentages are displayed by RivalsTracker to two decimal places and converted to ratios without further precision. sample_matches repeats the source Matches field for each metric row. hero_rank is the displayed table order (win rate descending); tier_label is source-provided. Platform, region, and sample_players are not stated by the source and are left empty."
the-hood-s9-5-celestial,the-hood,The Hood,seasonalRank,9.5,competitive,celestial,,,banRate,0.0860,ratio,51744,,rivalstracker,primary,https://rivalstracker.com/heroes/the-hood,2026-08-25T14:02:59.000Z,2026-08-25T18:57:56.232Z,S,8,55,"Filters: Season 9.5, Competitive, Celestial. Percentages are displayed by RivalsTracker to two decimal places and converted to ratios without further precision. sample_matches repeats the source Matches field for each metric row. hero_rank is the displayed table order (win rate descending); tier_label is source-provided. Platform, region, and sample_players are not stated by the source and are left empty."
rocket-raccoon-s9-5-celestial,rocket-raccoon,Rocket Raccoon,seasonalRank,9.5,competitive,celestial,,,winRate,0.5359,ratio,32845,,rivalstracker,primary,https://rivalstracker.com/heroes/rocket-raccoon,2026-08-25T14:02:59.000Z,2026-08-25T18:57:56.232Z,S,9,55,"Filters: Season 9.5, Competitive, Celestial. Percentages are displayed by RivalsTracker to two decimal places and converted to ratios without further precision. sample_matches repeats the source Matches field for each metric row. hero_rank is the displayed table order (win rate descending); tier_label is source-provided. Platform, region, and sample_players are not stated by the source and are left empty."
rocket-raccoon-s9-5-celestial,rocket-raccoon,Rocket Raccoon,seasonalRank,9.5,competitive,celestial,,,pickRate,0.2361,ratio,32845,,rivalstracker,primary,https://rivalstracker.com/heroes/rocket-raccoon,2026-08-25T14:02:59.000Z,2026-08-25T18:57:56.232Z,S,9,55,"Filters: Season 9.5, Competitive, Celestial. Percentages are displayed by RivalsTracker to two decimal places and converted to ratios without further precision. sample_matches repeats the source Matches field for each metric row. hero_rank is the displayed table order (win rate descending); tier_label is source-provided. Platform, region, and sample_players are not stated by the source and are left empty."
rocket-raccoon-s9-5-celestial,rocket-raccoon,Rocket Raccoon,seasonalRank,9.5,competitive,celestial,,,banRate,0.0062,ratio,32845,,rivalstracker,primary,https://rivalstracker.com/heroes/rocket-raccoon,2026-08-25T14:02:59.000Z,2026-08-25T18:57:56.232Z,S,9,55,"Filters: Season 9.5, Competitive, Celestial. Percentages are displayed by RivalsTracker to two decimal places and converted to ratios without further precision. sample_matches repeats the source Matches field for each metric row. hero_rank is the displayed table order (win rate descending); tier_label is source-provided. Platform, region, and sample_players are not stated by the source and are left empty."
groot-s9-5-celestial,groot,Groot,seasonalRank,9.5,competitive,celestial,,,winRate,0.5337,ratio,6608,,rivalstracker,primary,https://rivalstracker.com/heroes/groot,2026-08-25T14:02:59.000Z,2026-08-25T18:57:56.232Z,A,10,55,"Filters: Season 9.5, Competitive, Celestial. Percentages are displayed by RivalsTracker to two decimal places and converted to ratios without further precision. sample_matches repeats the source Matches field for each metric row. hero_rank is the displayed table order (win rate descending); tier_label is source-provided. Platform, region, and sample_players are not stated by the source and are left empty."
groot-s9-5-celestial,groot,Groot,seasonalRank,9.5,competitive,celestial,,,pickRate,0.0475,ratio,6608,,rivalstracker,primary,https://rivalstracker.com/heroes/groot,2026-08-25T14:02:59.000Z,2026-08-25T18:57:56.232Z,A,10,55,"Filters: Season 9.5, Competitive, Celestial. Percentages are displayed by RivalsTracker to two decimal places and converted to ratios without further precision. sample_matches repeats the source Matches field for each metric row. hero_rank is the displayed table order (win rate descending); tier_label is source-provided. Platform, region, and sample_players are not stated by the source and are left empty."
groot-s9-5-celestial,groot,Groot,seasonalRank,9.5,competitive,celestial,,,banRate,0.0094,ratio,6608,,rivalstracker,primary,https://rivalstracker.com/heroes/groot,2026-08-25T14:02:59.000Z,2026-08-25T18:57:56.232Z,A,10,55,"Filters: Season 9.5, Competitive, Celestial. Percentages are displayed by RivalsTracker to two decimal places and converted to ratios without further precision. sample_matches repeats the source Matches field for each metric row. hero_rank is the displayed table order (win rate descending); tier_label is source-provided. Platform, region, and sample_players are not stated by the source and are left empty."
magneto-s9-5-celestial,magneto,Magneto,seasonalRank,9.5,competitive,celestial,,,winRate,0.5323,ratio,79419,,rivalstracker,primary,https://rivalstracker.com/heroes/magneto,2026-08-25T14:02:59.000Z,2026-08-25T18:57:56.232Z,S,11,55,"Filters: Season 9.5, Competitive, Celestial. Percentages are displayed by RivalsTracker to two decimal places and converted to ratios without further precision. sample_matches repeats the source Matches field for each metric row. hero_rank is the displayed table order (win rate descending); tier_label is source-provided. Platform, region, and sample_players are not stated by the source and are left empty."
magneto-s9-5-celestial,magneto,Magneto,seasonalRank,9.5,competitive,celestial,,,pickRate,0.5709,ratio,79419,,rivalstracker,primary,https://rivalstracker.com/heroes/magneto,2026-08-25T14:02:59.000Z,2026-08-25T18:57:56.232Z,S,11,55,"Filters: Season 9.5, Competitive, Celestial. Percentages are displayed by RivalsTracker to two decimal places and converted to ratios without further precision. sample_matches repeats the source Matches field for each metric row. hero_rank is the displayed table order (win rate descending); tier_label is source-provided. Platform, region, and sample_players are not stated by the source and are left empty."
magneto-s9-5-celestial,magneto,Magneto,seasonalRank,9.5,competitive,celestial,,,banRate,0.0743,ratio,79419,,rivalstracker,primary,https://rivalstracker.com/heroes/magneto,2026-08-25T14:02:59.000Z,2026-08-25T18:57:56.232Z,S,11,55,"Filters: Season 9.5, Competitive, Celestial. Percentages are displayed by RivalsTracker to two decimal places and converted to ratios without further precision. sample_matches repeats the source Matches field for each metric row. hero_rank is the displayed table order (win rate descending); tier_label is source-provided. Platform, region, and sample_players are not stated by the source and are left empty."
elsa-bloodstone-s9-5-celestial,elsa-bloodstone,Elsa Bloodstone,seasonalRank,9.5,competitive,celestial,,,winRate,0.5302,ratio,12466,,rivalstracker,primary,https://rivalstracker.com/heroes/elsa-bloodstone,2026-08-25T14:02:59.000Z,2026-08-25T18:57:56.232Z,A,12,55,"Filters: Season 9.5, Competitive, Celestial. Percentages are displayed by RivalsTracker to two decimal places and converted to ratios without further precision. sample_matches repeats the source Matches field for each metric row. hero_rank is the displayed table order (win rate descending); tier_label is source-provided. Platform, region, and sample_players are not stated by the source and are left empty."
elsa-bloodstone-s9-5-celestial,elsa-bloodstone,Elsa Bloodstone,seasonalRank,9.5,competitive,celestial,,,pickRate,0.0896,ratio,12466,,rivalstracker,primary,https://rivalstracker.com/heroes/elsa-bloodstone,2026-08-25T14:02:59.000Z,2026-08-25T18:57:56.232Z,A,12,55,"Filters: Season 9.5, Competitive, Celestial. Percentages are displayed by RivalsTracker to two decimal places and converted to ratios without further precision. sample_matches repeats the source Matches field for each metric row. hero_rank is the displayed table order (win rate descending); tier_label is source-provided. Platform, region, and sample_players are not stated by the source and are left empty."
elsa-bloodstone-s9-5-celestial,elsa-bloodstone,Elsa Bloodstone,seasonalRank,9.5,competitive,celestial,,,banRate,0.4053,ratio,12466,,rivalstracker,primary,https://rivalstracker.com/heroes/elsa-bloodstone,2026-08-25T14:02:59.000Z,2026-08-25T18:57:56.232Z,A,12,55,"Filters: Season 9.5, Competitive, Celestial. Percentages are displayed by RivalsTracker to two decimal places and converted to ratios without further precision. sample_matches repeats the source Matches field for each metric row. hero_rank is the displayed table order (win rate descending); tier_label is source-provided. Platform, region, and sample_players are not stated by the source and are left empty."
ultron-s9-5-celestial,ultron,Ultron,seasonalRank,9.5,competitive,celestial,,,winRate,0.5298,ratio,4138,,rivalstracker,primary,https://rivalstracker.com/heroes/ultron,2026-08-25T14:02:59.000Z,2026-08-25T18:57:56.232Z,B,13,55,"Filters: Season 9.5, Competitive, Celestial. Percentages are displayed by RivalsTracker to two decimal places and converted to ratios without further precision. sample_matches repeats the source Matches field for each metric row. hero_rank is the displayed table order (win rate descending); tier_label is source-provided. Platform, region, and sample_players are not stated by the source and are left empty."
ultron-s9-5-celestial,ultron,Ultron,seasonalRank,9.5,competitive,celestial,,,pickRate,0.0297,ratio,4138,,rivalstracker,primary,https://rivalstracker.com/heroes/ultron,2026-08-25T14:02:59.000Z,2026-08-25T18:57:56.232Z,B,13,55,"Filters: Season 9.5, Competitive, Celestial. Percentages are displayed by RivalsTracker to two decimal places and converted to ratios without further precision. sample_matches repeats the source Matches field for each metric row. hero_rank is the displayed table order (win rate descending); tier_label is source-provided. Platform, region, and sample_players are not stated by the source and are left empty."
ultron-s9-5-celestial,ultron,Ultron,seasonalRank,9.5,competitive,celestial,,,banRate,0.0011,ratio,4138,,rivalstracker,primary,https://rivalstracker.com/heroes/ultron,2026-08-25T14:02:59.000Z,2026-08-25T18:57:56.232Z,B,13,55,"Filters: Season 9.5, Competitive, Celestial. Percentages are displayed by RivalsTracker to two decimal places and converted to ratios without further precision. sample_matches repeats the source Matches field for each metric row. hero_rank is the displayed table order (win rate descending); tier_label is source-provided. Platform, region, and sample_players are not stated by the source and are left empty."
human-torch-s9-5-celestial,human-torch,Human Torch,seasonalRank,9.5,competitive,celestial,,,winRate,0.5259,ratio,4996,,rivalstracker,primary,https://rivalstracker.com/heroes/human-torch,2026-08-25T14:02:59.000Z,2026-08-25T18:57:56.232Z,A,14,55,"Filters: Season 9.5, Competitive, Celestial. Percentages are displayed by RivalsTracker to two decimal places and converted to ratios without further precision. sample_matches repeats the source Matches field for each metric row. hero_rank is the displayed table order (win rate descending); tier_label is source-provided. Platform, region, and sample_players are not stated by the source and are left empty."
human-torch-s9-5-celestial,human-torch,Human Torch,seasonalRank,9.5,competitive,celestial,,,pickRate,0.0359,ratio,4996,,rivalstracker,primary,https://rivalstracker.com/heroes/human-torch,2026-08-25T14:02:59.000Z,2026-08-25T18:57:56.232Z,A,14,55,"Filters: Season 9.5, Competitive, Celestial. Percentages are displayed by RivalsTracker to two decimal places and converted to ratios without further precision. sample_matches repeats the source Matches field for each metric row. hero_rank is the displayed table order (win rate descending); tier_label is source-provided. Platform, region, and sample_players are not stated by the source and are left empty."
human-torch-s9-5-celestial,human-torch,Human Torch,seasonalRank,9.5,competitive,celestial,,,banRate,0.0080,ratio,4996,,rivalstracker,primary,https://rivalstracker.com/heroes/human-torch,2026-08-25T14:02:59.000Z,2026-08-25T18:57:56.232Z,A,14,55,"Filters: Season 9.5, Competitive, Celestial. Percentages are displayed by RivalsTracker to two decimal places and converted to ratios without further precision. sample_matches repeats the source Matches field for each metric row. hero_rank is the displayed table order (win rate descending); tier_label is source-provided. Platform, region, and sample_players are not stated by the source and are left empty."
thor-s9-5-celestial,thor,Thor,seasonalRank,9.5,competitive,celestial,,,winRate,0.5254,ratio,11029,,rivalstracker,primary,https://rivalstracker.com/heroes/thor,2026-08-25T14:02:59.000Z,2026-08-25T18:57:56.232Z,A,15,55,"Filters: Season 9.5, Competitive, Celestial. Percentages are displayed by RivalsTracker to two decimal places and converted to ratios without further precision. sample_matches repeats the source Matches field for each metric row. hero_rank is the displayed table order (win rate descending); tier_label is source-provided. Platform, region, and sample_players are not stated by the source and are left empty."
thor-s9-5-celestial,thor,Thor,seasonalRank,9.5,competitive,celestial,,,pickRate,0.0793,ratio,11029,,rivalstracker,primary,https://rivalstracker.com/heroes/thor,2026-08-25T14:02:59.000Z,2026-08-25T18:57:56.232Z,A,15,55,"Filters: Season 9.5, Competitive, Celestial. Percentages are displayed by RivalsTracker to two decimal places and converted to ratios without further precision. sample_matches repeats the source Matches field for each metric row. hero_rank is the displayed table order (win rate descending); tier_label is source-provided. Platform, region, and sample_players are not stated by the source and are left empty."
thor-s9-5-celestial,thor,Thor,seasonalRank,9.5,competitive,celestial,,,banRate,0.0062,ratio,11029,,rivalstracker,primary,https://rivalstracker.com/heroes/thor,2026-08-25T14:02:59.000Z,2026-08-25T18:57:56.232Z,A,15,55,"Filters: Season 9.5, Competitive, Celestial. Percentages are displayed by RivalsTracker to two decimal places and converted to ratios without further precision. sample_matches repeats the source Matches field for each metric row. hero_rank is the displayed table order (win rate descending); tier_label is source-provided. Platform, region, and sample_players are not stated by the source and are left empty."
rogue-s9-5-celestial,rogue,Rogue,seasonalRank,9.5,competitive,celestial,,,winRate,0.5210,ratio,6055,,rivalstracker,primary,https://rivalstracker.com/heroes/rogue,2026-08-25T14:02:59.000Z,2026-08-25T18:57:56.232Z,B,16,55,"Filters: Season 9.5, Competitive, Celestial. Percentages are displayed by RivalsTracker to two decimal places and converted to ratios without further precision. sample_matches repeats the source Matches field for each metric row. hero_rank is the displayed table order (win rate descending); tier_label is source-provided. Platform, region, and sample_players are not stated by the source and are left empty."
rogue-s9-5-celestial,rogue,Rogue,seasonalRank,9.5,competitive,celestial,,,pickRate,0.0435,ratio,6055,,rivalstracker,primary,https://rivalstracker.com/heroes/rogue,2026-08-25T14:02:59.000Z,2026-08-25T18:57:56.232Z,B,16,55,"Filters: Season 9.5, Competitive, Celestial. Percentages are displayed by RivalsTracker to two decimal places and converted to ratios without further precision. sample_matches repeats the source Matches field for each metric row. hero_rank is the displayed table order (win rate descending); tier_label is source-provided. Platform, region, and sample_players are not stated by the source and are left empty."
rogue-s9-5-celestial,rogue,Rogue,seasonalRank,9.5,competitive,celestial,,,banRate,0.0026,ratio,6055,,rivalstracker,primary,https://rivalstracker.com/heroes/rogue,2026-08-25T14:02:59.000Z,2026-08-25T18:57:56.232Z,B,16,55,"Filters: Season 9.5, Competitive, Celestial. Percentages are displayed by RivalsTracker to two decimal places and converted to ratios without further precision. sample_matches repeats the source Matches field for each metric row. hero_rank is the displayed table order (win rate descending); tier_label is source-provided. Platform, region, and sample_players are not stated by the source and are left empty."
iron-fist-s9-5-celestial,iron-fist,Iron Fist,seasonalRank,9.5,competitive,celestial,,,winRate,0.5209,ratio,14446,,rivalstracker,primary,https://rivalstracker.com/heroes/iron-fist,2026-08-25T14:02:59.000Z,2026-08-25T18:57:56.232Z,A,17,55,"Filters: Season 9.5, Competitive, Celestial. Percentages are displayed by RivalsTracker to two decimal places and converted to ratios without further precision. sample_matches repeats the source Matches field for each metric row. hero_rank is the displayed table order (win rate descending); tier_label is source-provided. Platform, region, and sample_players are not stated by the source and are left empty."
iron-fist-s9-5-celestial,iron-fist,Iron Fist,seasonalRank,9.5,competitive,celestial,,,pickRate,0.1038,ratio,14446,,rivalstracker,primary,https://rivalstracker.com/heroes/iron-fist,2026-08-25T14:02:59.000Z,2026-08-25T18:57:56.232Z,A,17,55,"Filters: Season 9.5, Competitive, Celestial. Percentages are displayed by RivalsTracker to two decimal places and converted to ratios without further precision. sample_matches repeats the source Matches field for each metric row. hero_rank is the displayed table order (win rate descending); tier_label is source-provided. Platform, region, and sample_players are not stated by the source and are left empty."
iron-fist-s9-5-celestial,iron-fist,Iron Fist,seasonalRank,9.5,competitive,celestial,,,banRate,0.0195,ratio,14446,,rivalstracker,primary,https://rivalstracker.com/heroes/iron-fist,2026-08-25T14:02:59.000Z,2026-08-25T18:57:56.232Z,A,17,55,"Filters: Season 9.5, Competitive, Celestial. Percentages are displayed by RivalsTracker to two decimal places and converted to ratios without further precision. sample_matches repeats the source Matches field for each metric row. hero_rank is the displayed table order (win rate descending); tier_label is source-provided. Platform, region, and sample_players are not stated by the source and are left empty."
star-lord-s9-5-celestial,star-lord,Star-lord,seasonalRank,9.5,competitive,celestial,,,winRate,0.5204,ratio,7142,,rivalstracker,primary,https://rivalstracker.com/heroes/star-lord,2026-08-25T14:02:59.000Z,2026-08-25T18:57:56.232Z,B,18,55,"Filters: Season 9.5, Competitive, Celestial. Percentages are displayed by RivalsTracker to two decimal places and converted to ratios without further precision. sample_matches repeats the source Matches field for each metric row. hero_rank is the displayed table order (win rate descending); tier_label is source-provided. Platform, region, and sample_players are not stated by the source and are left empty."
star-lord-s9-5-celestial,star-lord,Star-lord,seasonalRank,9.5,competitive,celestial,,,pickRate,0.0513,ratio,7142,,rivalstracker,primary,https://rivalstracker.com/heroes/star-lord,2026-08-25T14:02:59.000Z,2026-08-25T18:57:56.232Z,B,18,55,"Filters: Season 9.5, Competitive, Celestial. Percentages are displayed by RivalsTracker to two decimal places and converted to ratios without further precision. sample_matches repeats the source Matches field for each metric row. hero_rank is the displayed table order (win rate descending); tier_label is source-provided. Platform, region, and sample_players are not stated by the source and are left empty."
star-lord-s9-5-celestial,star-lord,Star-lord,seasonalRank,9.5,competitive,celestial,,,banRate,0.0048,ratio,7142,,rivalstracker,primary,https://rivalstracker.com/heroes/star-lord,2026-08-25T14:02:59.000Z,2026-08-25T18:57:56.232Z,B,18,55,"Filters: Season 9.5, Competitive, Celestial. Percentages are displayed by RivalsTracker to two decimal places and converted to ratios without further precision. sample_matches repeats the source Matches field for each metric row. hero_rank is the displayed table order (win rate descending); tier_label is source-provided. Platform, region, and sample_players are not stated by the source and are left empty."
angela-s9-5-celestial,angela,Angela,seasonalRank,9.5,competitive,celestial,,,winRate,0.5197,ratio,6434,,rivalstracker,primary,https://rivalstracker.com/heroes/angela,2026-08-25T14:02:59.000Z,2026-08-25T18:57:56.232Z,B,19,55,"Filters: Season 9.5, Competitive, Celestial. Percentages are displayed by RivalsTracker to two decimal places and converted to ratios without further precision. sample_matches repeats the source Matches field for each metric row. hero_rank is the displayed table order (win rate descending); tier_label is source-provided. Platform, region, and sample_players are not stated by the source and are left empty."
angela-s9-5-celestial,angela,Angela,seasonalRank,9.5,competitive,celestial,,,pickRate,0.0462,ratio,6434,,rivalstracker,primary,https://rivalstracker.com/heroes/angela,2026-08-25T14:02:59.000Z,2026-08-25T18:57:56.232Z,B,19,55,"Filters: Season 9.5, Competitive, Celestial. Percentages are displayed by RivalsTracker to two decimal places and converted to ratios without further precision. sample_matches repeats the source Matches field for each metric row. hero_rank is the displayed table order (win rate descending); tier_label is source-provided. Platform, region, and sample_players are not stated by the source and are left empty."
angela-s9-5-celestial,angela,Angela,seasonalRank,9.5,competitive,celestial,,,banRate,0.0065,ratio,6434,,rivalstracker,primary,https://rivalstracker.com/heroes/angela,2026-08-25T14:02:59.000Z,2026-08-25T18:57:56.232Z,B,19,55,"Filters: Season 9.5, Competitive, Celestial. Percentages are displayed by RivalsTracker to two decimal places and converted to ratios without further precision. sample_matches repeats the source Matches field for each metric row. hero_rank is the displayed table order (win rate descending); tier_label is source-provided. Platform, region, and sample_players are not stated by the source and are left empty."
the-thing-s9-5-celestial,the-thing,The Thing,seasonalRank,9.5,competitive,celestial,,,winRate,0.5182,ratio,27128,,rivalstracker,primary,https://rivalstracker.com/heroes/the-thing,2026-08-25T14:02:59.000Z,2026-08-25T18:57:56.232Z,A,20,55,"Filters: Season 9.5, Competitive, Celestial. Percentages are displayed by RivalsTracker to two decimal places and converted to ratios without further precision. sample_matches repeats the source Matches field for each metric row. hero_rank is the displayed table order (win rate descending); tier_label is source-provided. Platform, region, and sample_players are not stated by the source and are left empty."
the-thing-s9-5-celestial,the-thing,The Thing,seasonalRank,9.5,competitive,celestial,,,pickRate,0.1950,ratio,27128,,rivalstracker,primary,https://rivalstracker.com/heroes/the-thing,2026-08-25T14:02:59.000Z,2026-08-25T18:57:56.232Z,A,20,55,"Filters: Season 9.5, Competitive, Celestial. Percentages are displayed by RivalsTracker to two decimal places and converted to ratios without further precision. sample_matches repeats the source Matches field for each metric row. hero_rank is the displayed table order (win rate descending); tier_label is source-provided. Platform, region, and sample_players are not stated by the source and are left empty."
the-thing-s9-5-celestial,the-thing,The Thing,seasonalRank,9.5,competitive,celestial,,,banRate,0.1297,ratio,27128,,rivalstracker,primary,https://rivalstracker.com/heroes/the-thing,2026-08-25T14:02:59.000Z,2026-08-25T18:57:56.232Z,A,20,55,"Filters: Season 9.5, Competitive, Celestial. Percentages are displayed by RivalsTracker to two decimal places and converted to ratios without further precision. sample_matches repeats the source Matches field for each metric row. hero_rank is the displayed table order (win rate descending); tier_label is source-provided. Platform, region, and sample_players are not stated by the source and are left empty."
hulk-s9-5-celestial,hulk,Hulk,seasonalRank,9.5,competitive,celestial,,,winRate,0.5141,ratio,12830,,rivalstracker,primary,https://rivalstracker.com/heroes/hulk,2026-08-25T14:02:59.000Z,2026-08-25T18:57:56.232Z,A,21,55,"Filters: Season 9.5, Competitive, Celestial. Percentages are displayed by RivalsTracker to two decimal places and converted to ratios without further precision. sample_matches repeats the source Matches field for each metric row. hero_rank is the displayed table order (win rate descending); tier_label is source-provided. Platform, region, and sample_players are not stated by the source and are left empty."
hulk-s9-5-celestial,hulk,Hulk,seasonalRank,9.5,competitive,celestial,,,pickRate,0.0922,ratio,12830,,rivalstracker,primary,https://rivalstracker.com/heroes/hulk,2026-08-25T14:02:59.000Z,2026-08-25T18:57:56.232Z,A,21,55,"Filters: Season 9.5, Competitive, Celestial. Percentages are displayed by RivalsTracker to two decimal places and converted to ratios without further precision. sample_matches repeats the source Matches field for each metric row. hero_rank is the displayed table order (win rate descending); tier_label is source-provided. Platform, region, and sample_players are not stated by the source and are left empty."
hulk-s9-5-celestial,hulk,Hulk,seasonalRank,9.5,competitive,celestial,,,banRate,0.0075,ratio,12830,,rivalstracker,primary,https://rivalstracker.com/heroes/hulk,2026-08-25T14:02:59.000Z,2026-08-25T18:57:56.232Z,A,21,55,"Filters: Season 9.5, Competitive, Celestial. Percentages are displayed by RivalsTracker to two decimal places and converted to ratios without further precision. sample_matches repeats the source Matches field for each metric row. hero_rank is the displayed table order (win rate descending); tier_label is source-provided. Platform, region, and sample_players are not stated by the source and are left empty."
spider-man-s9-5-celestial,spider-man,Spider-man,seasonalRank,9.5,competitive,celestial,,,winRate,0.5116,ratio,19059,,rivalstracker,primary,https://rivalstracker.com/heroes/spider-man,2026-08-25T14:02:59.000Z,2026-08-25T18:57:56.232Z,A,22,55,"Filters: Season 9.5, Competitive, Celestial. Percentages are displayed by RivalsTracker to two decimal places and converted to ratios without further precision. sample_matches repeats the source Matches field for each metric row. hero_rank is the displayed table order (win rate descending); tier_label is source-provided. Platform, region, and sample_players are not stated by the source and are left empty."
spider-man-s9-5-celestial,spider-man,Spider-man,seasonalRank,9.5,competitive,celestial,,,pickRate,0.1370,ratio,19059,,rivalstracker,primary,https://rivalstracker.com/heroes/spider-man,2026-08-25T14:02:59.000Z,2026-08-25T18:57:56.232Z,A,22,55,"Filters: Season 9.5, Competitive, Celestial. Percentages are displayed by RivalsTracker to two decimal places and converted to ratios without further precision. sample_matches repeats the source Matches field for each metric row. hero_rank is the displayed table order (win rate descending); tier_label is source-provided. Platform, region, and sample_players are not stated by the source and are left empty."
spider-man-s9-5-celestial,spider-man,Spider-man,seasonalRank,9.5,competitive,celestial,,,banRate,0.0824,ratio,19059,,rivalstracker,primary,https://rivalstracker.com/heroes/spider-man,2026-08-25T14:02:59.000Z,2026-08-25T18:57:56.232Z,A,22,55,"Filters: Season 9.5, Competitive, Celestial. Percentages are displayed by RivalsTracker to two decimal places and converted to ratios without further precision. sample_matches repeats the source Matches field for each metric row. hero_rank is the displayed table order (win rate descending); tier_label is source-provided. Platform, region, and sample_players are not stated by the source and are left empty."
wolverine-s9-5-celestial,wolverine,Wolverine,seasonalRank,9.5,competitive,celestial,,,winRate,0.5113,ratio,9666,,rivalstracker,primary,https://rivalstracker.com/heroes/wolverine,2026-08-25T14:02:59.000Z,2026-08-25T18:57:56.232Z,B,23,55,"Filters: Season 9.5, Competitive, Celestial. Percentages are displayed by RivalsTracker to two decimal places and converted to ratios without further precision. sample_matches repeats the source Matches field for each metric row. hero_rank is the displayed table order (win rate descending); tier_label is source-provided. Platform, region, and sample_players are not stated by the source and are left empty."
wolverine-s9-5-celestial,wolverine,Wolverine,seasonalRank,9.5,competitive,celestial,,,pickRate,0.0695,ratio,9666,,rivalstracker,primary,https://rivalstracker.com/heroes/wolverine,2026-08-25T14:02:59.000Z,2026-08-25T18:57:56.232Z,B,23,55,"Filters: Season 9.5, Competitive, Celestial. Percentages are displayed by RivalsTracker to two decimal places and converted to ratios without further precision. sample_matches repeats the source Matches field for each metric row. hero_rank is the displayed table order (win rate descending); tier_label is source-provided. Platform, region, and sample_players are not stated by the source and are left empty."
wolverine-s9-5-celestial,wolverine,Wolverine,seasonalRank,9.5,competitive,celestial,,,banRate,0.0386,ratio,9666,,rivalstracker,primary,https://rivalstracker.com/heroes/wolverine,2026-08-25T14:02:59.000Z,2026-08-25T18:57:56.232Z,B,23,55,"Filters: Season 9.5, Competitive, Celestial. Percentages are displayed by RivalsTracker to two decimal places and converted to ratios without further precision. sample_matches repeats the source Matches field for each metric row. hero_rank is the displayed table order (win rate descending); tier_label is source-provided. Platform, region, and sample_players are not stated by the source and are left empty."
venom-s9-5-celestial,venom,Venom,seasonalRank,9.5,competitive,celestial,,,winRate,0.5074,ratio,12165,,rivalstracker,primary,https://rivalstracker.com/heroes/venom,2026-08-25T14:02:59.000Z,2026-08-25T18:57:56.232Z,B,24,55,"Filters: Season 9.5, Competitive, Celestial. Percentages are displayed by RivalsTracker to two decimal places and converted to ratios without further precision. sample_matches repeats the source Matches field for each metric row. hero_rank is the displayed table order (win rate descending); tier_label is source-provided. Platform, region, and sample_players are not stated by the source and are left empty."
venom-s9-5-celestial,venom,Venom,seasonalRank,9.5,competitive,celestial,,,pickRate,0.0874,ratio,12165,,rivalstracker,primary,https://rivalstracker.com/heroes/venom,2026-08-25T14:02:59.000Z,2026-08-25T18:57:56.232Z,B,24,55,"Filters: Season 9.5, Competitive, Celestial. Percentages are displayed by RivalsTracker to two decimal places and converted to ratios without further precision. sample_matches repeats the source Matches field for each metric row. hero_rank is the displayed table order (win rate descending); tier_label is source-provided. Platform, region, and sample_players are not stated by the source and are left empty."
venom-s9-5-celestial,venom,Venom,seasonalRank,9.5,competitive,celestial,,,banRate,0.0722,ratio,12165,,rivalstracker,primary,https://rivalstracker.com/heroes/venom,2026-08-25T14:02:59.000Z,2026-08-25T18:57:56.232Z,B,24,55,"Filters: Season 9.5, Competitive, Celestial. Percentages are displayed by RivalsTracker to two decimal places and converted to ratios without further precision. sample_matches repeats the source Matches field for each metric row. hero_rank is the displayed table order (win rate descending); tier_label is source-provided. Platform, region, and sample_players are not stated by the source and are left empty."
captain-america-s9-5-celestial,captain-america,Captain America,seasonalRank,9.5,competitive,celestial,,,winRate,0.5064,ratio,2939,,rivalstracker,primary,https://rivalstracker.com/heroes/captain-america,2026-08-25T14:02:59.000Z,2026-08-25T18:57:56.232Z,B,25,55,"Filters: Season 9.5, Competitive, Celestial. Percentages are displayed by RivalsTracker to two decimal places and converted to ratios without further precision. sample_matches repeats the source Matches field for each metric row. hero_rank is the displayed table order (win rate descending); tier_label is source-provided. Platform, region, and sample_players are not stated by the source and are left empty."
captain-america-s9-5-celestial,captain-america,Captain America,seasonalRank,9.5,competitive,celestial,,,pickRate,0.0211,ratio,2939,,rivalstracker,primary,https://rivalstracker.com/heroes/captain-america,2026-08-25T14:02:59.000Z,2026-08-25T18:57:56.232Z,B,25,55,"Filters: Season 9.5, Competitive, Celestial. Percentages are displayed by RivalsTracker to two decimal places and converted to ratios without further precision. sample_matches repeats the source Matches field for each metric row. hero_rank is the displayed table order (win rate descending); tier_label is source-provided. Platform, region, and sample_players are not stated by the source and are left empty."
captain-america-s9-5-celestial,captain-america,Captain America,seasonalRank,9.5,competitive,celestial,,,banRate,0.0022,ratio,2939,,rivalstracker,primary,https://rivalstracker.com/heroes/captain-america,2026-08-25T14:02:59.000Z,2026-08-25T18:57:56.232Z,B,25,55,"Filters: Season 9.5, Competitive, Celestial. Percentages are displayed by RivalsTracker to two decimal places and converted to ratios without further precision. sample_matches repeats the source Matches field for each metric row. hero_rank is the displayed table order (win rate descending); tier_label is source-provided. Platform, region, and sample_players are not stated by the source and are left empty."
adam-warlock-s9-5-celestial,adam-warlock,Adam Warlock,seasonalRank,9.5,competitive,celestial,,,winRate,0.5054,ratio,4657,,rivalstracker,primary,https://rivalstracker.com/heroes/adam-warlock,2026-08-25T14:02:59.000Z,2026-08-25T18:57:56.232Z,B,26,55,"Filters: Season 9.5, Competitive, Celestial. Percentages are displayed by RivalsTracker to two decimal places and converted to ratios without further precision. sample_matches repeats the source Matches field for each metric row. hero_rank is the displayed table order (win rate descending); tier_label is source-provided. Platform, region, and sample_players are not stated by the source and are left empty."
adam-warlock-s9-5-celestial,adam-warlock,Adam Warlock,seasonalRank,9.5,competitive,celestial,,,pickRate,0.0335,ratio,4657,,rivalstracker,primary,https://rivalstracker.com/heroes/adam-warlock,2026-08-25T14:02:59.000Z,2026-08-25T18:57:56.232Z,B,26,55,"Filters: Season 9.5, Competitive, Celestial. Percentages are displayed by RivalsTracker to two decimal places and converted to ratios without further precision. sample_matches repeats the source Matches field for each metric row. hero_rank is the displayed table order (win rate descending); tier_label is source-provided. Platform, region, and sample_players are not stated by the source and are left empty."
adam-warlock-s9-5-celestial,adam-warlock,Adam Warlock,seasonalRank,9.5,competitive,celestial,,,banRate,0.0020,ratio,4657,,rivalstracker,primary,https://rivalstracker.com/heroes/adam-warlock,2026-08-25T14:02:59.000Z,2026-08-25T18:57:56.232Z,B,26,55,"Filters: Season 9.5, Competitive, Celestial. Percentages are displayed by RivalsTracker to two decimal places and converted to ratios without further precision. sample_matches repeats the source Matches field for each metric row. hero_rank is the displayed table order (win rate descending); tier_label is source-provided. Platform, region, and sample_players are not stated by the source and are left empty."
hela-s9-5-celestial,hela,Hela,seasonalRank,9.5,competitive,celestial,,,winRate,0.5040,ratio,21902,,rivalstracker,primary,https://rivalstracker.com/heroes/hela,2026-08-25T14:02:59.000Z,2026-08-25T18:57:56.232Z,B,27,55,"Filters: Season 9.5, Competitive, Celestial. Percentages are displayed by RivalsTracker to two decimal places and converted to ratios without further precision. sample_matches repeats the source Matches field for each metric row. hero_rank is the displayed table order (win rate descending); tier_label is source-provided. Platform, region, and sample_players are not stated by the source and are left empty."
hela-s9-5-celestial,hela,Hela,seasonalRank,9.5,competitive,celestial,,,pickRate,0.1574,ratio,21902,,rivalstracker,primary,https://rivalstracker.com/heroes/hela,2026-08-25T14:02:59.000Z,2026-08-25T18:57:56.232Z,B,27,55,"Filters: Season 9.5, Competitive, Celestial. Percentages are displayed by RivalsTracker to two decimal places and converted to ratios without further precision. sample_matches repeats the source Matches field for each metric row. hero_rank is the displayed table order (win rate descending); tier_label is source-provided. Platform, region, and sample_players are not stated by the source and are left empty."
hela-s9-5-celestial,hela,Hela,seasonalRank,9.5,competitive,celestial,,,banRate,0.0497,ratio,21902,,rivalstracker,primary,https://rivalstracker.com/heroes/hela,2026-08-25T14:02:59.000Z,2026-08-25T18:57:56.232Z,B,27,55,"Filters: Season 9.5, Competitive, Celestial. Percentages are displayed by RivalsTracker to two decimal places and converted to ratios without further precision. sample_matches repeats the source Matches field for each metric row. hero_rank is the displayed table order (win rate descending); tier_label is source-provided. Platform, region, and sample_players are not stated by the source and are left empty."
psylocke-s9-5-celestial,psylocke,Psylocke,seasonalRank,9.5,competitive,celestial,,,winRate,0.5028,ratio,6264,,rivalstracker,primary,https://rivalstracker.com/heroes/psylocke,2026-08-25T14:02:59.000Z,2026-08-25T18:57:56.232Z,B,28,55,"Filters: Season 9.5, Competitive, Celestial. Percentages are displayed by RivalsTracker to two decimal places and converted to ratios without further precision. sample_matches repeats the source Matches field for each metric row. hero_rank is the displayed table order (win rate descending); tier_label is source-provided. Platform, region, and sample_players are not stated by the source and are left empty."
psylocke-s9-5-celestial,psylocke,Psylocke,seasonalRank,9.5,competitive,celestial,,,pickRate,0.0450,ratio,6264,,rivalstracker,primary,https://rivalstracker.com/heroes/psylocke,2026-08-25T14:02:59.000Z,2026-08-25T18:57:56.232Z,B,28,55,"Filters: Season 9.5, Competitive, Celestial. Percentages are displayed by RivalsTracker to two decimal places and converted to ratios without further precision. sample_matches repeats the source Matches field for each metric row. hero_rank is the displayed table order (win rate descending); tier_label is source-provided. Platform, region, and sample_players are not stated by the source and are left empty."
psylocke-s9-5-celestial,psylocke,Psylocke,seasonalRank,9.5,competitive,celestial,,,banRate,0.0046,ratio,6264,,rivalstracker,primary,https://rivalstracker.com/heroes/psylocke,2026-08-25T14:02:59.000Z,2026-08-25T18:57:56.232Z,B,28,55,"Filters: Season 9.5, Competitive, Celestial. Percentages are displayed by RivalsTracker to two decimal places and converted to ratios without further precision. sample_matches repeats the source Matches field for each metric row. hero_rank is the displayed table order (win rate descending); tier_label is source-provided. Platform, region, and sample_players are not stated by the source and are left empty."
iron-man-s9-5-celestial,iron-man,Iron Man,seasonalRank,9.5,competitive,celestial,,,winRate,0.5006,ratio,3338,,rivalstracker,primary,https://rivalstracker.com/heroes/iron-man,2026-08-25T14:02:59.000Z,2026-08-25T18:57:56.232Z,C,29,55,"Filters: Season 9.5, Competitive, Celestial. Percentages are displayed by RivalsTracker to two decimal places and converted to ratios without further precision. sample_matches repeats the source Matches field for each metric row. hero_rank is the displayed table order (win rate descending); tier_label is source-provided. Platform, region, and sample_players are not stated by the source and are left empty."
iron-man-s9-5-celestial,iron-man,Iron Man,seasonalRank,9.5,competitive,celestial,,,pickRate,0.0240,ratio,3338,,rivalstracker,primary,https://rivalstracker.com/heroes/iron-man,2026-08-25T14:02:59.000Z,2026-08-25T18:57:56.232Z,C,29,55,"Filters: Season 9.5, Competitive, Celestial. Percentages are displayed by RivalsTracker to two decimal places and converted to ratios without further precision. sample_matches repeats the source Matches field for each metric row. hero_rank is the displayed table order (win rate descending); tier_label is source-provided. Platform, region, and sample_players are not stated by the source and are left empty."
iron-man-s9-5-celestial,iron-man,Iron Man,seasonalRank,9.5,competitive,celestial,,,banRate,0.0013,ratio,3338,,rivalstracker,primary,https://rivalstracker.com/heroes/iron-man,2026-08-25T14:02:59.000Z,2026-08-25T18:57:56.232Z,C,29,55,"Filters: Season 9.5, Competitive, Celestial. Percentages are displayed by RivalsTracker to two decimal places and converted to ratios without further precision. sample_matches repeats the source Matches field for each metric row. hero_rank is the displayed table order (win rate descending); tier_label is source-provided. Platform, region, and sample_players are not stated by the source and are left empty."
gambit-s9-5-celestial,gambit,Gambit,seasonalRank,9.5,competitive,celestial,,,winRate,0.4965,ratio,30515,,rivalstracker,primary,https://rivalstracker.com/heroes/gambit,2026-08-25T14:02:59.000Z,2026-08-25T18:57:56.232Z,B,30,55,"Filters: Season 9.5, Competitive, Celestial. Percentages are displayed by RivalsTracker to two decimal places and converted to ratios without further precision. sample_matches repeats the source Matches field for each metric row. hero_rank is the displayed table order (win rate descending); tier_label is source-provided. Platform, region, and sample_players are not stated by the source and are left empty."
gambit-s9-5-celestial,gambit,Gambit,seasonalRank,9.5,competitive,celestial,,,pickRate,0.2193,ratio,30515,,rivalstracker,primary,https://rivalstracker.com/heroes/gambit,2026-08-25T14:02:59.000Z,2026-08-25T18:57:56.232Z,B,30,55,"Filters: Season 9.5, Competitive, Celestial. Percentages are displayed by RivalsTracker to two decimal places and converted to ratios without further precision. sample_matches repeats the source Matches field for each metric row. hero_rank is the displayed table order (win rate descending); tier_label is source-provided. Platform, region, and sample_players are not stated by the source and are left empty."
gambit-s9-5-celestial,gambit,Gambit,seasonalRank,9.5,competitive,celestial,,,banRate,0.3106,ratio,30515,,rivalstracker,primary,https://rivalstracker.com/heroes/gambit,2026-08-25T14:02:59.000Z,2026-08-25T18:57:56.232Z,B,30,55,"Filters: Season 9.5, Competitive, Celestial. Percentages are displayed by RivalsTracker to two decimal places and converted to ratios without further precision. sample_matches repeats the source Matches field for each metric row. hero_rank is the displayed table order (win rate descending); tier_label is source-provided. Platform, region, and sample_players are not stated by the source and are left empty."
black-widow-s9-5-celestial,black-widow,Black Widow,seasonalRank,9.5,competitive,celestial,,,winRate,0.4962,ratio,16634,,rivalstracker,primary,https://rivalstracker.com/heroes/black-widow,2026-08-25T14:02:59.000Z,2026-08-25T18:57:56.232Z,B,31,55,"Filters: Season 9.5, Competitive, Celestial. Percentages are displayed by RivalsTracker to two decimal places and converted to ratios without further precision. sample_matches repeats the source Matches field for each metric row. hero_rank is the displayed table order (win rate descending); tier_label is source-provided. Platform, region, and sample_players are not stated by the source and are left empty."
black-widow-s9-5-celestial,black-widow,Black Widow,seasonalRank,9.5,competitive,celestial,,,pickRate,0.1196,ratio,16634,,rivalstracker,primary,https://rivalstracker.com/heroes/black-widow,2026-08-25T14:02:59.000Z,2026-08-25T18:57:56.232Z,B,31,55,"Filters: Season 9.5, Competitive, Celestial. Percentages are displayed by RivalsTracker to two decimal places and converted to ratios without further precision. sample_matches repeats the source Matches field for each metric row. hero_rank is the displayed table order (win rate descending); tier_label is source-provided. Platform, region, and sample_players are not stated by the source and are left empty."
black-widow-s9-5-celestial,black-widow,Black Widow,seasonalRank,9.5,competitive,celestial,,,banRate,0.0716,ratio,16634,,rivalstracker,primary,https://rivalstracker.com/heroes/black-widow,2026-08-25T14:02:59.000Z,2026-08-25T18:57:56.232Z,B,31,55,"Filters: Season 9.5, Competitive, Celestial. Percentages are displayed by RivalsTracker to two decimal places and converted to ratios without further precision. sample_matches repeats the source Matches field for each metric row. hero_rank is the displayed table order (win rate descending); tier_label is source-provided. Platform, region, and sample_players are not stated by the source and are left empty."
mister-fantastic-s9-5-celestial,mister-fantastic,Mister Fantastic,seasonalRank,9.5,competitive,celestial,,,winRate,0.4941,ratio,4971,,rivalstracker,primary,https://rivalstracker.com/heroes/mister-fantastic,2026-08-25T14:02:59.000Z,2026-08-25T18:57:56.232Z,C,32,55,"Filters: Season 9.5, Competitive, Celestial. Percentages are displayed by RivalsTracker to two decimal places and converted to ratios without further precision. sample_matches repeats the source Matches field for each metric row. hero_rank is the displayed table order (win rate descending); tier_label is source-provided. Platform, region, and sample_players are not stated by the source and are left empty."
mister-fantastic-s9-5-celestial,mister-fantastic,Mister Fantastic,seasonalRank,9.5,competitive,celestial,,,pickRate,0.0357,ratio,4971,,rivalstracker,primary,https://rivalstracker.com/heroes/mister-fantastic,2026-08-25T14:02:59.000Z,2026-08-25T18:57:56.232Z,C,32,55,"Filters: Season 9.5, Competitive, Celestial. Percentages are displayed by RivalsTracker to two decimal places and converted to ratios without further precision. sample_matches repeats the source Matches field for each metric row. hero_rank is the displayed table order (win rate descending); tier_label is source-provided. Platform, region, and sample_players are not stated by the source and are left empty."
mister-fantastic-s9-5-celestial,mister-fantastic,Mister Fantastic,seasonalRank,9.5,competitive,celestial,,,banRate,0.0011,ratio,4971,,rivalstracker,primary,https://rivalstracker.com/heroes/mister-fantastic,2026-08-25T14:02:59.000Z,2026-08-25T18:57:56.232Z,C,32,55,"Filters: Season 9.5, Competitive, Celestial. Percentages are displayed by RivalsTracker to two decimal places and converted to ratios without further precision. sample_matches repeats the source Matches field for each metric row. hero_rank is the displayed table order (win rate descending); tier_label is source-provided. Platform, region, and sample_players are not stated by the source and are left empty."
jubilee-s9-5-celestial,jubilee,Jubilee,seasonalRank,9.5,competitive,celestial,,,winRate,0.4878,ratio,25165,,rivalstracker,primary,https://rivalstracker.com/heroes/jubilee,2026-08-25T14:02:59.000Z,2026-08-25T18:57:56.232Z,B,33,55,"Filters: Season 9.5, Competitive, Celestial. Percentages are displayed by RivalsTracker to two decimal places and converted to ratios without further precision. sample_matches repeats the source Matches field for each metric row. hero_rank is the displayed table order (win rate descending); tier_label is source-provided. Platform, region, and sample_players are not stated by the source and are left empty."
jubilee-s9-5-celestial,jubilee,Jubilee,seasonalRank,9.5,competitive,celestial,,,pickRate,0.1809,ratio,25165,,rivalstracker,primary,https://rivalstracker.com/heroes/jubilee,2026-08-25T14:02:59.000Z,2026-08-25T18:57:56.232Z,B,33,55,"Filters: Season 9.5, Competitive, Celestial. Percentages are displayed by RivalsTracker to two decimal places and converted to ratios without further precision. sample_matches repeats the source Matches field for each metric row. hero_rank is the displayed table order (win rate descending); tier_label is source-provided. Platform, region, and sample_players are not stated by the source and are left empty."
jubilee-s9-5-celestial,jubilee,Jubilee,seasonalRank,9.5,competitive,celestial,,,banRate,0.0027,ratio,25165,,rivalstracker,primary,https://rivalstracker.com/heroes/jubilee,2026-08-25T14:02:59.000Z,2026-08-25T18:57:56.232Z,B,33,55,"Filters: Season 9.5, Competitive, Celestial. Percentages are displayed by RivalsTracker to two decimal places and converted to ratios without further precision. sample_matches repeats the source Matches field for each metric row. hero_rank is the displayed table order (win rate descending); tier_label is source-provided. Platform, region, and sample_players are not stated by the source and are left empty."
blade-s9-5-celestial,blade,Blade,seasonalRank,9.5,competitive,celestial,,,winRate,0.4869,ratio,4593,,rivalstracker,primary,https://rivalstracker.com/heroes/blade,2026-08-25T14:02:59.000Z,2026-08-25T18:57:56.232Z,C,34,55,"Filters: Season 9.5, Competitive, Celestial. Percentages are displayed by RivalsTracker to two decimal places and converted to ratios without further precision. sample_matches repeats the source Matches field for each metric row. hero_rank is the displayed table order (win rate descending); tier_label is source-provided. Platform, region, and sample_players are not stated by the source and are left empty."
blade-s9-5-celestial,blade,Blade,seasonalRank,9.5,competitive,celestial,,,pickRate,0.0330,ratio,4593,,rivalstracker,primary,https://rivalstracker.com/heroes/blade,2026-08-25T14:02:59.000Z,2026-08-25T18:57:56.232Z,C,34,55,"Filters: Season 9.5, Competitive, Celestial. Percentages are displayed by RivalsTracker to two decimal places and converted to ratios without further precision. sample_matches repeats the source Matches field for each metric row. hero_rank is the displayed table order (win rate descending); tier_label is source-provided. Platform, region, and sample_players are not stated by the source and are left empty."
blade-s9-5-celestial,blade,Blade,seasonalRank,9.5,competitive,celestial,,,banRate,0.0019,ratio,4593,,rivalstracker,primary,https://rivalstracker.com/heroes/blade,2026-08-25T14:02:59.000Z,2026-08-25T18:57:56.232Z,C,34,55,"Filters: Season 9.5, Competitive, Celestial. Percentages are displayed by RivalsTracker to two decimal places and converted to ratios without further precision. sample_matches repeats the source Matches field for each metric row. hero_rank is the displayed table order (win rate descending); tier_label is source-provided. Platform, region, and sample_players are not stated by the source and are left empty."
hawkeye-s9-5-celestial,hawkeye,Hawkeye,seasonalRank,9.5,competitive,celestial,,,winRate,0.4811,ratio,2305,,rivalstracker,primary,https://rivalstracker.com/heroes/hawkeye,2026-08-25T14:02:59.000Z,2026-08-25T18:57:56.232Z,C,35,55,"Filters: Season 9.5, Competitive, Celestial. Percentages are displayed by RivalsTracker to two decimal places and converted to ratios without further precision. sample_matches repeats the source Matches field for each metric row. hero_rank is the displayed table order (win rate descending); tier_label is source-provided. Platform, region, and sample_players are not stated by the source and are left empty."
hawkeye-s9-5-celestial,hawkeye,Hawkeye,seasonalRank,9.5,competitive,celestial,,,pickRate,0.0166,ratio,2305,,rivalstracker,primary,https://rivalstracker.com/heroes/hawkeye,2026-08-25T14:02:59.000Z,2026-08-25T18:57:56.232Z,C,35,55,"Filters: Season 9.5, Competitive, Celestial. Percentages are displayed by RivalsTracker to two decimal places and converted to ratios without further precision. sample_matches repeats the source Matches field for each metric row. hero_rank is the displayed table order (win rate descending); tier_label is source-provided. Platform, region, and sample_players are not stated by the source and are left empty."
hawkeye-s9-5-celestial,hawkeye,Hawkeye,seasonalRank,9.5,competitive,celestial,,,banRate,0.0016,ratio,2305,,rivalstracker,primary,https://rivalstracker.com/heroes/hawkeye,2026-08-25T14:02:59.000Z,2026-08-25T18:57:56.232Z,C,35,55,"Filters: Season 9.5, Competitive, Celestial. Percentages are displayed by RivalsTracker to two decimal places and converted to ratios without further precision. sample_matches repeats the source Matches field for each metric row. hero_rank is the displayed table order (win rate descending); tier_label is source-provided. Platform, region, and sample_players are not stated by the source and are left empty."
doctor-strange-s9-5-celestial,doctor-strange,Doctor Strange,seasonalRank,9.5,competitive,celestial,,,winRate,0.4792,ratio,19154,,rivalstracker,primary,https://rivalstracker.com/heroes/doctor-strange,2026-08-25T14:02:59.000Z,2026-08-25T18:57:56.232Z,B,36,55,"Filters: Season 9.5, Competitive, Celestial. Percentages are displayed by RivalsTracker to two decimal places and converted to ratios without further precision. sample_matches repeats the source Matches field for each metric row. hero_rank is the displayed table order (win rate descending); tier_label is source-provided. Platform, region, and sample_players are not stated by the source and are left empty."
doctor-strange-s9-5-celestial,doctor-strange,Doctor Strange,seasonalRank,9.5,competitive,celestial,,,pickRate,0.1377,ratio,19154,,rivalstracker,primary,https://rivalstracker.com/heroes/doctor-strange,2026-08-25T14:02:59.000Z,2026-08-25T18:57:56.232Z,B,36,55,"Filters: Season 9.5, Competitive, Celestial. Percentages are displayed by RivalsTracker to two decimal places and converted to ratios without further precision. sample_matches repeats the source Matches field for each metric row. hero_rank is the displayed table order (win rate descending); tier_label is source-provided. Platform, region, and sample_players are not stated by the source and are left empty."
doctor-strange-s9-5-celestial,doctor-strange,Doctor Strange,seasonalRank,9.5,competitive,celestial,,,banRate,0.0013,ratio,19154,,rivalstracker,primary,https://rivalstracker.com/heroes/doctor-strange,2026-08-25T14:02:59.000Z,2026-08-25T18:57:56.232Z,B,36,55,"Filters: Season 9.5, Competitive, Celestial. Percentages are displayed by RivalsTracker to two decimal places and converted to ratios without further precision. sample_matches repeats the source Matches field for each metric row. hero_rank is the displayed table order (win rate descending); tier_label is source-provided. Platform, region, and sample_players are not stated by the source and are left empty."
devil-dinosaur-s9-5-celestial,devil-dinosaur,Devil Dinosaur,seasonalRank,9.5,competitive,celestial,,,winRate,0.4739,ratio,5525,,rivalstracker,primary,https://rivalstracker.com/heroes/devil-dinosaur,2026-08-25T14:02:59.000Z,2026-08-25T18:57:56.232Z,C,37,55,"Filters: Season 9.5, Competitive, Celestial. Percentages are displayed by RivalsTracker to two decimal places and converted to ratios without further precision. sample_matches repeats the source Matches field for each metric row. hero_rank is the displayed table order (win rate descending); tier_label is source-provided. Platform, region, and sample_players are not stated by the source and are left empty."
devil-dinosaur-s9-5-celestial,devil-dinosaur,Devil Dinosaur,seasonalRank,9.5,competitive,celestial,,,pickRate,0.0397,ratio,5525,,rivalstracker,primary,https://rivalstracker.com/heroes/devil-dinosaur,2026-08-25T14:02:59.000Z,2026-08-25T18:57:56.232Z,C,37,55,"Filters: Season 9.5, Competitive, Celestial. Percentages are displayed by RivalsTracker to two decimal places and converted to ratios without further precision. sample_matches repeats the source Matches field for each metric row. hero_rank is the displayed table order (win rate descending); tier_label is source-provided. Platform, region, and sample_players are not stated by the source and are left empty."
devil-dinosaur-s9-5-celestial,devil-dinosaur,Devil Dinosaur,seasonalRank,9.5,competitive,celestial,,,banRate,0.0018,ratio,5525,,rivalstracker,primary,https://rivalstracker.com/heroes/devil-dinosaur,2026-08-25T14:02:59.000Z,2026-08-25T18:57:56.232Z,C,37,55,"Filters: Season 9.5, Competitive, Celestial. Percentages are displayed by RivalsTracker to two decimal places and converted to ratios without further precision. sample_matches repeats the source Matches field for each metric row. hero_rank is the displayed table order (win rate descending); tier_label is source-provided. Platform, region, and sample_players are not stated by the source and are left empty."
moon-knight-s9-5-celestial,moon-knight,Moon Knight,seasonalRank,9.5,competitive,celestial,,,winRate,0.4718,ratio,3910,,rivalstracker,primary,https://rivalstracker.com/heroes/moon-knight,2026-08-25T14:02:59.000Z,2026-08-25T18:57:56.232Z,C,38,55,"Filters: Season 9.5, Competitive, Celestial. Percentages are displayed by RivalsTracker to two decimal places and converted to ratios without further precision. sample_matches repeats the source Matches field for each metric row. hero_rank is the displayed table order (win rate descending); tier_label is source-provided. Platform, region, and sample_players are not stated by the source and are left empty."
moon-knight-s9-5-celestial,moon-knight,Moon Knight,seasonalRank,9.5,competitive,celestial,,,pickRate,0.0281,ratio,3910,,rivalstracker,primary,https://rivalstracker.com/heroes/moon-knight,2026-08-25T14:02:59.000Z,2026-08-25T18:57:56.232Z,C,38,55,"Filters: Season 9.5, Competitive, Celestial. Percentages are displayed by RivalsTracker to two decimal places and converted to ratios without further precision. sample_matches repeats the source Matches field for each metric row. hero_rank is the displayed table order (win rate descending); tier_label is source-provided. Platform, region, and sample_players are not stated by the source and are left empty."
moon-knight-s9-5-celestial,moon-knight,Moon Knight,seasonalRank,9.5,competitive,celestial,,,banRate,0.0008,ratio,3910,,rivalstracker,primary,https://rivalstracker.com/heroes/moon-knight,2026-08-25T14:02:59.000Z,2026-08-25T18:57:56.232Z,C,38,55,"Filters: Season 9.5, Competitive, Celestial. Percentages are displayed by RivalsTracker to two decimal places and converted to ratios without further precision. sample_matches repeats the source Matches field for each metric row. hero_rank is the displayed table order (win rate descending); tier_label is source-provided. Platform, region, and sample_players are not stated by the source and are left empty."
black-panther-s9-5-celestial,black-panther,Black Panther,seasonalRank,9.5,competitive,celestial,,,winRate,0.4710,ratio,5677,,rivalstracker,primary,https://rivalstracker.com/heroes/black-panther,2026-08-25T14:02:59.000Z,2026-08-25T18:57:56.232Z,C,39,55,"Filters: Season 9.5, Competitive, Celestial. Percentages are displayed by RivalsTracker to two decimal places and converted to ratios without further precision. sample_matches repeats the source Matches field for each metric row. hero_rank is the displayed table order (win rate descending); tier_label is source-provided. Platform, region, and sample_players are not stated by the source and are left empty."
black-panther-s9-5-celestial,black-panther,Black Panther,seasonalRank,9.5,competitive,celestial,,,pickRate,0.0408,ratio,5677,,rivalstracker,primary,https://rivalstracker.com/heroes/black-panther,2026-08-25T14:02:59.000Z,2026-08-25T18:57:56.232Z,C,39,55,"Filters: Season 9.5, Competitive, Celestial. Percentages are displayed by RivalsTracker to two decimal places and converted to ratios without further precision. sample_matches repeats the source Matches field for each metric row. hero_rank is the displayed table order (win rate descending); tier_label is source-provided. Platform, region, and sample_players are not stated by the source and are left empty."
black-panther-s9-5-celestial,black-panther,Black Panther,seasonalRank,9.5,competitive,celestial,,,banRate,0.0561,ratio,5677,,rivalstracker,primary,https://rivalstracker.com/heroes/black-panther,2026-08-25T14:02:59.000Z,2026-08-25T18:57:56.232Z,C,39,55,"Filters: Season 9.5, Competitive, Celestial. Percentages are displayed by RivalsTracker to two decimal places and converted to ratios without further precision. sample_matches repeats the source Matches field for each metric row. hero_rank is the displayed table order (win rate descending); tier_label is source-provided. Platform, region, and sample_players are not stated by the source and are left empty."
invisible-woman-s9-5-celestial,invisible-woman,Invisible Woman,seasonalRank,9.5,competitive,celestial,,,winRate,0.4699,ratio,42822,,rivalstracker,primary,https://rivalstracker.com/heroes/invisible-woman,2026-08-25T14:02:59.000Z,2026-08-25T18:57:56.232Z,B,40,55,"Filters: Season 9.5, Competitive, Celestial. Percentages are displayed by RivalsTracker to two decimal places and converted to ratios without further precision. sample_matches repeats the source Matches field for each metric row. hero_rank is the displayed table order (win rate descending); tier_label is source-provided. Platform, region, and sample_players are not stated by the source and are left empty."
invisible-woman-s9-5-celestial,invisible-woman,Invisible Woman,seasonalRank,9.5,competitive,celestial,,,pickRate,0.3078,ratio,42822,,rivalstracker,primary,https://rivalstracker.com/heroes/invisible-woman,2026-08-25T14:02:59.000Z,2026-08-25T18:57:56.232Z,B,40,55,"Filters: Season 9.5, Competitive, Celestial. Percentages are displayed by RivalsTracker to two decimal places and converted to ratios without further precision. sample_matches repeats the source Matches field for each metric row. hero_rank is the displayed table order (win rate descending); tier_label is source-provided. Platform, region, and sample_players are not stated by the source and are left empty."
invisible-woman-s9-5-celestial,invisible-woman,Invisible Woman,seasonalRank,9.5,competitive,celestial,,,banRate,0.0045,ratio,42822,,rivalstracker,primary,https://rivalstracker.com/heroes/invisible-woman,2026-08-25T14:02:59.000Z,2026-08-25T18:57:56.232Z,B,40,55,"Filters: Season 9.5, Competitive, Celestial. Percentages are displayed by RivalsTracker to two decimal places and converted to ratios without further precision. sample_matches repeats the source Matches field for each metric row. hero_rank is the displayed table order (win rate descending); tier_label is source-provided. Platform, region, and sample_players are not stated by the source and are left empty."
deadpool-duelist-s9-5-celestial,deadpool-duelist,Deadpool (Duelist),seasonalRank,9.5,competitive,celestial,,,winRate,0.4695,ratio,4491,,rivalstracker,primary,https://rivalstracker.com/heroes/deadpool-duelist,2026-08-25T14:02:59.000Z,2026-08-25T18:57:56.232Z,C,41,55,"Filters: Season 9.5, Competitive, Celestial. Percentages are displayed by RivalsTracker to two decimal places and converted to ratios without further precision. sample_matches repeats the source Matches field for each metric row. hero_rank is the displayed table order (win rate descending); tier_label is source-provided. Platform, region, and sample_players are not stated by the source and are left empty."
deadpool-duelist-s9-5-celestial,deadpool-duelist,Deadpool (Duelist),seasonalRank,9.5,competitive,celestial,,,pickRate,0.0323,ratio,4491,,rivalstracker,primary,https://rivalstracker.com/heroes/deadpool-duelist,2026-08-25T14:02:59.000Z,2026-08-25T18:57:56.232Z,C,41,55,"Filters: Season 9.5, Competitive, Celestial. Percentages are displayed by RivalsTracker to two decimal places and converted to ratios without further precision. sample_matches repeats the source Matches field for each metric row. hero_rank is the displayed table order (win rate descending); tier_label is source-provided. Platform, region, and sample_players are not stated by the source and are left empty."
deadpool-duelist-s9-5-celestial,deadpool-duelist,Deadpool (Duelist),seasonalRank,9.5,competitive,celestial,,,banRate,0.0064,ratio,4491,,rivalstracker,primary,https://rivalstracker.com/heroes/deadpool-duelist,2026-08-25T14:02:59.000Z,2026-08-25T18:57:56.232Z,C,41,55,"Filters: Season 9.5, Competitive, Celestial. Percentages are displayed by RivalsTracker to two decimal places and converted to ratios without further precision. sample_matches repeats the source Matches field for each metric row. hero_rank is the displayed table order (win rate descending); tier_label is source-provided. Platform, region, and sample_players are not stated by the source and are left empty."
cloak-and-dagger-s9-5-celestial,cloak-and-dagger,Cloak & Dagger,seasonalRank,9.5,competitive,celestial,,,winRate,0.4679,ratio,48345,,rivalstracker,primary,https://rivalstracker.com/heroes/cloak-&-dagger,2026-08-25T14:02:59.000Z,2026-08-25T18:57:56.232Z,B,42,55,"Filters: Season 9.5, Competitive, Celestial. Percentages are displayed by RivalsTracker to two decimal places and converted to ratios without further precision. sample_matches repeats the source Matches field for each metric row. hero_rank is the displayed table order (win rate descending); tier_label is source-provided. Platform, region, and sample_players are not stated by the source and are left empty."
cloak-and-dagger-s9-5-celestial,cloak-and-dagger,Cloak & Dagger,seasonalRank,9.5,competitive,celestial,,,pickRate,0.3475,ratio,48345,,rivalstracker,primary,https://rivalstracker.com/heroes/cloak-&-dagger,2026-08-25T14:02:59.000Z,2026-08-25T18:57:56.232Z,B,42,55,"Filters: Season 9.5, Competitive, Celestial. Percentages are displayed by RivalsTracker to two decimal places and converted to ratios without further precision. sample_matches repeats the source Matches field for each metric row. hero_rank is the displayed table order (win rate descending); tier_label is source-provided. Platform, region, and sample_players are not stated by the source and are left empty."
cloak-and-dagger-s9-5-celestial,cloak-and-dagger,Cloak & Dagger,seasonalRank,9.5,competitive,celestial,,,banRate,0.1508,ratio,48345,,rivalstracker,primary,https://rivalstracker.com/heroes/cloak-&-dagger,2026-08-25T14:02:59.000Z,2026-08-25T18:57:56.232Z,B,42,55,"Filters: Season 9.5, Competitive, Celestial. Percentages are displayed by RivalsTracker to two decimal places and converted to ratios without further precision. sample_matches repeats the source Matches field for each metric row. hero_rank is the displayed table order (win rate descending); tier_label is source-provided. Platform, region, and sample_players are not stated by the source and are left empty."
winter-soldier-s9-5-celestial,winter-soldier,Winter Soldier,seasonalRank,9.5,competitive,celestial,,,winRate,0.4660,ratio,45077,,rivalstracker,primary,https://rivalstracker.com/heroes/winter-soldier,2026-08-25T14:02:59.000Z,2026-08-25T18:57:56.232Z,B,43,55,"Filters: Season 9.5, Competitive, Celestial. Percentages are displayed by RivalsTracker to two decimal places and converted to ratios without further precision. sample_matches repeats the source Matches field for each metric row. hero_rank is the displayed table order (win rate descending); tier_label is source-provided. Platform, region, and sample_players are not stated by the source and are left empty."
winter-soldier-s9-5-celestial,winter-soldier,Winter Soldier,seasonalRank,9.5,competitive,celestial,,,pickRate,0.3240,ratio,45077,,rivalstracker,primary,https://rivalstracker.com/heroes/winter-soldier,2026-08-25T14:02:59.000Z,2026-08-25T18:57:56.232Z,B,43,55,"Filters: Season 9.5, Competitive, Celestial. Percentages are displayed by RivalsTracker to two decimal places and converted to ratios without further precision. sample_matches repeats the source Matches field for each metric row. hero_rank is the displayed table order (win rate descending); tier_label is source-provided. Platform, region, and sample_players are not stated by the source and are left empty."
winter-soldier-s9-5-celestial,winter-soldier,Winter Soldier,seasonalRank,9.5,competitive,celestial,,,banRate,0.0998,ratio,45077,,rivalstracker,primary,https://rivalstracker.com/heroes/winter-soldier,2026-08-25T14:02:59.000Z,2026-08-25T18:57:56.232Z,B,43,55,"Filters: Season 9.5, Competitive, Celestial. Percentages are displayed by RivalsTracker to two decimal places and converted to ratios without further precision. sample_matches repeats the source Matches field for each metric row. hero_rank is the displayed table order (win rate descending); tier_label is source-provided. Platform, region, and sample_players are not stated by the source and are left empty."
the-punisher-s9-5-celestial,the-punisher,The Punisher,seasonalRank,9.5,competitive,celestial,,,winRate,0.4658,ratio,13125,,rivalstracker,primary,https://rivalstracker.com/heroes/the-punisher,2026-08-25T14:02:59.000Z,2026-08-25T18:57:56.232Z,C,44,55,"Filters: Season 9.5, Competitive, Celestial. Percentages are displayed by RivalsTracker to two decimal places and converted to ratios without further precision. sample_matches repeats the source Matches field for each metric row. hero_rank is the displayed table order (win rate descending); tier_label is source-provided. Platform, region, and sample_players are not stated by the source and are left empty."
the-punisher-s9-5-celestial,the-punisher,The Punisher,seasonalRank,9.5,competitive,celestial,,,pickRate,0.0943,ratio,13125,,rivalstracker,primary,https://rivalstracker.com/heroes/the-punisher,2026-08-25T14:02:59.000Z,2026-08-25T18:57:56.232Z,C,44,55,"Filters: Season 9.5, Competitive, Celestial. Percentages are displayed by RivalsTracker to two decimal places and converted to ratios without further precision. sample_matches repeats the source Matches field for each metric row. hero_rank is the displayed table order (win rate descending); tier_label is source-provided. Platform, region, and sample_players are not stated by the source and are left empty."
the-punisher-s9-5-celestial,the-punisher,The Punisher,seasonalRank,9.5,competitive,celestial,,,banRate,0.0417,ratio,13125,,rivalstracker,primary,https://rivalstracker.com/heroes/the-punisher,2026-08-25T14:02:59.000Z,2026-08-25T18:57:56.232Z,C,44,55,"Filters: Season 9.5, Competitive, Celestial. Percentages are displayed by RivalsTracker to two decimal places and converted to ratios without further precision. sample_matches repeats the source Matches field for each metric row. hero_rank is the displayed table order (win rate descending); tier_label is source-provided. Platform, region, and sample_players are not stated by the source and are left empty."
jeff-the-land-shark-s9-5-celestial,jeff-the-land-shark,Jeff The Land Shark,seasonalRank,9.5,competitive,celestial,,,winRate,0.4603,ratio,6631,,rivalstracker,primary,https://rivalstracker.com/heroes/jeff-the-land-shark,2026-08-25T14:02:59.000Z,2026-08-25T18:57:56.232Z,C,45,55,"Filters: Season 9.5, Competitive, Celestial. Percentages are displayed by RivalsTracker to two decimal places and converted to ratios without further precision. sample_matches repeats the source Matches field for each metric row. hero_rank is the displayed table order (win rate descending); tier_label is source-provided. Platform, region, and sample_players are not stated by the source and are left empty."
jeff-the-land-shark-s9-5-celestial,jeff-the-land-shark,Jeff The Land Shark,seasonalRank,9.5,competitive,celestial,,,pickRate,0.0477,ratio,6631,,rivalstracker,primary,https://rivalstracker.com/heroes/jeff-the-land-shark,2026-08-25T14:02:59.000Z,2026-08-25T18:57:56.232Z,C,45,55,"Filters: Season 9.5, Competitive, Celestial. Percentages are displayed by RivalsTracker to two decimal places and converted to ratios without further precision. sample_matches repeats the source Matches field for each metric row. hero_rank is the displayed table order (win rate descending); tier_label is source-provided. Platform, region, and sample_players are not stated by the source and are left empty."
jeff-the-land-shark-s9-5-celestial,jeff-the-land-shark,Jeff The Land Shark,seasonalRank,9.5,competitive,celestial,,,banRate,0.0016,ratio,6631,,rivalstracker,primary,https://rivalstracker.com/heroes/jeff-the-land-shark,2026-08-25T14:02:59.000Z,2026-08-25T18:57:56.232Z,C,45,55,"Filters: Season 9.5, Competitive, Celestial. Percentages are displayed by RivalsTracker to two decimal places and converted to ratios without further precision. sample_matches repeats the source Matches field for each metric row. hero_rank is the displayed table order (win rate descending); tier_label is source-provided. Platform, region, and sample_players are not stated by the source and are left empty."
emma-frost-s9-5-celestial,emma-frost,Emma Frost,seasonalRank,9.5,competitive,celestial,,,winRate,0.4513,ratio,26496,,rivalstracker,primary,https://rivalstracker.com/heroes/emma-frost,2026-08-25T14:02:59.000Z,2026-08-25T18:57:56.232Z,C,46,55,"Filters: Season 9.5, Competitive, Celestial. Percentages are displayed by RivalsTracker to two decimal places and converted to ratios without further precision. sample_matches repeats the source Matches field for each metric row. hero_rank is the displayed table order (win rate descending); tier_label is source-provided. Platform, region, and sample_players are not stated by the source and are left empty."
emma-frost-s9-5-celestial,emma-frost,Emma Frost,seasonalRank,9.5,competitive,celestial,,,pickRate,0.1905,ratio,26496,,rivalstracker,primary,https://rivalstracker.com/heroes/emma-frost,2026-08-25T14:02:59.000Z,2026-08-25T18:57:56.232Z,C,46,55,"Filters: Season 9.5, Competitive, Celestial. Percentages are displayed by RivalsTracker to two decimal places and converted to ratios without further precision. sample_matches repeats the source Matches field for each metric row. hero_rank is the displayed table order (win rate descending); tier_label is source-provided. Platform, region, and sample_players are not stated by the source and are left empty."
emma-frost-s9-5-celestial,emma-frost,Emma Frost,seasonalRank,9.5,competitive,celestial,,,banRate,0.0106,ratio,26496,,rivalstracker,primary,https://rivalstracker.com/heroes/emma-frost,2026-08-25T14:02:59.000Z,2026-08-25T18:57:56.232Z,C,46,55,"Filters: Season 9.5, Competitive, Celestial. Percentages are displayed by RivalsTracker to two decimal places and converted to ratios without further precision. sample_matches repeats the source Matches field for each metric row. hero_rank is the displayed table order (win rate descending); tier_label is source-provided. Platform, region, and sample_players are not stated by the source and are left empty."
luna-snow-s9-5-celestial,luna-snow,Luna Snow,seasonalRank,9.5,competitive,celestial,,,winRate,0.4466,ratio,34278,,rivalstracker,primary,https://rivalstracker.com/heroes/luna-snow,2026-08-25T14:02:59.000Z,2026-08-25T18:57:56.232Z,C,47,55,"Filters: Season 9.5, Competitive, Celestial. Percentages are displayed by RivalsTracker to two decimal places and converted to ratios without further precision. sample_matches repeats the source Matches field for each metric row. hero_rank is the displayed table order (win rate descending); tier_label is source-provided. Platform, region, and sample_players are not stated by the source and are left empty."
luna-snow-s9-5-celestial,luna-snow,Luna Snow,seasonalRank,9.5,competitive,celestial,,,pickRate,0.2464,ratio,34278,,rivalstracker,primary,https://rivalstracker.com/heroes/luna-snow,2026-08-25T14:02:59.000Z,2026-08-25T18:57:56.232Z,C,47,55,"Filters: Season 9.5, Competitive, Celestial. Percentages are displayed by RivalsTracker to two decimal places and converted to ratios without further precision. sample_matches repeats the source Matches field for each metric row. hero_rank is the displayed table order (win rate descending); tier_label is source-provided. Platform, region, and sample_players are not stated by the source and are left empty."
luna-snow-s9-5-celestial,luna-snow,Luna Snow,seasonalRank,9.5,competitive,celestial,,,banRate,0.0028,ratio,34278,,rivalstracker,primary,https://rivalstracker.com/heroes/luna-snow,2026-08-25T14:02:59.000Z,2026-08-25T18:57:56.232Z,C,47,55,"Filters: Season 9.5, Competitive, Celestial. Percentages are displayed by RivalsTracker to two decimal places and converted to ratios without further precision. sample_matches repeats the source Matches field for each metric row. hero_rank is the displayed table order (win rate descending); tier_label is source-provided. Platform, region, and sample_players are not stated by the source and are left empty."
scarlet-witch-s9-5-celestial,scarlet-witch,Scarlet Witch,seasonalRank,9.5,competitive,celestial,,,winRate,0.4301,ratio,2073,,rivalstracker,primary,https://rivalstracker.com/heroes/scarlet-witch,2026-08-25T14:02:59.000Z,2026-08-25T18:57:56.232Z,D,48,55,"Filters: Season 9.5, Competitive, Celestial. Percentages are displayed by RivalsTracker to two decimal places and converted to ratios without further precision. sample_matches repeats the source Matches field for each metric row. hero_rank is the displayed table order (win rate descending); tier_label is source-provided. Platform, region, and sample_players are not stated by the source and are left empty."
scarlet-witch-s9-5-celestial,scarlet-witch,Scarlet Witch,seasonalRank,9.5,competitive,celestial,,,pickRate,0.0149,ratio,2073,,rivalstracker,primary,https://rivalstracker.com/heroes/scarlet-witch,2026-08-25T14:02:59.000Z,2026-08-25T18:57:56.232Z,D,48,55,"Filters: Season 9.5, Competitive, Celestial. Percentages are displayed by RivalsTracker to two decimal places and converted to ratios without further precision. sample_matches repeats the source Matches field for each metric row. hero_rank is the displayed table order (win rate descending); tier_label is source-provided. Platform, region, and sample_players are not stated by the source and are left empty."
scarlet-witch-s9-5-celestial,scarlet-witch,Scarlet Witch,seasonalRank,9.5,competitive,celestial,,,banRate,0.0006,ratio,2073,,rivalstracker,primary,https://rivalstracker.com/heroes/scarlet-witch,2026-08-25T14:02:59.000Z,2026-08-25T18:57:56.232Z,D,48,55,"Filters: Season 9.5, Competitive, Celestial. Percentages are displayed by RivalsTracker to two decimal places and converted to ratios without further precision. sample_matches repeats the source Matches field for each metric row. hero_rank is the displayed table order (win rate descending); tier_label is source-provided. Platform, region, and sample_players are not stated by the source and are left empty."
cyclops-s9-5-celestial,cyclops,Cyclops,seasonalRank,9.5,competitive,celestial,,,winRate,0.4282,ratio,12016,,rivalstracker,primary,https://rivalstracker.com/heroes/cyclops,2026-08-25T14:02:59.000Z,2026-08-25T18:57:56.232Z,C,49,55,"Filters: Season 9.5, Competitive, Celestial. Percentages are displayed by RivalsTracker to two decimal places and converted to ratios without further precision. sample_matches repeats the source Matches field for each metric row. hero_rank is the displayed table order (win rate descending); tier_label is source-provided. Platform, region, and sample_players are not stated by the source and are left empty."
cyclops-s9-5-celestial,cyclops,Cyclops,seasonalRank,9.5,competitive,celestial,,,pickRate,0.0864,ratio,12016,,rivalstracker,primary,https://rivalstracker.com/heroes/cyclops,2026-08-25T14:02:59.000Z,2026-08-25T18:57:56.232Z,C,49,55,"Filters: Season 9.5, Competitive, Celestial. Percentages are displayed by RivalsTracker to two decimal places and converted to ratios without further precision. sample_matches repeats the source Matches field for each metric row. hero_rank is the displayed table order (win rate descending); tier_label is source-provided. Platform, region, and sample_players are not stated by the source and are left empty."
cyclops-s9-5-celestial,cyclops,Cyclops,seasonalRank,9.5,competitive,celestial,,,banRate,0.0047,ratio,12016,,rivalstracker,primary,https://rivalstracker.com/heroes/cyclops,2026-08-25T14:02:59.000Z,2026-08-25T18:57:56.232Z,C,49,55,"Filters: Season 9.5, Competitive, Celestial. Percentages are displayed by RivalsTracker to two decimal places and converted to ratios without further precision. sample_matches repeats the source Matches field for each metric row. hero_rank is the displayed table order (win rate descending); tier_label is source-provided. Platform, region, and sample_players are not stated by the source and are left empty."
namor-s9-5-celestial,namor,Namor,seasonalRank,9.5,competitive,celestial,,,winRate,0.4216,ratio,12296,,rivalstracker,primary,https://rivalstracker.com/heroes/namor,2026-08-25T14:02:59.000Z,2026-08-25T18:57:56.232Z,C,50,55,"Filters: Season 9.5, Competitive, Celestial. Percentages are displayed by RivalsTracker to two decimal places and converted to ratios without further precision. sample_matches repeats the source Matches field for each metric row. hero_rank is the displayed table order (win rate descending); tier_label is source-provided. Platform, region, and sample_players are not stated by the source and are left empty."
namor-s9-5-celestial,namor,Namor,seasonalRank,9.5,competitive,celestial,,,pickRate,0.0884,ratio,12296,,rivalstracker,primary,https://rivalstracker.com/heroes/namor,2026-08-25T14:02:59.000Z,2026-08-25T18:57:56.232Z,C,50,55,"Filters: Season 9.5, Competitive, Celestial. Percentages are displayed by RivalsTracker to two decimal places and converted to ratios without further precision. sample_matches repeats the source Matches field for each metric row. hero_rank is the displayed table order (win rate descending); tier_label is source-provided. Platform, region, and sample_players are not stated by the source and are left empty."
namor-s9-5-celestial,namor,Namor,seasonalRank,9.5,competitive,celestial,,,banRate,0.0408,ratio,12296,,rivalstracker,primary,https://rivalstracker.com/heroes/namor,2026-08-25T14:02:59.000Z,2026-08-25T18:57:56.232Z,C,50,55,"Filters: Season 9.5, Competitive, Celestial. Percentages are displayed by RivalsTracker to two decimal places and converted to ratios without further precision. sample_matches repeats the source Matches field for each metric row. hero_rank is the displayed table order (win rate descending); tier_label is source-provided. Platform, region, and sample_players are not stated by the source and are left empty."
phoenix-s9-5-celestial,phoenix,Phoenix,seasonalRank,9.5,competitive,celestial,,,winRate,0.4208,ratio,5817,,rivalstracker,primary,https://rivalstracker.com/heroes/phoenix,2026-08-25T14:02:59.000Z,2026-08-25T18:57:56.232Z,D,51,55,"Filters: Season 9.5, Competitive, Celestial. Percentages are displayed by RivalsTracker to two decimal places and converted to ratios without further precision. sample_matches repeats the source Matches field for each metric row. hero_rank is the displayed table order (win rate descending); tier_label is source-provided. Platform, region, and sample_players are not stated by the source and are left empty."
phoenix-s9-5-celestial,phoenix,Phoenix,seasonalRank,9.5,competitive,celestial,,,pickRate,0.0418,ratio,5817,,rivalstracker,primary,https://rivalstracker.com/heroes/phoenix,2026-08-25T14:02:59.000Z,2026-08-25T18:57:56.232Z,D,51,55,"Filters: Season 9.5, Competitive, Celestial. Percentages are displayed by RivalsTracker to two decimal places and converted to ratios without further precision. sample_matches repeats the source Matches field for each metric row. hero_rank is the displayed table order (win rate descending); tier_label is source-provided. Platform, region, and sample_players are not stated by the source and are left empty."
phoenix-s9-5-celestial,phoenix,Phoenix,seasonalRank,9.5,competitive,celestial,,,banRate,0.0074,ratio,5817,,rivalstracker,primary,https://rivalstracker.com/heroes/phoenix,2026-08-25T14:02:59.000Z,2026-08-25T18:57:56.232Z,D,51,55,"Filters: Season 9.5, Competitive, Celestial. Percentages are displayed by RivalsTracker to two decimal places and converted to ratios without further precision. sample_matches repeats the source Matches field for each metric row. hero_rank is the displayed table order (win rate descending); tier_label is source-provided. Platform, region, and sample_players are not stated by the source and are left empty."
deadpool-vanguard-s9-5-celestial,deadpool-vanguard,Deadpool (Vanguard),seasonalRank,9.5,competitive,celestial,,,winRate,0.4180,ratio,2535,,rivalstracker,primary,https://rivalstracker.com/heroes/deadpool-vanguard,2026-08-25T14:02:59.000Z,2026-08-25T18:57:56.232Z,D,52,55,"Filters: Season 9.5, Competitive, Celestial. Percentages are displayed by RivalsTracker to two decimal places and converted to ratios without further precision. sample_matches repeats the source Matches field for each metric row. hero_rank is the displayed table order (win rate descending); tier_label is source-provided. Platform, region, and sample_players are not stated by the source and are left empty."
deadpool-vanguard-s9-5-celestial,deadpool-vanguard,Deadpool (Vanguard),seasonalRank,9.5,competitive,celestial,,,pickRate,0.0182,ratio,2535,,rivalstracker,primary,https://rivalstracker.com/heroes/deadpool-vanguard,2026-08-25T14:02:59.000Z,2026-08-25T18:57:56.232Z,D,52,55,"Filters: Season 9.5, Competitive, Celestial. Percentages are displayed by RivalsTracker to two decimal places and converted to ratios without further precision. sample_matches repeats the source Matches field for each metric row. hero_rank is the displayed table order (win rate descending); tier_label is source-provided. Platform, region, and sample_players are not stated by the source and are left empty."
deadpool-vanguard-s9-5-celestial,deadpool-vanguard,Deadpool (Vanguard),seasonalRank,9.5,competitive,celestial,,,banRate,0.0003,ratio,2535,,rivalstracker,primary,https://rivalstracker.com/heroes/deadpool-vanguard,2026-08-25T14:02:59.000Z,2026-08-25T18:57:56.232Z,D,52,55,"Filters: Season 9.5, Competitive, Celestial. Percentages are displayed by RivalsTracker to two decimal places and converted to ratios without further precision. sample_matches repeats the source Matches field for each metric row. hero_rank is the displayed table order (win rate descending); tier_label is source-provided. Platform, region, and sample_players are not stated by the source and are left empty."
white-fox-s9-5-celestial,white-fox,White Fox,seasonalRank,9.5,competitive,celestial,,,winRate,0.4167,ratio,10272,,rivalstracker,primary,https://rivalstracker.com/heroes/white-fox,2026-08-25T14:02:59.000Z,2026-08-25T18:57:56.232Z,D,53,55,"Filters: Season 9.5, Competitive, Celestial. Percentages are displayed by RivalsTracker to two decimal places and converted to ratios without further precision. sample_matches repeats the source Matches field for each metric row. hero_rank is the displayed table order (win rate descending); tier_label is source-provided. Platform, region, and sample_players are not stated by the source and are left empty."
white-fox-s9-5-celestial,white-fox,White Fox,seasonalRank,9.5,competitive,celestial,,,pickRate,0.0738,ratio,10272,,rivalstracker,primary,https://rivalstracker.com/heroes/white-fox,2026-08-25T14:02:59.000Z,2026-08-25T18:57:56.232Z,D,53,55,"Filters: Season 9.5, Competitive, Celestial. Percentages are displayed by RivalsTracker to two decimal places and converted to ratios without further precision. sample_matches repeats the source Matches field for each metric row. hero_rank is the displayed table order (win rate descending); tier_label is source-provided. Platform, region, and sample_players are not stated by the source and are left empty."
white-fox-s9-5-celestial,white-fox,White Fox,seasonalRank,9.5,competitive,celestial,,,banRate,0.0007,ratio,10272,,rivalstracker,primary,https://rivalstracker.com/heroes/white-fox,2026-08-25T14:02:59.000Z,2026-08-25T18:57:56.232Z,D,53,55,"Filters: Season 9.5, Competitive, Celestial. Percentages are displayed by RivalsTracker to two decimal places and converted to ratios without further precision. sample_matches repeats the source Matches field for each metric row. hero_rank is the displayed table order (win rate descending); tier_label is source-provided. Platform, region, and sample_players are not stated by the source and are left empty."
deadpool-strategist-s9-5-celestial,deadpool-strategist,Deadpool (Strategist),seasonalRank,9.5,competitive,celestial,,,winRate,0.3973,ratio,5594,,rivalstracker,primary,https://rivalstracker.com/heroes/deadpool-strategist,2026-08-25T14:02:59.000Z,2026-08-25T18:57:56.232Z,D,54,55,"Filters: Season 9.5, Competitive, Celestial. Percentages are displayed by RivalsTracker to two decimal places and converted to ratios without further precision. sample_matches repeats the source Matches field for each metric row. hero_rank is the displayed table order (win rate descending); tier_label is source-provided. Platform, region, and sample_players are not stated by the source and are left empty."
deadpool-strategist-s9-5-celestial,deadpool-strategist,Deadpool (Strategist),seasonalRank,9.5,competitive,celestial,,,pickRate,0.0402,ratio,5594,,rivalstracker,primary,https://rivalstracker.com/heroes/deadpool-strategist,2026-08-25T14:02:59.000Z,2026-08-25T18:57:56.232Z,D,54,55,"Filters: Season 9.5, Competitive, Celestial. Percentages are displayed by RivalsTracker to two decimal places and converted to ratios without further precision. sample_matches repeats the source Matches field for each metric row. hero_rank is the displayed table order (win rate descending); tier_label is source-provided. Platform, region, and sample_players are not stated by the source and are left empty."
deadpool-strategist-s9-5-celestial,deadpool-strategist,Deadpool (Strategist),seasonalRank,9.5,competitive,celestial,,,banRate,0.0003,ratio,5594,,rivalstracker,primary,https://rivalstracker.com/heroes/deadpool-strategist,2026-08-25T14:02:59.000Z,2026-08-25T18:57:56.232Z,D,54,55,"Filters: Season 9.5, Competitive, Celestial. Percentages are displayed by RivalsTracker to two decimal places and converted to ratios without further precision. sample_matches repeats the source Matches field for each metric row. hero_rank is the displayed table order (win rate descending); tier_label is source-provided. Platform, region, and sample_players are not stated by the source and are left empty."
squirrel-girl-s9-5-celestial,squirrel-girl,Squirrel Girl,seasonalRank,9.5,competitive,celestial,,,winRate,0.3630,ratio,1530,,rivalstracker,primary,https://rivalstracker.com/heroes/squirrel-girl,2026-08-25T14:02:59.000Z,2026-08-25T18:57:56.232Z,D,55,55,"Filters: Season 9.5, Competitive, Celestial. Percentages are displayed by RivalsTracker to two decimal places and converted to ratios without further precision. sample_matches repeats the source Matches field for each metric row. hero_rank is the displayed table order (win rate descending); tier_label is source-provided. Platform, region, and sample_players are not stated by the source and are left empty."
squirrel-girl-s9-5-celestial,squirrel-girl,Squirrel Girl,seasonalRank,9.5,competitive,celestial,,,pickRate,0.0110,ratio,1530,,rivalstracker,primary,https://rivalstracker.com/heroes/squirrel-girl,2026-08-25T14:02:59.000Z,2026-08-25T18:57:56.232Z,D,55,55,"Filters: Season 9.5, Competitive, Celestial. Percentages are displayed by RivalsTracker to two decimal places and converted to ratios without further precision. sample_matches repeats the source Matches field for each metric row. hero_rank is the displayed table order (win rate descending); tier_label is source-provided. Platform, region, and sample_players are not stated by the source and are left empty."
squirrel-girl-s9-5-celestial,squirrel-girl,Squirrel Girl,seasonalRank,9.5,competitive,celestial,,,banRate,0.0007,ratio,1530,,rivalstracker,primary,https://rivalstracker.com/heroes/squirrel-girl,2026-08-25T14:02:59.000Z,2026-08-25T18:57:56.232Z,D,55,55,"Filters: Season 9.5, Competitive, Celestial. Percentages are displayed by RivalsTracker to two decimal places and converted to ratios without further precision. sample_matches repeats the source Matches field for each metric row. hero_rank is the displayed table order (win rate descending); tier_label is source-provided. Platform, region, and sample_players are not stated by the source and are left empty."
