benchmark_group_id,hero_id,hero_name,context_type,season,game_mode,rank_tier,platform,region,metric_name,average,unit,sample_matches,sample_players,source_id,source_role,source_url,source_updated_at,collected_at,tier_label,hero_rank,hero_pool_size,methodology_notes
peni-parker-s9-5-celestial-plus,peni-parker,Peni Parker,seasonalRankThreshold,9.5,competitive,celestial_plus,,,winRate,0.6461,ratio,3213,,rivalstracker,primary,https://rivalstracker.com/heroes/peni-parker,2026-08-25T14:02:59.000Z,2026-08-25T18:57:56.232Z,A,1,55,"Filters: Season 9.5, Competitive, Celestial+. Celestial+ is a seasonal rank-threshold population and is kept separate from the exact-rank benchmark and rolling Stats History. Percentages are displayed by RivalsTracker to two decimal places and converted to ratios without further precision. sample_matches repeats the source Matches field for each metric row. hero_rank is the displayed table order (win rate descending); tier_label is source-provided. Platform, region, and sample_players are not stated by the source and are left empty."
peni-parker-s9-5-celestial-plus,peni-parker,Peni Parker,seasonalRankThreshold,9.5,competitive,celestial_plus,,,pickRate,0.0214,ratio,3213,,rivalstracker,primary,https://rivalstracker.com/heroes/peni-parker,2026-08-25T14:02:59.000Z,2026-08-25T18:57:56.232Z,A,1,55,"Filters: Season 9.5, Competitive, Celestial+. Celestial+ is a seasonal rank-threshold population and is kept separate from the exact-rank benchmark and rolling Stats History. Percentages are displayed by RivalsTracker to two decimal places and converted to ratios without further precision. sample_matches repeats the source Matches field for each metric row. hero_rank is the displayed table order (win rate descending); tier_label is source-provided. Platform, region, and sample_players are not stated by the source and are left empty."
peni-parker-s9-5-celestial-plus,peni-parker,Peni Parker,seasonalRankThreshold,9.5,competitive,celestial_plus,,,banRate,0.0816,ratio,3213,,rivalstracker,primary,https://rivalstracker.com/heroes/peni-parker,2026-08-25T14:02:59.000Z,2026-08-25T18:57:56.232Z,A,1,55,"Filters: Season 9.5, Competitive, Celestial+. Celestial+ is a seasonal rank-threshold population and is kept separate from the exact-rank benchmark and rolling Stats History. Percentages are displayed by RivalsTracker to two decimal places and converted to ratios without further precision. sample_matches repeats the source Matches field for each metric row. hero_rank is the displayed table order (win rate descending); tier_label is source-provided. Platform, region, and sample_players are not stated by the source and are left empty."
mantis-s9-5-celestial-plus,mantis,Mantis,seasonalRankThreshold,9.5,competitive,celestial_plus,,,winRate,0.6361,ratio,34711,,rivalstracker,primary,https://rivalstracker.com/heroes/mantis,2026-08-25T14:02:59.000Z,2026-08-25T18:57:56.232Z,S,2,55,"Filters: Season 9.5, Competitive, Celestial+. Celestial+ is a seasonal rank-threshold population and is kept separate from the exact-rank benchmark and rolling Stats History. Percentages are displayed by RivalsTracker to two decimal places and converted to ratios without further precision. sample_matches repeats the source Matches field for each metric row. hero_rank is the displayed table order (win rate descending); tier_label is source-provided. Platform, region, and sample_players are not stated by the source and are left empty."
mantis-s9-5-celestial-plus,mantis,Mantis,seasonalRankThreshold,9.5,competitive,celestial_plus,,,pickRate,0.2309,ratio,34711,,rivalstracker,primary,https://rivalstracker.com/heroes/mantis,2026-08-25T14:02:59.000Z,2026-08-25T18:57:56.232Z,S,2,55,"Filters: Season 9.5, Competitive, Celestial+. Celestial+ is a seasonal rank-threshold population and is kept separate from the exact-rank benchmark and rolling Stats History. Percentages are displayed by RivalsTracker to two decimal places and converted to ratios without further precision. sample_matches repeats the source Matches field for each metric row. hero_rank is the displayed table order (win rate descending); tier_label is source-provided. Platform, region, and sample_players are not stated by the source and are left empty."
mantis-s9-5-celestial-plus,mantis,Mantis,seasonalRankThreshold,9.5,competitive,celestial_plus,,,banRate,0.1563,ratio,34711,,rivalstracker,primary,https://rivalstracker.com/heroes/mantis,2026-08-25T14:02:59.000Z,2026-08-25T18:57:56.232Z,S,2,55,"Filters: Season 9.5, Competitive, Celestial+. Celestial+ is a seasonal rank-threshold population and is kept separate from the exact-rank benchmark and rolling Stats History. Percentages are displayed by RivalsTracker to two decimal places and converted to ratios without further precision. sample_matches repeats the source Matches field for each metric row. hero_rank is the displayed table order (win rate descending); tier_label is source-provided. Platform, region, and sample_players are not stated by the source and are left empty."
black-cat-s9-5-celestial-plus,black-cat,Black Cat,seasonalRankThreshold,9.5,competitive,celestial_plus,,,winRate,0.5828,ratio,4676,,rivalstracker,primary,https://rivalstracker.com/heroes/black-cat,2026-08-25T14:02:59.000Z,2026-08-25T18:57:56.232Z,A,3,55,"Filters: Season 9.5, Competitive, Celestial+. Celestial+ is a seasonal rank-threshold population and is kept separate from the exact-rank benchmark and rolling Stats History. Percentages are displayed by RivalsTracker to two decimal places and converted to ratios without further precision. sample_matches repeats the source Matches field for each metric row. hero_rank is the displayed table order (win rate descending); tier_label is source-provided. Platform, region, and sample_players are not stated by the source and are left empty."
black-cat-s9-5-celestial-plus,black-cat,Black Cat,seasonalRankThreshold,9.5,competitive,celestial_plus,,,pickRate,0.0311,ratio,4676,,rivalstracker,primary,https://rivalstracker.com/heroes/black-cat,2026-08-25T14:02:59.000Z,2026-08-25T18:57:56.232Z,A,3,55,"Filters: Season 9.5, Competitive, Celestial+. Celestial+ is a seasonal rank-threshold population and is kept separate from the exact-rank benchmark and rolling Stats History. Percentages are displayed by RivalsTracker to two decimal places and converted to ratios without further precision. sample_matches repeats the source Matches field for each metric row. hero_rank is the displayed table order (win rate descending); tier_label is source-provided. Platform, region, and sample_players are not stated by the source and are left empty."
black-cat-s9-5-celestial-plus,black-cat,Black Cat,seasonalRankThreshold,9.5,competitive,celestial_plus,,,banRate,0.4690,ratio,4676,,rivalstracker,primary,https://rivalstracker.com/heroes/black-cat,2026-08-25T14:02:59.000Z,2026-08-25T18:57:56.232Z,A,3,55,"Filters: Season 9.5, Competitive, Celestial+. Celestial+ is a seasonal rank-threshold population and is kept separate from the exact-rank benchmark and rolling Stats History. Percentages are displayed by RivalsTracker to two decimal places and converted to ratios without further precision. sample_matches repeats the source Matches field for each metric row. hero_rank is the displayed table order (win rate descending); tier_label is source-provided. Platform, region, and sample_players are not stated by the source and are left empty."
magik-s9-5-celestial-plus,magik,Magik,seasonalRankThreshold,9.5,competitive,celestial_plus,,,winRate,0.5762,ratio,20086,,rivalstracker,primary,https://rivalstracker.com/heroes/magik,2026-08-25T14:02:59.000Z,2026-08-25T18:57:56.232Z,S,4,55,"Filters: Season 9.5, Competitive, Celestial+. Celestial+ is a seasonal rank-threshold population and is kept separate from the exact-rank benchmark and rolling Stats History. Percentages are displayed by RivalsTracker to two decimal places and converted to ratios without further precision. sample_matches repeats the source Matches field for each metric row. hero_rank is the displayed table order (win rate descending); tier_label is source-provided. Platform, region, and sample_players are not stated by the source and are left empty."
magik-s9-5-celestial-plus,magik,Magik,seasonalRankThreshold,9.5,competitive,celestial_plus,,,pickRate,0.1336,ratio,20086,,rivalstracker,primary,https://rivalstracker.com/heroes/magik,2026-08-25T14:02:59.000Z,2026-08-25T18:57:56.232Z,S,4,55,"Filters: Season 9.5, Competitive, Celestial+. Celestial+ is a seasonal rank-threshold population and is kept separate from the exact-rank benchmark and rolling Stats History. Percentages are displayed by RivalsTracker to two decimal places and converted to ratios without further precision. sample_matches repeats the source Matches field for each metric row. hero_rank is the displayed table order (win rate descending); tier_label is source-provided. Platform, region, and sample_players are not stated by the source and are left empty."
magik-s9-5-celestial-plus,magik,Magik,seasonalRankThreshold,9.5,competitive,celestial_plus,,,banRate,0.0662,ratio,20086,,rivalstracker,primary,https://rivalstracker.com/heroes/magik,2026-08-25T14:02:59.000Z,2026-08-25T18:57:56.232Z,S,4,55,"Filters: Season 9.5, Competitive, Celestial+. Celestial+ is a seasonal rank-threshold population and is kept separate from the exact-rank benchmark and rolling Stats History. Percentages are displayed by RivalsTracker to two decimal places and converted to ratios without further precision. sample_matches repeats the source Matches field for each metric row. hero_rank is the displayed table order (win rate descending); tier_label is source-provided. Platform, region, and sample_players are not stated by the source and are left empty."
daredevil-s9-5-celestial-plus,daredevil,Daredevil,seasonalRankThreshold,9.5,competitive,celestial_plus,,,winRate,0.5606,ratio,14302,,rivalstracker,primary,https://rivalstracker.com/heroes/daredevil,2026-08-25T14:02:59.000Z,2026-08-25T18:57:56.232Z,S,5,55,"Filters: Season 9.5, Competitive, Celestial+. Celestial+ is a seasonal rank-threshold population and is kept separate from the exact-rank benchmark and rolling Stats History. Percentages are displayed by RivalsTracker to two decimal places and converted to ratios without further precision. sample_matches repeats the source Matches field for each metric row. hero_rank is the displayed table order (win rate descending); tier_label is source-provided. Platform, region, and sample_players are not stated by the source and are left empty."
daredevil-s9-5-celestial-plus,daredevil,Daredevil,seasonalRankThreshold,9.5,competitive,celestial_plus,,,pickRate,0.0951,ratio,14302,,rivalstracker,primary,https://rivalstracker.com/heroes/daredevil,2026-08-25T14:02:59.000Z,2026-08-25T18:57:56.232Z,S,5,55,"Filters: Season 9.5, Competitive, Celestial+. Celestial+ is a seasonal rank-threshold population and is kept separate from the exact-rank benchmark and rolling Stats History. Percentages are displayed by RivalsTracker to two decimal places and converted to ratios without further precision. sample_matches repeats the source Matches field for each metric row. hero_rank is the displayed table order (win rate descending); tier_label is source-provided. Platform, region, and sample_players are not stated by the source and are left empty."
daredevil-s9-5-celestial-plus,daredevil,Daredevil,seasonalRankThreshold,9.5,competitive,celestial_plus,,,banRate,0.1288,ratio,14302,,rivalstracker,primary,https://rivalstracker.com/heroes/daredevil,2026-08-25T14:02:59.000Z,2026-08-25T18:57:56.232Z,S,5,55,"Filters: Season 9.5, Competitive, Celestial+. Celestial+ is a seasonal rank-threshold population and is kept separate from the exact-rank benchmark and rolling Stats History. Percentages are displayed by RivalsTracker to two decimal places and converted to ratios without further precision. sample_matches repeats the source Matches field for each metric row. hero_rank is the displayed table order (win rate descending); tier_label is source-provided. Platform, region, and sample_players are not stated by the source and are left empty."
loki-s9-5-celestial-plus,loki,Loki,seasonalRankThreshold,9.5,competitive,celestial_plus,,,winRate,0.5527,ratio,11842,,rivalstracker,primary,https://rivalstracker.com/heroes/loki,2026-08-25T14:02:59.000Z,2026-08-25T18:57:56.232Z,A,6,55,"Filters: Season 9.5, Competitive, Celestial+. Celestial+ is a seasonal rank-threshold population and is kept separate from the exact-rank benchmark and rolling Stats History. Percentages are displayed by RivalsTracker to two decimal places and converted to ratios without further precision. sample_matches repeats the source Matches field for each metric row. hero_rank is the displayed table order (win rate descending); tier_label is source-provided. Platform, region, and sample_players are not stated by the source and are left empty."
loki-s9-5-celestial-plus,loki,Loki,seasonalRankThreshold,9.5,competitive,celestial_plus,,,pickRate,0.0788,ratio,11842,,rivalstracker,primary,https://rivalstracker.com/heroes/loki,2026-08-25T14:02:59.000Z,2026-08-25T18:57:56.232Z,A,6,55,"Filters: Season 9.5, Competitive, Celestial+. Celestial+ is a seasonal rank-threshold population and is kept separate from the exact-rank benchmark and rolling Stats History. Percentages are displayed by RivalsTracker to two decimal places and converted to ratios without further precision. sample_matches repeats the source Matches field for each metric row. hero_rank is the displayed table order (win rate descending); tier_label is source-provided. Platform, region, and sample_players are not stated by the source and are left empty."
loki-s9-5-celestial-plus,loki,Loki,seasonalRankThreshold,9.5,competitive,celestial_plus,,,banRate,0.0053,ratio,11842,,rivalstracker,primary,https://rivalstracker.com/heroes/loki,2026-08-25T14:02:59.000Z,2026-08-25T18:57:56.232Z,A,6,55,"Filters: Season 9.5, Competitive, Celestial+. Celestial+ is a seasonal rank-threshold population and is kept separate from the exact-rank benchmark and rolling Stats History. Percentages are displayed by RivalsTracker to two decimal places and converted to ratios without further precision. sample_matches repeats the source Matches field for each metric row. hero_rank is the displayed table order (win rate descending); tier_label is source-provided. Platform, region, and sample_players are not stated by the source and are left empty."
storm-s9-5-celestial-plus,storm,Storm,seasonalRankThreshold,9.5,competitive,celestial_plus,,,winRate,0.5496,ratio,5170,,rivalstracker,primary,https://rivalstracker.com/heroes/storm,2026-08-25T14:02:59.000Z,2026-08-25T18:57:56.232Z,A,7,55,"Filters: Season 9.5, Competitive, Celestial+. Celestial+ is a seasonal rank-threshold population and is kept separate from the exact-rank benchmark and rolling Stats History. Percentages are displayed by RivalsTracker to two decimal places and converted to ratios without further precision. sample_matches repeats the source Matches field for each metric row. hero_rank is the displayed table order (win rate descending); tier_label is source-provided. Platform, region, and sample_players are not stated by the source and are left empty."
storm-s9-5-celestial-plus,storm,Storm,seasonalRankThreshold,9.5,competitive,celestial_plus,,,pickRate,0.0344,ratio,5170,,rivalstracker,primary,https://rivalstracker.com/heroes/storm,2026-08-25T14:02:59.000Z,2026-08-25T18:57:56.232Z,A,7,55,"Filters: Season 9.5, Competitive, Celestial+. Celestial+ is a seasonal rank-threshold population and is kept separate from the exact-rank benchmark and rolling Stats History. Percentages are displayed by RivalsTracker to two decimal places and converted to ratios without further precision. sample_matches repeats the source Matches field for each metric row. hero_rank is the displayed table order (win rate descending); tier_label is source-provided. Platform, region, and sample_players are not stated by the source and are left empty."
storm-s9-5-celestial-plus,storm,Storm,seasonalRankThreshold,9.5,competitive,celestial_plus,,,banRate,0.0019,ratio,5170,,rivalstracker,primary,https://rivalstracker.com/heroes/storm,2026-08-25T14:02:59.000Z,2026-08-25T18:57:56.232Z,A,7,55,"Filters: Season 9.5, Competitive, Celestial+. Celestial+ is a seasonal rank-threshold population and is kept separate from the exact-rank benchmark and rolling Stats History. Percentages are displayed by RivalsTracker to two decimal places and converted to ratios without further precision. sample_matches repeats the source Matches field for each metric row. hero_rank is the displayed table order (win rate descending); tier_label is source-provided. Platform, region, and sample_players are not stated by the source and are left empty."
the-hood-s9-5-celestial-plus,the-hood,The Hood,seasonalRankThreshold,9.5,competitive,celestial_plus,,,winRate,0.5451,ratio,56270,,rivalstracker,primary,https://rivalstracker.com/heroes/the-hood,2026-08-25T14:02:59.000Z,2026-08-25T18:57:56.232Z,S,8,55,"Filters: Season 9.5, Competitive, Celestial+. Celestial+ is a seasonal rank-threshold population and is kept separate from the exact-rank benchmark and rolling Stats History. Percentages are displayed by RivalsTracker to two decimal places and converted to ratios without further precision. sample_matches repeats the source Matches field for each metric row. hero_rank is the displayed table order (win rate descending); tier_label is source-provided. Platform, region, and sample_players are not stated by the source and are left empty."
the-hood-s9-5-celestial-plus,the-hood,The Hood,seasonalRankThreshold,9.5,competitive,celestial_plus,,,pickRate,0.3742,ratio,56270,,rivalstracker,primary,https://rivalstracker.com/heroes/the-hood,2026-08-25T14:02:59.000Z,2026-08-25T18:57:56.232Z,S,8,55,"Filters: Season 9.5, Competitive, Celestial+. Celestial+ is a seasonal rank-threshold population and is kept separate from the exact-rank benchmark and rolling Stats History. Percentages are displayed by RivalsTracker to two decimal places and converted to ratios without further precision. sample_matches repeats the source Matches field for each metric row. hero_rank is the displayed table order (win rate descending); tier_label is source-provided. Platform, region, and sample_players are not stated by the source and are left empty."
the-hood-s9-5-celestial-plus,the-hood,The Hood,seasonalRankThreshold,9.5,competitive,celestial_plus,,,banRate,0.0876,ratio,56270,,rivalstracker,primary,https://rivalstracker.com/heroes/the-hood,2026-08-25T14:02:59.000Z,2026-08-25T18:57:56.232Z,S,8,55,"Filters: Season 9.5, Competitive, Celestial+. Celestial+ is a seasonal rank-threshold population and is kept separate from the exact-rank benchmark and rolling Stats History. Percentages are displayed by RivalsTracker to two decimal places and converted to ratios without further precision. sample_matches repeats the source Matches field for each metric row. hero_rank is the displayed table order (win rate descending); tier_label is source-provided. Platform, region, and sample_players are not stated by the source and are left empty."
magneto-s9-5-celestial-plus,magneto,Magneto,seasonalRankThreshold,9.5,competitive,celestial_plus,,,winRate,0.5348,ratio,87449,,rivalstracker,primary,https://rivalstracker.com/heroes/magneto,2026-08-25T14:02:59.000Z,2026-08-25T18:57:56.232Z,S,9,55,"Filters: Season 9.5, Competitive, Celestial+. Celestial+ is a seasonal rank-threshold population and is kept separate from the exact-rank benchmark and rolling Stats History. Percentages are displayed by RivalsTracker to two decimal places and converted to ratios without further precision. sample_matches repeats the source Matches field for each metric row. hero_rank is the displayed table order (win rate descending); tier_label is source-provided. Platform, region, and sample_players are not stated by the source and are left empty."
magneto-s9-5-celestial-plus,magneto,Magneto,seasonalRankThreshold,9.5,competitive,celestial_plus,,,pickRate,0.5816,ratio,87449,,rivalstracker,primary,https://rivalstracker.com/heroes/magneto,2026-08-25T14:02:59.000Z,2026-08-25T18:57:56.232Z,S,9,55,"Filters: Season 9.5, Competitive, Celestial+. Celestial+ is a seasonal rank-threshold population and is kept separate from the exact-rank benchmark and rolling Stats History. Percentages are displayed by RivalsTracker to two decimal places and converted to ratios without further precision. sample_matches repeats the source Matches field for each metric row. hero_rank is the displayed table order (win rate descending); tier_label is source-provided. Platform, region, and sample_players are not stated by the source and are left empty."
magneto-s9-5-celestial-plus,magneto,Magneto,seasonalRankThreshold,9.5,competitive,celestial_plus,,,banRate,0.0734,ratio,87449,,rivalstracker,primary,https://rivalstracker.com/heroes/magneto,2026-08-25T14:02:59.000Z,2026-08-25T18:57:56.232Z,S,9,55,"Filters: Season 9.5, Competitive, Celestial+. Celestial+ is a seasonal rank-threshold population and is kept separate from the exact-rank benchmark and rolling Stats History. Percentages are displayed by RivalsTracker to two decimal places and converted to ratios without further precision. sample_matches repeats the source Matches field for each metric row. hero_rank is the displayed table order (win rate descending); tier_label is source-provided. Platform, region, and sample_players are not stated by the source and are left empty."
rocket-raccoon-s9-5-celestial-plus,rocket-raccoon,Rocket Raccoon,seasonalRankThreshold,9.5,competitive,celestial_plus,,,winRate,0.5346,ratio,35127,,rivalstracker,primary,https://rivalstracker.com/heroes/rocket-raccoon,2026-08-25T14:02:59.000Z,2026-08-25T18:57:56.232Z,S,10,55,"Filters: Season 9.5, Competitive, Celestial+. Celestial+ is a seasonal rank-threshold population and is kept separate from the exact-rank benchmark and rolling Stats History. Percentages are displayed by RivalsTracker to two decimal places and converted to ratios without further precision. sample_matches repeats the source Matches field for each metric row. hero_rank is the displayed table order (win rate descending); tier_label is source-provided. Platform, region, and sample_players are not stated by the source and are left empty."
rocket-raccoon-s9-5-celestial-plus,rocket-raccoon,Rocket Raccoon,seasonalRankThreshold,9.5,competitive,celestial_plus,,,pickRate,0.2336,ratio,35127,,rivalstracker,primary,https://rivalstracker.com/heroes/rocket-raccoon,2026-08-25T14:02:59.000Z,2026-08-25T18:57:56.232Z,S,10,55,"Filters: Season 9.5, Competitive, Celestial+. Celestial+ is a seasonal rank-threshold population and is kept separate from the exact-rank benchmark and rolling Stats History. Percentages are displayed by RivalsTracker to two decimal places and converted to ratios without further precision. sample_matches repeats the source Matches field for each metric row. hero_rank is the displayed table order (win rate descending); tier_label is source-provided. Platform, region, and sample_players are not stated by the source and are left empty."
rocket-raccoon-s9-5-celestial-plus,rocket-raccoon,Rocket Raccoon,seasonalRankThreshold,9.5,competitive,celestial_plus,,,banRate,0.0061,ratio,35127,,rivalstracker,primary,https://rivalstracker.com/heroes/rocket-raccoon,2026-08-25T14:02:59.000Z,2026-08-25T18:57:56.232Z,S,10,55,"Filters: Season 9.5, Competitive, Celestial+. Celestial+ is a seasonal rank-threshold population and is kept separate from the exact-rank benchmark and rolling Stats History. Percentages are displayed by RivalsTracker to two decimal places and converted to ratios without further precision. sample_matches repeats the source Matches field for each metric row. hero_rank is the displayed table order (win rate descending); tier_label is source-provided. Platform, region, and sample_players are not stated by the source and are left empty."
elsa-bloodstone-s9-5-celestial-plus,elsa-bloodstone,Elsa Bloodstone,seasonalRankThreshold,9.5,competitive,celestial_plus,,,winRate,0.5340,ratio,14666,,rivalstracker,primary,https://rivalstracker.com/heroes/elsa-bloodstone,2026-08-25T14:02:59.000Z,2026-08-25T18:57:56.232Z,A,11,55,"Filters: Season 9.5, Competitive, Celestial+. Celestial+ is a seasonal rank-threshold population and is kept separate from the exact-rank benchmark and rolling Stats History. Percentages are displayed by RivalsTracker to two decimal places and converted to ratios without further precision. sample_matches repeats the source Matches field for each metric row. hero_rank is the displayed table order (win rate descending); tier_label is source-provided. Platform, region, and sample_players are not stated by the source and are left empty."
elsa-bloodstone-s9-5-celestial-plus,elsa-bloodstone,Elsa Bloodstone,seasonalRankThreshold,9.5,competitive,celestial_plus,,,pickRate,0.0975,ratio,14666,,rivalstracker,primary,https://rivalstracker.com/heroes/elsa-bloodstone,2026-08-25T14:02:59.000Z,2026-08-25T18:57:56.232Z,A,11,55,"Filters: Season 9.5, Competitive, Celestial+. Celestial+ is a seasonal rank-threshold population and is kept separate from the exact-rank benchmark and rolling Stats History. Percentages are displayed by RivalsTracker to two decimal places and converted to ratios without further precision. sample_matches repeats the source Matches field for each metric row. hero_rank is the displayed table order (win rate descending); tier_label is source-provided. Platform, region, and sample_players are not stated by the source and are left empty."
elsa-bloodstone-s9-5-celestial-plus,elsa-bloodstone,Elsa Bloodstone,seasonalRankThreshold,9.5,competitive,celestial_plus,,,banRate,0.4020,ratio,14666,,rivalstracker,primary,https://rivalstracker.com/heroes/elsa-bloodstone,2026-08-25T14:02:59.000Z,2026-08-25T18:57:56.232Z,A,11,55,"Filters: Season 9.5, Competitive, Celestial+. Celestial+ is a seasonal rank-threshold population and is kept separate from the exact-rank benchmark and rolling Stats History. Percentages are displayed by RivalsTracker to two decimal places and converted to ratios without further precision. sample_matches repeats the source Matches field for each metric row. hero_rank is the displayed table order (win rate descending); tier_label is source-provided. Platform, region, and sample_players are not stated by the source and are left empty."
ultron-s9-5-celestial-plus,ultron,Ultron,seasonalRankThreshold,9.5,competitive,celestial_plus,,,winRate,0.5324,ratio,4411,,rivalstracker,primary,https://rivalstracker.com/heroes/ultron,2026-08-25T14:02:59.000Z,2026-08-25T18:57:56.232Z,B,12,55,"Filters: Season 9.5, Competitive, Celestial+. Celestial+ is a seasonal rank-threshold population and is kept separate from the exact-rank benchmark and rolling Stats History. Percentages are displayed by RivalsTracker to two decimal places and converted to ratios without further precision. sample_matches repeats the source Matches field for each metric row. hero_rank is the displayed table order (win rate descending); tier_label is source-provided. Platform, region, and sample_players are not stated by the source and are left empty."
ultron-s9-5-celestial-plus,ultron,Ultron,seasonalRankThreshold,9.5,competitive,celestial_plus,,,pickRate,0.0293,ratio,4411,,rivalstracker,primary,https://rivalstracker.com/heroes/ultron,2026-08-25T14:02:59.000Z,2026-08-25T18:57:56.232Z,B,12,55,"Filters: Season 9.5, Competitive, Celestial+. Celestial+ is a seasonal rank-threshold population and is kept separate from the exact-rank benchmark and rolling Stats History. Percentages are displayed by RivalsTracker to two decimal places and converted to ratios without further precision. sample_matches repeats the source Matches field for each metric row. hero_rank is the displayed table order (win rate descending); tier_label is source-provided. Platform, region, and sample_players are not stated by the source and are left empty."
ultron-s9-5-celestial-plus,ultron,Ultron,seasonalRankThreshold,9.5,competitive,celestial_plus,,,banRate,0.0012,ratio,4411,,rivalstracker,primary,https://rivalstracker.com/heroes/ultron,2026-08-25T14:02:59.000Z,2026-08-25T18:57:56.232Z,B,12,55,"Filters: Season 9.5, Competitive, Celestial+. Celestial+ is a seasonal rank-threshold population and is kept separate from the exact-rank benchmark and rolling Stats History. Percentages are displayed by RivalsTracker to two decimal places and converted to ratios without further precision. sample_matches repeats the source Matches field for each metric row. hero_rank is the displayed table order (win rate descending); tier_label is source-provided. Platform, region, and sample_players are not stated by the source and are left empty."
groot-s9-5-celestial-plus,groot,Groot,seasonalRankThreshold,9.5,competitive,celestial_plus,,,winRate,0.5309,ratio,7151,,rivalstracker,primary,https://rivalstracker.com/heroes/groot,2026-08-25T14:02:59.000Z,2026-08-25T18:57:56.232Z,A,13,55,"Filters: Season 9.5, Competitive, Celestial+. Celestial+ is a seasonal rank-threshold population and is kept separate from the exact-rank benchmark and rolling Stats History. Percentages are displayed by RivalsTracker to two decimal places and converted to ratios without further precision. sample_matches repeats the source Matches field for each metric row. hero_rank is the displayed table order (win rate descending); tier_label is source-provided. Platform, region, and sample_players are not stated by the source and are left empty."
groot-s9-5-celestial-plus,groot,Groot,seasonalRankThreshold,9.5,competitive,celestial_plus,,,pickRate,0.0476,ratio,7151,,rivalstracker,primary,https://rivalstracker.com/heroes/groot,2026-08-25T14:02:59.000Z,2026-08-25T18:57:56.232Z,A,13,55,"Filters: Season 9.5, Competitive, Celestial+. Celestial+ is a seasonal rank-threshold population and is kept separate from the exact-rank benchmark and rolling Stats History. Percentages are displayed by RivalsTracker to two decimal places and converted to ratios without further precision. sample_matches repeats the source Matches field for each metric row. hero_rank is the displayed table order (win rate descending); tier_label is source-provided. Platform, region, and sample_players are not stated by the source and are left empty."
groot-s9-5-celestial-plus,groot,Groot,seasonalRankThreshold,9.5,competitive,celestial_plus,,,banRate,0.0100,ratio,7151,,rivalstracker,primary,https://rivalstracker.com/heroes/groot,2026-08-25T14:02:59.000Z,2026-08-25T18:57:56.232Z,A,13,55,"Filters: Season 9.5, Competitive, Celestial+. Celestial+ is a seasonal rank-threshold population and is kept separate from the exact-rank benchmark and rolling Stats History. Percentages are displayed by RivalsTracker to two decimal places and converted to ratios without further precision. sample_matches repeats the source Matches field for each metric row. hero_rank is the displayed table order (win rate descending); tier_label is source-provided. Platform, region, and sample_players are not stated by the source and are left empty."
thor-s9-5-celestial-plus,thor,Thor,seasonalRankThreshold,9.5,competitive,celestial_plus,,,winRate,0.5263,ratio,11562,,rivalstracker,primary,https://rivalstracker.com/heroes/thor,2026-08-25T14:02:59.000Z,2026-08-25T18:57:56.232Z,A,14,55,"Filters: Season 9.5, Competitive, Celestial+. Celestial+ is a seasonal rank-threshold population and is kept separate from the exact-rank benchmark and rolling Stats History. Percentages are displayed by RivalsTracker to two decimal places and converted to ratios without further precision. sample_matches repeats the source Matches field for each metric row. hero_rank is the displayed table order (win rate descending); tier_label is source-provided. Platform, region, and sample_players are not stated by the source and are left empty."
thor-s9-5-celestial-plus,thor,Thor,seasonalRankThreshold,9.5,competitive,celestial_plus,,,pickRate,0.0769,ratio,11562,,rivalstracker,primary,https://rivalstracker.com/heroes/thor,2026-08-25T14:02:59.000Z,2026-08-25T18:57:56.232Z,A,14,55,"Filters: Season 9.5, Competitive, Celestial+. Celestial+ is a seasonal rank-threshold population and is kept separate from the exact-rank benchmark and rolling Stats History. Percentages are displayed by RivalsTracker to two decimal places and converted to ratios without further precision. sample_matches repeats the source Matches field for each metric row. hero_rank is the displayed table order (win rate descending); tier_label is source-provided. Platform, region, and sample_players are not stated by the source and are left empty."
thor-s9-5-celestial-plus,thor,Thor,seasonalRankThreshold,9.5,competitive,celestial_plus,,,banRate,0.0071,ratio,11562,,rivalstracker,primary,https://rivalstracker.com/heroes/thor,2026-08-25T14:02:59.000Z,2026-08-25T18:57:56.232Z,A,14,55,"Filters: Season 9.5, Competitive, Celestial+. Celestial+ is a seasonal rank-threshold population and is kept separate from the exact-rank benchmark and rolling Stats History. Percentages are displayed by RivalsTracker to two decimal places and converted to ratios without further precision. sample_matches repeats the source Matches field for each metric row. hero_rank is the displayed table order (win rate descending); tier_label is source-provided. Platform, region, and sample_players are not stated by the source and are left empty."
human-torch-s9-5-celestial-plus,human-torch,Human Torch,seasonalRankThreshold,9.5,competitive,celestial_plus,,,winRate,0.5244,ratio,5188,,rivalstracker,primary,https://rivalstracker.com/heroes/human-torch,2026-08-25T14:02:59.000Z,2026-08-25T18:57:56.232Z,A,15,55,"Filters: Season 9.5, Competitive, Celestial+. Celestial+ is a seasonal rank-threshold population and is kept separate from the exact-rank benchmark and rolling Stats History. Percentages are displayed by RivalsTracker to two decimal places and converted to ratios without further precision. sample_matches repeats the source Matches field for each metric row. hero_rank is the displayed table order (win rate descending); tier_label is source-provided. Platform, region, and sample_players are not stated by the source and are left empty."
human-torch-s9-5-celestial-plus,human-torch,Human Torch,seasonalRankThreshold,9.5,competitive,celestial_plus,,,pickRate,0.0345,ratio,5188,,rivalstracker,primary,https://rivalstracker.com/heroes/human-torch,2026-08-25T14:02:59.000Z,2026-08-25T18:57:56.232Z,A,15,55,"Filters: Season 9.5, Competitive, Celestial+. Celestial+ is a seasonal rank-threshold population and is kept separate from the exact-rank benchmark and rolling Stats History. Percentages are displayed by RivalsTracker to two decimal places and converted to ratios without further precision. sample_matches repeats the source Matches field for each metric row. hero_rank is the displayed table order (win rate descending); tier_label is source-provided. Platform, region, and sample_players are not stated by the source and are left empty."
human-torch-s9-5-celestial-plus,human-torch,Human Torch,seasonalRankThreshold,9.5,competitive,celestial_plus,,,banRate,0.0082,ratio,5188,,rivalstracker,primary,https://rivalstracker.com/heroes/human-torch,2026-08-25T14:02:59.000Z,2026-08-25T18:57:56.232Z,A,15,55,"Filters: Season 9.5, Competitive, Celestial+. Celestial+ is a seasonal rank-threshold population and is kept separate from the exact-rank benchmark and rolling Stats History. Percentages are displayed by RivalsTracker to two decimal places and converted to ratios without further precision. sample_matches repeats the source Matches field for each metric row. hero_rank is the displayed table order (win rate descending); tier_label is source-provided. Platform, region, and sample_players are not stated by the source and are left empty."
iron-fist-s9-5-celestial-plus,iron-fist,Iron Fist,seasonalRankThreshold,9.5,competitive,celestial_plus,,,winRate,0.5228,ratio,15365,,rivalstracker,primary,https://rivalstracker.com/heroes/iron-fist,2026-08-25T14:02:59.000Z,2026-08-25T18:57:56.232Z,A,16,55,"Filters: Season 9.5, Competitive, Celestial+. Celestial+ is a seasonal rank-threshold population and is kept separate from the exact-rank benchmark and rolling Stats History. Percentages are displayed by RivalsTracker to two decimal places and converted to ratios without further precision. sample_matches repeats the source Matches field for each metric row. hero_rank is the displayed table order (win rate descending); tier_label is source-provided. Platform, region, and sample_players are not stated by the source and are left empty."
iron-fist-s9-5-celestial-plus,iron-fist,Iron Fist,seasonalRankThreshold,9.5,competitive,celestial_plus,,,pickRate,0.1022,ratio,15365,,rivalstracker,primary,https://rivalstracker.com/heroes/iron-fist,2026-08-25T14:02:59.000Z,2026-08-25T18:57:56.232Z,A,16,55,"Filters: Season 9.5, Competitive, Celestial+. Celestial+ is a seasonal rank-threshold population and is kept separate from the exact-rank benchmark and rolling Stats History. Percentages are displayed by RivalsTracker to two decimal places and converted to ratios without further precision. sample_matches repeats the source Matches field for each metric row. hero_rank is the displayed table order (win rate descending); tier_label is source-provided. Platform, region, and sample_players are not stated by the source and are left empty."
iron-fist-s9-5-celestial-plus,iron-fist,Iron Fist,seasonalRankThreshold,9.5,competitive,celestial_plus,,,banRate,0.0210,ratio,15365,,rivalstracker,primary,https://rivalstracker.com/heroes/iron-fist,2026-08-25T14:02:59.000Z,2026-08-25T18:57:56.232Z,A,16,55,"Filters: Season 9.5, Competitive, Celestial+. Celestial+ is a seasonal rank-threshold population and is kept separate from the exact-rank benchmark and rolling Stats History. Percentages are displayed by RivalsTracker to two decimal places and converted to ratios without further precision. sample_matches repeats the source Matches field for each metric row. hero_rank is the displayed table order (win rate descending); tier_label is source-provided. Platform, region, and sample_players are not stated by the source and are left empty."
rogue-s9-5-celestial-plus,rogue,Rogue,seasonalRankThreshold,9.5,competitive,celestial_plus,,,winRate,0.5212,ratio,6646,,rivalstracker,primary,https://rivalstracker.com/heroes/rogue,2026-08-25T14:02:59.000Z,2026-08-25T18:57:56.232Z,B,17,55,"Filters: Season 9.5, Competitive, Celestial+. Celestial+ is a seasonal rank-threshold population and is kept separate from the exact-rank benchmark and rolling Stats History. Percentages are displayed by RivalsTracker to two decimal places and converted to ratios without further precision. sample_matches repeats the source Matches field for each metric row. hero_rank is the displayed table order (win rate descending); tier_label is source-provided. Platform, region, and sample_players are not stated by the source and are left empty."
rogue-s9-5-celestial-plus,rogue,Rogue,seasonalRankThreshold,9.5,competitive,celestial_plus,,,pickRate,0.0442,ratio,6646,,rivalstracker,primary,https://rivalstracker.com/heroes/rogue,2026-08-25T14:02:59.000Z,2026-08-25T18:57:56.232Z,B,17,55,"Filters: Season 9.5, Competitive, Celestial+. Celestial+ is a seasonal rank-threshold population and is kept separate from the exact-rank benchmark and rolling Stats History. Percentages are displayed by RivalsTracker to two decimal places and converted to ratios without further precision. sample_matches repeats the source Matches field for each metric row. hero_rank is the displayed table order (win rate descending); tier_label is source-provided. Platform, region, and sample_players are not stated by the source and are left empty."
rogue-s9-5-celestial-plus,rogue,Rogue,seasonalRankThreshold,9.5,competitive,celestial_plus,,,banRate,0.0031,ratio,6646,,rivalstracker,primary,https://rivalstracker.com/heroes/rogue,2026-08-25T14:02:59.000Z,2026-08-25T18:57:56.232Z,B,17,55,"Filters: Season 9.5, Competitive, Celestial+. Celestial+ is a seasonal rank-threshold population and is kept separate from the exact-rank benchmark and rolling Stats History. Percentages are displayed by RivalsTracker to two decimal places and converted to ratios without further precision. sample_matches repeats the source Matches field for each metric row. hero_rank is the displayed table order (win rate descending); tier_label is source-provided. Platform, region, and sample_players are not stated by the source and are left empty."
angela-s9-5-celestial-plus,angela,Angela,seasonalRankThreshold,9.5,competitive,celestial_plus,,,winRate,0.5203,ratio,6925,,rivalstracker,primary,https://rivalstracker.com/heroes/angela,2026-08-25T14:02:59.000Z,2026-08-25T18:57:56.232Z,B,18,55,"Filters: Season 9.5, Competitive, Celestial+. Celestial+ is a seasonal rank-threshold population and is kept separate from the exact-rank benchmark and rolling Stats History. Percentages are displayed by RivalsTracker to two decimal places and converted to ratios without further precision. sample_matches repeats the source Matches field for each metric row. hero_rank is the displayed table order (win rate descending); tier_label is source-provided. Platform, region, and sample_players are not stated by the source and are left empty."
angela-s9-5-celestial-plus,angela,Angela,seasonalRankThreshold,9.5,competitive,celestial_plus,,,pickRate,0.0461,ratio,6925,,rivalstracker,primary,https://rivalstracker.com/heroes/angela,2026-08-25T14:02:59.000Z,2026-08-25T18:57:56.232Z,B,18,55,"Filters: Season 9.5, Competitive, Celestial+. Celestial+ is a seasonal rank-threshold population and is kept separate from the exact-rank benchmark and rolling Stats History. Percentages are displayed by RivalsTracker to two decimal places and converted to ratios without further precision. sample_matches repeats the source Matches field for each metric row. hero_rank is the displayed table order (win rate descending); tier_label is source-provided. Platform, region, and sample_players are not stated by the source and are left empty."
angela-s9-5-celestial-plus,angela,Angela,seasonalRankThreshold,9.5,competitive,celestial_plus,,,banRate,0.0072,ratio,6925,,rivalstracker,primary,https://rivalstracker.com/heroes/angela,2026-08-25T14:02:59.000Z,2026-08-25T18:57:56.232Z,B,18,55,"Filters: Season 9.5, Competitive, Celestial+. Celestial+ is a seasonal rank-threshold population and is kept separate from the exact-rank benchmark and rolling Stats History. Percentages are displayed by RivalsTracker to two decimal places and converted to ratios without further precision. sample_matches repeats the source Matches field for each metric row. hero_rank is the displayed table order (win rate descending); tier_label is source-provided. Platform, region, and sample_players are not stated by the source and are left empty."
star-lord-s9-5-celestial-plus,star-lord,Star-lord,seasonalRankThreshold,9.5,competitive,celestial_plus,,,winRate,0.5178,ratio,7546,,rivalstracker,primary,https://rivalstracker.com/heroes/star-lord,2026-08-25T14:02:59.000Z,2026-08-25T18:57:56.232Z,B,19,55,"Filters: Season 9.5, Competitive, Celestial+. Celestial+ is a seasonal rank-threshold population and is kept separate from the exact-rank benchmark and rolling Stats History. Percentages are displayed by RivalsTracker to two decimal places and converted to ratios without further precision. sample_matches repeats the source Matches field for each metric row. hero_rank is the displayed table order (win rate descending); tier_label is source-provided. Platform, region, and sample_players are not stated by the source and are left empty."
star-lord-s9-5-celestial-plus,star-lord,Star-lord,seasonalRankThreshold,9.5,competitive,celestial_plus,,,pickRate,0.0502,ratio,7546,,rivalstracker,primary,https://rivalstracker.com/heroes/star-lord,2026-08-25T14:02:59.000Z,2026-08-25T18:57:56.232Z,B,19,55,"Filters: Season 9.5, Competitive, Celestial+. Celestial+ is a seasonal rank-threshold population and is kept separate from the exact-rank benchmark and rolling Stats History. Percentages are displayed by RivalsTracker to two decimal places and converted to ratios without further precision. sample_matches repeats the source Matches field for each metric row. hero_rank is the displayed table order (win rate descending); tier_label is source-provided. Platform, region, and sample_players are not stated by the source and are left empty."
star-lord-s9-5-celestial-plus,star-lord,Star-lord,seasonalRankThreshold,9.5,competitive,celestial_plus,,,banRate,0.0048,ratio,7546,,rivalstracker,primary,https://rivalstracker.com/heroes/star-lord,2026-08-25T14:02:59.000Z,2026-08-25T18:57:56.232Z,B,19,55,"Filters: Season 9.5, Competitive, Celestial+. Celestial+ is a seasonal rank-threshold population and is kept separate from the exact-rank benchmark and rolling Stats History. Percentages are displayed by RivalsTracker to two decimal places and converted to ratios without further precision. sample_matches repeats the source Matches field for each metric row. hero_rank is the displayed table order (win rate descending); tier_label is source-provided. Platform, region, and sample_players are not stated by the source and are left empty."
the-thing-s9-5-celestial-plus,the-thing,The Thing,seasonalRankThreshold,9.5,competitive,celestial_plus,,,winRate,0.5173,ratio,29463,,rivalstracker,primary,https://rivalstracker.com/heroes/the-thing,2026-08-25T14:02:59.000Z,2026-08-25T18:57:56.232Z,A,20,55,"Filters: Season 9.5, Competitive, Celestial+. Celestial+ is a seasonal rank-threshold population and is kept separate from the exact-rank benchmark and rolling Stats History. Percentages are displayed by RivalsTracker to two decimal places and converted to ratios without further precision. sample_matches repeats the source Matches field for each metric row. hero_rank is the displayed table order (win rate descending); tier_label is source-provided. Platform, region, and sample_players are not stated by the source and are left empty."
the-thing-s9-5-celestial-plus,the-thing,The Thing,seasonalRankThreshold,9.5,competitive,celestial_plus,,,pickRate,0.1960,ratio,29463,,rivalstracker,primary,https://rivalstracker.com/heroes/the-thing,2026-08-25T14:02:59.000Z,2026-08-25T18:57:56.232Z,A,20,55,"Filters: Season 9.5, Competitive, Celestial+. Celestial+ is a seasonal rank-threshold population and is kept separate from the exact-rank benchmark and rolling Stats History. Percentages are displayed by RivalsTracker to two decimal places and converted to ratios without further precision. sample_matches repeats the source Matches field for each metric row. hero_rank is the displayed table order (win rate descending); tier_label is source-provided. Platform, region, and sample_players are not stated by the source and are left empty."
the-thing-s9-5-celestial-plus,the-thing,The Thing,seasonalRankThreshold,9.5,competitive,celestial_plus,,,banRate,0.1278,ratio,29463,,rivalstracker,primary,https://rivalstracker.com/heroes/the-thing,2026-08-25T14:02:59.000Z,2026-08-25T18:57:56.232Z,A,20,55,"Filters: Season 9.5, Competitive, Celestial+. Celestial+ is a seasonal rank-threshold population and is kept separate from the exact-rank benchmark and rolling Stats History. Percentages are displayed by RivalsTracker to two decimal places and converted to ratios without further precision. sample_matches repeats the source Matches field for each metric row. hero_rank is the displayed table order (win rate descending); tier_label is source-provided. Platform, region, and sample_players are not stated by the source and are left empty."
wolverine-s9-5-celestial-plus,wolverine,Wolverine,seasonalRankThreshold,9.5,competitive,celestial_plus,,,winRate,0.5126,ratio,11077,,rivalstracker,primary,https://rivalstracker.com/heroes/wolverine,2026-08-25T14:02:59.000Z,2026-08-25T18:57:56.232Z,B,21,55,"Filters: Season 9.5, Competitive, Celestial+. Celestial+ is a seasonal rank-threshold population and is kept separate from the exact-rank benchmark and rolling Stats History. Percentages are displayed by RivalsTracker to two decimal places and converted to ratios without further precision. sample_matches repeats the source Matches field for each metric row. hero_rank is the displayed table order (win rate descending); tier_label is source-provided. Platform, region, and sample_players are not stated by the source and are left empty."
wolverine-s9-5-celestial-plus,wolverine,Wolverine,seasonalRankThreshold,9.5,competitive,celestial_plus,,,pickRate,0.0737,ratio,11077,,rivalstracker,primary,https://rivalstracker.com/heroes/wolverine,2026-08-25T14:02:59.000Z,2026-08-25T18:57:56.232Z,B,21,55,"Filters: Season 9.5, Competitive, Celestial+. Celestial+ is a seasonal rank-threshold population and is kept separate from the exact-rank benchmark and rolling Stats History. Percentages are displayed by RivalsTracker to two decimal places and converted to ratios without further precision. sample_matches repeats the source Matches field for each metric row. hero_rank is the displayed table order (win rate descending); tier_label is source-provided. Platform, region, and sample_players are not stated by the source and are left empty."
wolverine-s9-5-celestial-plus,wolverine,Wolverine,seasonalRankThreshold,9.5,competitive,celestial_plus,,,banRate,0.0435,ratio,11077,,rivalstracker,primary,https://rivalstracker.com/heroes/wolverine,2026-08-25T14:02:59.000Z,2026-08-25T18:57:56.232Z,B,21,55,"Filters: Season 9.5, Competitive, Celestial+. Celestial+ is a seasonal rank-threshold population and is kept separate from the exact-rank benchmark and rolling Stats History. Percentages are displayed by RivalsTracker to two decimal places and converted to ratios without further precision. sample_matches repeats the source Matches field for each metric row. hero_rank is the displayed table order (win rate descending); tier_label is source-provided. Platform, region, and sample_players are not stated by the source and are left empty."
hulk-s9-5-celestial-plus,hulk,Hulk,seasonalRankThreshold,9.5,competitive,celestial_plus,,,winRate,0.5121,ratio,13502,,rivalstracker,primary,https://rivalstracker.com/heroes/hulk,2026-08-25T14:02:59.000Z,2026-08-25T18:57:56.232Z,B,22,55,"Filters: Season 9.5, Competitive, Celestial+. Celestial+ is a seasonal rank-threshold population and is kept separate from the exact-rank benchmark and rolling Stats History. Percentages are displayed by RivalsTracker to two decimal places and converted to ratios without further precision. sample_matches repeats the source Matches field for each metric row. hero_rank is the displayed table order (win rate descending); tier_label is source-provided. Platform, region, and sample_players are not stated by the source and are left empty."
hulk-s9-5-celestial-plus,hulk,Hulk,seasonalRankThreshold,9.5,competitive,celestial_plus,,,pickRate,0.0898,ratio,13502,,rivalstracker,primary,https://rivalstracker.com/heroes/hulk,2026-08-25T14:02:59.000Z,2026-08-25T18:57:56.232Z,B,22,55,"Filters: Season 9.5, Competitive, Celestial+. Celestial+ is a seasonal rank-threshold population and is kept separate from the exact-rank benchmark and rolling Stats History. Percentages are displayed by RivalsTracker to two decimal places and converted to ratios without further precision. sample_matches repeats the source Matches field for each metric row. hero_rank is the displayed table order (win rate descending); tier_label is source-provided. Platform, region, and sample_players are not stated by the source and are left empty."
hulk-s9-5-celestial-plus,hulk,Hulk,seasonalRankThreshold,9.5,competitive,celestial_plus,,,banRate,0.0081,ratio,13502,,rivalstracker,primary,https://rivalstracker.com/heroes/hulk,2026-08-25T14:02:59.000Z,2026-08-25T18:57:56.232Z,B,22,55,"Filters: Season 9.5, Competitive, Celestial+. Celestial+ is a seasonal rank-threshold population and is kept separate from the exact-rank benchmark and rolling Stats History. Percentages are displayed by RivalsTracker to two decimal places and converted to ratios without further precision. sample_matches repeats the source Matches field for each metric row. hero_rank is the displayed table order (win rate descending); tier_label is source-provided. Platform, region, and sample_players are not stated by the source and are left empty."
spider-man-s9-5-celestial-plus,spider-man,Spider-man,seasonalRankThreshold,9.5,competitive,celestial_plus,,,winRate,0.5115,ratio,20288,,rivalstracker,primary,https://rivalstracker.com/heroes/spider-man,2026-08-25T14:02:59.000Z,2026-08-25T18:57:56.232Z,A,23,55,"Filters: Season 9.5, Competitive, Celestial+. Celestial+ is a seasonal rank-threshold population and is kept separate from the exact-rank benchmark and rolling Stats History. Percentages are displayed by RivalsTracker to two decimal places and converted to ratios without further precision. sample_matches repeats the source Matches field for each metric row. hero_rank is the displayed table order (win rate descending); tier_label is source-provided. Platform, region, and sample_players are not stated by the source and are left empty."
spider-man-s9-5-celestial-plus,spider-man,Spider-man,seasonalRankThreshold,9.5,competitive,celestial_plus,,,pickRate,0.1349,ratio,20288,,rivalstracker,primary,https://rivalstracker.com/heroes/spider-man,2026-08-25T14:02:59.000Z,2026-08-25T18:57:56.232Z,A,23,55,"Filters: Season 9.5, Competitive, Celestial+. Celestial+ is a seasonal rank-threshold population and is kept separate from the exact-rank benchmark and rolling Stats History. Percentages are displayed by RivalsTracker to two decimal places and converted to ratios without further precision. sample_matches repeats the source Matches field for each metric row. hero_rank is the displayed table order (win rate descending); tier_label is source-provided. Platform, region, and sample_players are not stated by the source and are left empty."
spider-man-s9-5-celestial-plus,spider-man,Spider-man,seasonalRankThreshold,9.5,competitive,celestial_plus,,,banRate,0.0831,ratio,20288,,rivalstracker,primary,https://rivalstracker.com/heroes/spider-man,2026-08-25T14:02:59.000Z,2026-08-25T18:57:56.232Z,A,23,55,"Filters: Season 9.5, Competitive, Celestial+. Celestial+ is a seasonal rank-threshold population and is kept separate from the exact-rank benchmark and rolling Stats History. Percentages are displayed by RivalsTracker to two decimal places and converted to ratios without further precision. sample_matches repeats the source Matches field for each metric row. hero_rank is the displayed table order (win rate descending); tier_label is source-provided. Platform, region, and sample_players are not stated by the source and are left empty."
adam-warlock-s9-5-celestial-plus,adam-warlock,Adam Warlock,seasonalRankThreshold,9.5,competitive,celestial_plus,,,winRate,0.5080,ratio,5006,,rivalstracker,primary,https://rivalstracker.com/heroes/adam-warlock,2026-08-25T14:02:59.000Z,2026-08-25T18:57:56.232Z,B,24,55,"Filters: Season 9.5, Competitive, Celestial+. Celestial+ is a seasonal rank-threshold population and is kept separate from the exact-rank benchmark and rolling Stats History. Percentages are displayed by RivalsTracker to two decimal places and converted to ratios without further precision. sample_matches repeats the source Matches field for each metric row. hero_rank is the displayed table order (win rate descending); tier_label is source-provided. Platform, region, and sample_players are not stated by the source and are left empty."
adam-warlock-s9-5-celestial-plus,adam-warlock,Adam Warlock,seasonalRankThreshold,9.5,competitive,celestial_plus,,,pickRate,0.0333,ratio,5006,,rivalstracker,primary,https://rivalstracker.com/heroes/adam-warlock,2026-08-25T14:02:59.000Z,2026-08-25T18:57:56.232Z,B,24,55,"Filters: Season 9.5, Competitive, Celestial+. Celestial+ is a seasonal rank-threshold population and is kept separate from the exact-rank benchmark and rolling Stats History. Percentages are displayed by RivalsTracker to two decimal places and converted to ratios without further precision. sample_matches repeats the source Matches field for each metric row. hero_rank is the displayed table order (win rate descending); tier_label is source-provided. Platform, region, and sample_players are not stated by the source and are left empty."
adam-warlock-s9-5-celestial-plus,adam-warlock,Adam Warlock,seasonalRankThreshold,9.5,competitive,celestial_plus,,,banRate,0.0025,ratio,5006,,rivalstracker,primary,https://rivalstracker.com/heroes/adam-warlock,2026-08-25T14:02:59.000Z,2026-08-25T18:57:56.232Z,B,24,55,"Filters: Season 9.5, Competitive, Celestial+. Celestial+ is a seasonal rank-threshold population and is kept separate from the exact-rank benchmark and rolling Stats History. Percentages are displayed by RivalsTracker to two decimal places and converted to ratios without further precision. sample_matches repeats the source Matches field for each metric row. hero_rank is the displayed table order (win rate descending); tier_label is source-provided. Platform, region, and sample_players are not stated by the source and are left empty."
venom-s9-5-celestial-plus,venom,Venom,seasonalRankThreshold,9.5,competitive,celestial_plus,,,winRate,0.5079,ratio,13099,,rivalstracker,primary,https://rivalstracker.com/heroes/venom,2026-08-25T14:02:59.000Z,2026-08-25T18:57:56.232Z,B,25,55,"Filters: Season 9.5, Competitive, Celestial+. Celestial+ is a seasonal rank-threshold population and is kept separate from the exact-rank benchmark and rolling Stats History. Percentages are displayed by RivalsTracker to two decimal places and converted to ratios without further precision. sample_matches repeats the source Matches field for each metric row. hero_rank is the displayed table order (win rate descending); tier_label is source-provided. Platform, region, and sample_players are not stated by the source and are left empty."
venom-s9-5-celestial-plus,venom,Venom,seasonalRankThreshold,9.5,competitive,celestial_plus,,,pickRate,0.0871,ratio,13099,,rivalstracker,primary,https://rivalstracker.com/heroes/venom,2026-08-25T14:02:59.000Z,2026-08-25T18:57:56.232Z,B,25,55,"Filters: Season 9.5, Competitive, Celestial+. Celestial+ is a seasonal rank-threshold population and is kept separate from the exact-rank benchmark and rolling Stats History. Percentages are displayed by RivalsTracker to two decimal places and converted to ratios without further precision. sample_matches repeats the source Matches field for each metric row. hero_rank is the displayed table order (win rate descending); tier_label is source-provided. Platform, region, and sample_players are not stated by the source and are left empty."
venom-s9-5-celestial-plus,venom,Venom,seasonalRankThreshold,9.5,competitive,celestial_plus,,,banRate,0.0716,ratio,13099,,rivalstracker,primary,https://rivalstracker.com/heroes/venom,2026-08-25T14:02:59.000Z,2026-08-25T18:57:56.232Z,B,25,55,"Filters: Season 9.5, Competitive, Celestial+. Celestial+ is a seasonal rank-threshold population and is kept separate from the exact-rank benchmark and rolling Stats History. Percentages are displayed by RivalsTracker to two decimal places and converted to ratios without further precision. sample_matches repeats the source Matches field for each metric row. hero_rank is the displayed table order (win rate descending); tier_label is source-provided. Platform, region, and sample_players are not stated by the source and are left empty."
captain-america-s9-5-celestial-plus,captain-america,Captain America,seasonalRankThreshold,9.5,competitive,celestial_plus,,,winRate,0.5068,ratio,3162,,rivalstracker,primary,https://rivalstracker.com/heroes/captain-america,2026-08-25T14:02:59.000Z,2026-08-25T18:57:56.232Z,B,26,55,"Filters: Season 9.5, Competitive, Celestial+. Celestial+ is a seasonal rank-threshold population and is kept separate from the exact-rank benchmark and rolling Stats History. Percentages are displayed by RivalsTracker to two decimal places and converted to ratios without further precision. sample_matches repeats the source Matches field for each metric row. hero_rank is the displayed table order (win rate descending); tier_label is source-provided. Platform, region, and sample_players are not stated by the source and are left empty."
captain-america-s9-5-celestial-plus,captain-america,Captain America,seasonalRankThreshold,9.5,competitive,celestial_plus,,,pickRate,0.0210,ratio,3162,,rivalstracker,primary,https://rivalstracker.com/heroes/captain-america,2026-08-25T14:02:59.000Z,2026-08-25T18:57:56.232Z,B,26,55,"Filters: Season 9.5, Competitive, Celestial+. Celestial+ is a seasonal rank-threshold population and is kept separate from the exact-rank benchmark and rolling Stats History. Percentages are displayed by RivalsTracker to two decimal places and converted to ratios without further precision. sample_matches repeats the source Matches field for each metric row. hero_rank is the displayed table order (win rate descending); tier_label is source-provided. Platform, region, and sample_players are not stated by the source and are left empty."
captain-america-s9-5-celestial-plus,captain-america,Captain America,seasonalRankThreshold,9.5,competitive,celestial_plus,,,banRate,0.0025,ratio,3162,,rivalstracker,primary,https://rivalstracker.com/heroes/captain-america,2026-08-25T14:02:59.000Z,2026-08-25T18:57:56.232Z,B,26,55,"Filters: Season 9.5, Competitive, Celestial+. Celestial+ is a seasonal rank-threshold population and is kept separate from the exact-rank benchmark and rolling Stats History. Percentages are displayed by RivalsTracker to two decimal places and converted to ratios without further precision. sample_matches repeats the source Matches field for each metric row. hero_rank is the displayed table order (win rate descending); tier_label is source-provided. Platform, region, and sample_players are not stated by the source and are left empty."
hela-s9-5-celestial-plus,hela,Hela,seasonalRankThreshold,9.5,competitive,celestial_plus,,,winRate,0.5029,ratio,23796,,rivalstracker,primary,https://rivalstracker.com/heroes/hela,2026-08-25T14:02:59.000Z,2026-08-25T18:57:56.232Z,B,27,55,"Filters: Season 9.5, Competitive, Celestial+. Celestial+ is a seasonal rank-threshold population and is kept separate from the exact-rank benchmark and rolling Stats History. Percentages are displayed by RivalsTracker to two decimal places and converted to ratios without further precision. sample_matches repeats the source Matches field for each metric row. hero_rank is the displayed table order (win rate descending); tier_label is source-provided. Platform, region, and sample_players are not stated by the source and are left empty."
hela-s9-5-celestial-plus,hela,Hela,seasonalRankThreshold,9.5,competitive,celestial_plus,,,pickRate,0.1583,ratio,23796,,rivalstracker,primary,https://rivalstracker.com/heroes/hela,2026-08-25T14:02:59.000Z,2026-08-25T18:57:56.232Z,B,27,55,"Filters: Season 9.5, Competitive, Celestial+. Celestial+ is a seasonal rank-threshold population and is kept separate from the exact-rank benchmark and rolling Stats History. Percentages are displayed by RivalsTracker to two decimal places and converted to ratios without further precision. sample_matches repeats the source Matches field for each metric row. hero_rank is the displayed table order (win rate descending); tier_label is source-provided. Platform, region, and sample_players are not stated by the source and are left empty."
hela-s9-5-celestial-plus,hela,Hela,seasonalRankThreshold,9.5,competitive,celestial_plus,,,banRate,0.0491,ratio,23796,,rivalstracker,primary,https://rivalstracker.com/heroes/hela,2026-08-25T14:02:59.000Z,2026-08-25T18:57:56.232Z,B,27,55,"Filters: Season 9.5, Competitive, Celestial+. Celestial+ is a seasonal rank-threshold population and is kept separate from the exact-rank benchmark and rolling Stats History. Percentages are displayed by RivalsTracker to two decimal places and converted to ratios without further precision. sample_matches repeats the source Matches field for each metric row. hero_rank is the displayed table order (win rate descending); tier_label is source-provided. Platform, region, and sample_players are not stated by the source and are left empty."
psylocke-s9-5-celestial-plus,psylocke,Psylocke,seasonalRankThreshold,9.5,competitive,celestial_plus,,,winRate,0.5020,ratio,6548,,rivalstracker,primary,https://rivalstracker.com/heroes/psylocke,2026-08-25T14:02:59.000Z,2026-08-25T18:57:56.232Z,B,28,55,"Filters: Season 9.5, Competitive, Celestial+. Celestial+ is a seasonal rank-threshold population and is kept separate from the exact-rank benchmark and rolling Stats History. Percentages are displayed by RivalsTracker to two decimal places and converted to ratios without further precision. sample_matches repeats the source Matches field for each metric row. hero_rank is the displayed table order (win rate descending); tier_label is source-provided. Platform, region, and sample_players are not stated by the source and are left empty."
psylocke-s9-5-celestial-plus,psylocke,Psylocke,seasonalRankThreshold,9.5,competitive,celestial_plus,,,pickRate,0.0435,ratio,6548,,rivalstracker,primary,https://rivalstracker.com/heroes/psylocke,2026-08-25T14:02:59.000Z,2026-08-25T18:57:56.232Z,B,28,55,"Filters: Season 9.5, Competitive, Celestial+. Celestial+ is a seasonal rank-threshold population and is kept separate from the exact-rank benchmark and rolling Stats History. Percentages are displayed by RivalsTracker to two decimal places and converted to ratios without further precision. sample_matches repeats the source Matches field for each metric row. hero_rank is the displayed table order (win rate descending); tier_label is source-provided. Platform, region, and sample_players are not stated by the source and are left empty."
psylocke-s9-5-celestial-plus,psylocke,Psylocke,seasonalRankThreshold,9.5,competitive,celestial_plus,,,banRate,0.0045,ratio,6548,,rivalstracker,primary,https://rivalstracker.com/heroes/psylocke,2026-08-25T14:02:59.000Z,2026-08-25T18:57:56.232Z,B,28,55,"Filters: Season 9.5, Competitive, Celestial+. Celestial+ is a seasonal rank-threshold population and is kept separate from the exact-rank benchmark and rolling Stats History. Percentages are displayed by RivalsTracker to two decimal places and converted to ratios without further precision. sample_matches repeats the source Matches field for each metric row. hero_rank is the displayed table order (win rate descending); tier_label is source-provided. Platform, region, and sample_players are not stated by the source and are left empty."
gambit-s9-5-celestial-plus,gambit,Gambit,seasonalRankThreshold,9.5,competitive,celestial_plus,,,winRate,0.4983,ratio,33403,,rivalstracker,primary,https://rivalstracker.com/heroes/gambit,2026-08-25T14:02:59.000Z,2026-08-25T18:57:56.232Z,B,29,55,"Filters: Season 9.5, Competitive, Celestial+. Celestial+ is a seasonal rank-threshold population and is kept separate from the exact-rank benchmark and rolling Stats History. Percentages are displayed by RivalsTracker to two decimal places and converted to ratios without further precision. sample_matches repeats the source Matches field for each metric row. hero_rank is the displayed table order (win rate descending); tier_label is source-provided. Platform, region, and sample_players are not stated by the source and are left empty."
gambit-s9-5-celestial-plus,gambit,Gambit,seasonalRankThreshold,9.5,competitive,celestial_plus,,,pickRate,0.2222,ratio,33403,,rivalstracker,primary,https://rivalstracker.com/heroes/gambit,2026-08-25T14:02:59.000Z,2026-08-25T18:57:56.232Z,B,29,55,"Filters: Season 9.5, Competitive, Celestial+. Celestial+ is a seasonal rank-threshold population and is kept separate from the exact-rank benchmark and rolling Stats History. Percentages are displayed by RivalsTracker to two decimal places and converted to ratios without further precision. sample_matches repeats the source Matches field for each metric row. hero_rank is the displayed table order (win rate descending); tier_label is source-provided. Platform, region, and sample_players are not stated by the source and are left empty."
gambit-s9-5-celestial-plus,gambit,Gambit,seasonalRankThreshold,9.5,competitive,celestial_plus,,,banRate,0.3139,ratio,33403,,rivalstracker,primary,https://rivalstracker.com/heroes/gambit,2026-08-25T14:02:59.000Z,2026-08-25T18:57:56.232Z,B,29,55,"Filters: Season 9.5, Competitive, Celestial+. Celestial+ is a seasonal rank-threshold population and is kept separate from the exact-rank benchmark and rolling Stats History. Percentages are displayed by RivalsTracker to two decimal places and converted to ratios without further precision. sample_matches repeats the source Matches field for each metric row. hero_rank is the displayed table order (win rate descending); tier_label is source-provided. Platform, region, and sample_players are not stated by the source and are left empty."
black-widow-s9-5-celestial-plus,black-widow,Black Widow,seasonalRankThreshold,9.5,competitive,celestial_plus,,,winRate,0.4973,ratio,18501,,rivalstracker,primary,https://rivalstracker.com/heroes/black-widow,2026-08-25T14:02:59.000Z,2026-08-25T18:57:56.232Z,B,30,55,"Filters: Season 9.5, Competitive, Celestial+. Celestial+ is a seasonal rank-threshold population and is kept separate from the exact-rank benchmark and rolling Stats History. Percentages are displayed by RivalsTracker to two decimal places and converted to ratios without further precision. sample_matches repeats the source Matches field for each metric row. hero_rank is the displayed table order (win rate descending); tier_label is source-provided. Platform, region, and sample_players are not stated by the source and are left empty."
black-widow-s9-5-celestial-plus,black-widow,Black Widow,seasonalRankThreshold,9.5,competitive,celestial_plus,,,pickRate,0.1230,ratio,18501,,rivalstracker,primary,https://rivalstracker.com/heroes/black-widow,2026-08-25T14:02:59.000Z,2026-08-25T18:57:56.232Z,B,30,55,"Filters: Season 9.5, Competitive, Celestial+. Celestial+ is a seasonal rank-threshold population and is kept separate from the exact-rank benchmark and rolling Stats History. Percentages are displayed by RivalsTracker to two decimal places and converted to ratios without further precision. sample_matches repeats the source Matches field for each metric row. hero_rank is the displayed table order (win rate descending); tier_label is source-provided. Platform, region, and sample_players are not stated by the source and are left empty."
black-widow-s9-5-celestial-plus,black-widow,Black Widow,seasonalRankThreshold,9.5,competitive,celestial_plus,,,banRate,0.0770,ratio,18501,,rivalstracker,primary,https://rivalstracker.com/heroes/black-widow,2026-08-25T14:02:59.000Z,2026-08-25T18:57:56.232Z,B,30,55,"Filters: Season 9.5, Competitive, Celestial+. Celestial+ is a seasonal rank-threshold population and is kept separate from the exact-rank benchmark and rolling Stats History. Percentages are displayed by RivalsTracker to two decimal places and converted to ratios without further precision. sample_matches repeats the source Matches field for each metric row. hero_rank is the displayed table order (win rate descending); tier_label is source-provided. Platform, region, and sample_players are not stated by the source and are left empty."
iron-man-s9-5-celestial-plus,iron-man,Iron Man,seasonalRankThreshold,9.5,competitive,celestial_plus,,,winRate,0.4968,ratio,3437,,rivalstracker,primary,https://rivalstracker.com/heroes/iron-man,2026-08-25T14:02:59.000Z,2026-08-25T18:57:56.232Z,C,31,55,"Filters: Season 9.5, Competitive, Celestial+. Celestial+ is a seasonal rank-threshold population and is kept separate from the exact-rank benchmark and rolling Stats History. Percentages are displayed by RivalsTracker to two decimal places and converted to ratios without further precision. sample_matches repeats the source Matches field for each metric row. hero_rank is the displayed table order (win rate descending); tier_label is source-provided. Platform, region, and sample_players are not stated by the source and are left empty."
iron-man-s9-5-celestial-plus,iron-man,Iron Man,seasonalRankThreshold,9.5,competitive,celestial_plus,,,pickRate,0.0229,ratio,3437,,rivalstracker,primary,https://rivalstracker.com/heroes/iron-man,2026-08-25T14:02:59.000Z,2026-08-25T18:57:56.232Z,C,31,55,"Filters: Season 9.5, Competitive, Celestial+. Celestial+ is a seasonal rank-threshold population and is kept separate from the exact-rank benchmark and rolling Stats History. Percentages are displayed by RivalsTracker to two decimal places and converted to ratios without further precision. sample_matches repeats the source Matches field for each metric row. hero_rank is the displayed table order (win rate descending); tier_label is source-provided. Platform, region, and sample_players are not stated by the source and are left empty."
iron-man-s9-5-celestial-plus,iron-man,Iron Man,seasonalRankThreshold,9.5,competitive,celestial_plus,,,banRate,0.0012,ratio,3437,,rivalstracker,primary,https://rivalstracker.com/heroes/iron-man,2026-08-25T14:02:59.000Z,2026-08-25T18:57:56.232Z,C,31,55,"Filters: Season 9.5, Competitive, Celestial+. Celestial+ is a seasonal rank-threshold population and is kept separate from the exact-rank benchmark and rolling Stats History. Percentages are displayed by RivalsTracker to two decimal places and converted to ratios without further precision. sample_matches repeats the source Matches field for each metric row. hero_rank is the displayed table order (win rate descending); tier_label is source-provided. Platform, region, and sample_players are not stated by the source and are left empty."
mister-fantastic-s9-5-celestial-plus,mister-fantastic,Mister Fantastic,seasonalRankThreshold,9.5,competitive,celestial_plus,,,winRate,0.4919,ratio,5094,,rivalstracker,primary,https://rivalstracker.com/heroes/mister-fantastic,2026-08-25T14:02:59.000Z,2026-08-25T18:57:56.232Z,C,32,55,"Filters: Season 9.5, Competitive, Celestial+. Celestial+ is a seasonal rank-threshold population and is kept separate from the exact-rank benchmark and rolling Stats History. Percentages are displayed by RivalsTracker to two decimal places and converted to ratios without further precision. sample_matches repeats the source Matches field for each metric row. hero_rank is the displayed table order (win rate descending); tier_label is source-provided. Platform, region, and sample_players are not stated by the source and are left empty."
mister-fantastic-s9-5-celestial-plus,mister-fantastic,Mister Fantastic,seasonalRankThreshold,9.5,competitive,celestial_plus,,,pickRate,0.0339,ratio,5094,,rivalstracker,primary,https://rivalstracker.com/heroes/mister-fantastic,2026-08-25T14:02:59.000Z,2026-08-25T18:57:56.232Z,C,32,55,"Filters: Season 9.5, Competitive, Celestial+. Celestial+ is a seasonal rank-threshold population and is kept separate from the exact-rank benchmark and rolling Stats History. Percentages are displayed by RivalsTracker to two decimal places and converted to ratios without further precision. sample_matches repeats the source Matches field for each metric row. hero_rank is the displayed table order (win rate descending); tier_label is source-provided. Platform, region, and sample_players are not stated by the source and are left empty."
mister-fantastic-s9-5-celestial-plus,mister-fantastic,Mister Fantastic,seasonalRankThreshold,9.5,competitive,celestial_plus,,,banRate,0.0011,ratio,5094,,rivalstracker,primary,https://rivalstracker.com/heroes/mister-fantastic,2026-08-25T14:02:59.000Z,2026-08-25T18:57:56.232Z,C,32,55,"Filters: Season 9.5, Competitive, Celestial+. Celestial+ is a seasonal rank-threshold population and is kept separate from the exact-rank benchmark and rolling Stats History. Percentages are displayed by RivalsTracker to two decimal places and converted to ratios without further precision. sample_matches repeats the source Matches field for each metric row. hero_rank is the displayed table order (win rate descending); tier_label is source-provided. Platform, region, and sample_players are not stated by the source and are left empty."
jubilee-s9-5-celestial-plus,jubilee,Jubilee,seasonalRankThreshold,9.5,competitive,celestial_plus,,,winRate,0.4889,ratio,26224,,rivalstracker,primary,https://rivalstracker.com/heroes/jubilee,2026-08-25T14:02:59.000Z,2026-08-25T18:57:56.232Z,B,33,55,"Filters: Season 9.5, Competitive, Celestial+. Celestial+ is a seasonal rank-threshold population and is kept separate from the exact-rank benchmark and rolling Stats History. Percentages are displayed by RivalsTracker to two decimal places and converted to ratios without further precision. sample_matches repeats the source Matches field for each metric row. hero_rank is the displayed table order (win rate descending); tier_label is source-provided. Platform, region, and sample_players are not stated by the source and are left empty."
jubilee-s9-5-celestial-plus,jubilee,Jubilee,seasonalRankThreshold,9.5,competitive,celestial_plus,,,pickRate,0.1744,ratio,26224,,rivalstracker,primary,https://rivalstracker.com/heroes/jubilee,2026-08-25T14:02:59.000Z,2026-08-25T18:57:56.232Z,B,33,55,"Filters: Season 9.5, Competitive, Celestial+. Celestial+ is a seasonal rank-threshold population and is kept separate from the exact-rank benchmark and rolling Stats History. Percentages are displayed by RivalsTracker to two decimal places and converted to ratios without further precision. sample_matches repeats the source Matches field for each metric row. hero_rank is the displayed table order (win rate descending); tier_label is source-provided. Platform, region, and sample_players are not stated by the source and are left empty."
jubilee-s9-5-celestial-plus,jubilee,Jubilee,seasonalRankThreshold,9.5,competitive,celestial_plus,,,banRate,0.0027,ratio,26224,,rivalstracker,primary,https://rivalstracker.com/heroes/jubilee,2026-08-25T14:02:59.000Z,2026-08-25T18:57:56.232Z,B,33,55,"Filters: Season 9.5, Competitive, Celestial+. Celestial+ is a seasonal rank-threshold population and is kept separate from the exact-rank benchmark and rolling Stats History. Percentages are displayed by RivalsTracker to two decimal places and converted to ratios without further precision. sample_matches repeats the source Matches field for each metric row. hero_rank is the displayed table order (win rate descending); tier_label is source-provided. Platform, region, and sample_players are not stated by the source and are left empty."
blade-s9-5-celestial-plus,blade,Blade,seasonalRankThreshold,9.5,competitive,celestial_plus,,,winRate,0.4870,ratio,4865,,rivalstracker,primary,https://rivalstracker.com/heroes/blade,2026-08-25T14:02:59.000Z,2026-08-25T18:57:56.232Z,C,34,55,"Filters: Season 9.5, Competitive, Celestial+. Celestial+ is a seasonal rank-threshold population and is kept separate from the exact-rank benchmark and rolling Stats History. Percentages are displayed by RivalsTracker to two decimal places and converted to ratios without further precision. sample_matches repeats the source Matches field for each metric row. hero_rank is the displayed table order (win rate descending); tier_label is source-provided. Platform, region, and sample_players are not stated by the source and are left empty."
blade-s9-5-celestial-plus,blade,Blade,seasonalRankThreshold,9.5,competitive,celestial_plus,,,pickRate,0.0324,ratio,4865,,rivalstracker,primary,https://rivalstracker.com/heroes/blade,2026-08-25T14:02:59.000Z,2026-08-25T18:57:56.232Z,C,34,55,"Filters: Season 9.5, Competitive, Celestial+. Celestial+ is a seasonal rank-threshold population and is kept separate from the exact-rank benchmark and rolling Stats History. Percentages are displayed by RivalsTracker to two decimal places and converted to ratios without further precision. sample_matches repeats the source Matches field for each metric row. hero_rank is the displayed table order (win rate descending); tier_label is source-provided. Platform, region, and sample_players are not stated by the source and are left empty."
blade-s9-5-celestial-plus,blade,Blade,seasonalRankThreshold,9.5,competitive,celestial_plus,,,banRate,0.0020,ratio,4865,,rivalstracker,primary,https://rivalstracker.com/heroes/blade,2026-08-25T14:02:59.000Z,2026-08-25T18:57:56.232Z,C,34,55,"Filters: Season 9.5, Competitive, Celestial+. Celestial+ is a seasonal rank-threshold population and is kept separate from the exact-rank benchmark and rolling Stats History. Percentages are displayed by RivalsTracker to two decimal places and converted to ratios without further precision. sample_matches repeats the source Matches field for each metric row. hero_rank is the displayed table order (win rate descending); tier_label is source-provided. Platform, region, and sample_players are not stated by the source and are left empty."
doctor-strange-s9-5-celestial-plus,doctor-strange,Doctor Strange,seasonalRankThreshold,9.5,competitive,celestial_plus,,,winRate,0.4784,ratio,19960,,rivalstracker,primary,https://rivalstracker.com/heroes/doctor-strange,2026-08-25T14:02:59.000Z,2026-08-25T18:57:56.232Z,B,35,55,"Filters: Season 9.5, Competitive, Celestial+. Celestial+ is a seasonal rank-threshold population and is kept separate from the exact-rank benchmark and rolling Stats History. Percentages are displayed by RivalsTracker to two decimal places and converted to ratios without further precision. sample_matches repeats the source Matches field for each metric row. hero_rank is the displayed table order (win rate descending); tier_label is source-provided. Platform, region, and sample_players are not stated by the source and are left empty."
doctor-strange-s9-5-celestial-plus,doctor-strange,Doctor Strange,seasonalRankThreshold,9.5,competitive,celestial_plus,,,pickRate,0.1327,ratio,19960,,rivalstracker,primary,https://rivalstracker.com/heroes/doctor-strange,2026-08-25T14:02:59.000Z,2026-08-25T18:57:56.232Z,B,35,55,"Filters: Season 9.5, Competitive, Celestial+. Celestial+ is a seasonal rank-threshold population and is kept separate from the exact-rank benchmark and rolling Stats History. Percentages are displayed by RivalsTracker to two decimal places and converted to ratios without further precision. sample_matches repeats the source Matches field for each metric row. hero_rank is the displayed table order (win rate descending); tier_label is source-provided. Platform, region, and sample_players are not stated by the source and are left empty."
doctor-strange-s9-5-celestial-plus,doctor-strange,Doctor Strange,seasonalRankThreshold,9.5,competitive,celestial_plus,,,banRate,0.0012,ratio,19960,,rivalstracker,primary,https://rivalstracker.com/heroes/doctor-strange,2026-08-25T14:02:59.000Z,2026-08-25T18:57:56.232Z,B,35,55,"Filters: Season 9.5, Competitive, Celestial+. Celestial+ is a seasonal rank-threshold population and is kept separate from the exact-rank benchmark and rolling Stats History. Percentages are displayed by RivalsTracker to two decimal places and converted to ratios without further precision. sample_matches repeats the source Matches field for each metric row. hero_rank is the displayed table order (win rate descending); tier_label is source-provided. Platform, region, and sample_players are not stated by the source and are left empty."
hawkeye-s9-5-celestial-plus,hawkeye,Hawkeye,seasonalRankThreshold,9.5,competitive,celestial_plus,,,winRate,0.4770,ratio,2389,,rivalstracker,primary,https://rivalstracker.com/heroes/hawkeye,2026-08-25T14:02:59.000Z,2026-08-25T18:57:56.232Z,C,36,55,"Filters: Season 9.5, Competitive, Celestial+. Celestial+ is a seasonal rank-threshold population and is kept separate from the exact-rank benchmark and rolling Stats History. Percentages are displayed by RivalsTracker to two decimal places and converted to ratios without further precision. sample_matches repeats the source Matches field for each metric row. hero_rank is the displayed table order (win rate descending); tier_label is source-provided. Platform, region, and sample_players are not stated by the source and are left empty."
hawkeye-s9-5-celestial-plus,hawkeye,Hawkeye,seasonalRankThreshold,9.5,competitive,celestial_plus,,,pickRate,0.0159,ratio,2389,,rivalstracker,primary,https://rivalstracker.com/heroes/hawkeye,2026-08-25T14:02:59.000Z,2026-08-25T18:57:56.232Z,C,36,55,"Filters: Season 9.5, Competitive, Celestial+. Celestial+ is a seasonal rank-threshold population and is kept separate from the exact-rank benchmark and rolling Stats History. Percentages are displayed by RivalsTracker to two decimal places and converted to ratios without further precision. sample_matches repeats the source Matches field for each metric row. hero_rank is the displayed table order (win rate descending); tier_label is source-provided. Platform, region, and sample_players are not stated by the source and are left empty."
hawkeye-s9-5-celestial-plus,hawkeye,Hawkeye,seasonalRankThreshold,9.5,competitive,celestial_plus,,,banRate,0.0016,ratio,2389,,rivalstracker,primary,https://rivalstracker.com/heroes/hawkeye,2026-08-25T14:02:59.000Z,2026-08-25T18:57:56.232Z,C,36,55,"Filters: Season 9.5, Competitive, Celestial+. Celestial+ is a seasonal rank-threshold population and is kept separate from the exact-rank benchmark and rolling Stats History. Percentages are displayed by RivalsTracker to two decimal places and converted to ratios without further precision. sample_matches repeats the source Matches field for each metric row. hero_rank is the displayed table order (win rate descending); tier_label is source-provided. Platform, region, and sample_players are not stated by the source and are left empty."
devil-dinosaur-s9-5-celestial-plus,devil-dinosaur,Devil Dinosaur,seasonalRankThreshold,9.5,competitive,celestial_plus,,,winRate,0.4747,ratio,5789,,rivalstracker,primary,https://rivalstracker.com/heroes/devil-dinosaur,2026-08-25T14:02:59.000Z,2026-08-25T18:57:56.232Z,C,37,55,"Filters: Season 9.5, Competitive, Celestial+. Celestial+ is a seasonal rank-threshold population and is kept separate from the exact-rank benchmark and rolling Stats History. Percentages are displayed by RivalsTracker to two decimal places and converted to ratios without further precision. sample_matches repeats the source Matches field for each metric row. hero_rank is the displayed table order (win rate descending); tier_label is source-provided. Platform, region, and sample_players are not stated by the source and are left empty."
devil-dinosaur-s9-5-celestial-plus,devil-dinosaur,Devil Dinosaur,seasonalRankThreshold,9.5,competitive,celestial_plus,,,pickRate,0.0385,ratio,5789,,rivalstracker,primary,https://rivalstracker.com/heroes/devil-dinosaur,2026-08-25T14:02:59.000Z,2026-08-25T18:57:56.232Z,C,37,55,"Filters: Season 9.5, Competitive, Celestial+. Celestial+ is a seasonal rank-threshold population and is kept separate from the exact-rank benchmark and rolling Stats History. Percentages are displayed by RivalsTracker to two decimal places and converted to ratios without further precision. sample_matches repeats the source Matches field for each metric row. hero_rank is the displayed table order (win rate descending); tier_label is source-provided. Platform, region, and sample_players are not stated by the source and are left empty."
devil-dinosaur-s9-5-celestial-plus,devil-dinosaur,Devil Dinosaur,seasonalRankThreshold,9.5,competitive,celestial_plus,,,banRate,0.0017,ratio,5789,,rivalstracker,primary,https://rivalstracker.com/heroes/devil-dinosaur,2026-08-25T14:02:59.000Z,2026-08-25T18:57:56.232Z,C,37,55,"Filters: Season 9.5, Competitive, Celestial+. Celestial+ is a seasonal rank-threshold population and is kept separate from the exact-rank benchmark and rolling Stats History. Percentages are displayed by RivalsTracker to two decimal places and converted to ratios without further precision. sample_matches repeats the source Matches field for each metric row. hero_rank is the displayed table order (win rate descending); tier_label is source-provided. Platform, region, and sample_players are not stated by the source and are left empty."
moon-knight-s9-5-celestial-plus,moon-knight,Moon Knight,seasonalRankThreshold,9.5,competitive,celestial_plus,,,winRate,0.4714,ratio,4044,,rivalstracker,primary,https://rivalstracker.com/heroes/moon-knight,2026-08-25T14:02:59.000Z,2026-08-25T18:57:56.232Z,C,38,55,"Filters: Season 9.5, Competitive, Celestial+. Celestial+ is a seasonal rank-threshold population and is kept separate from the exact-rank benchmark and rolling Stats History. Percentages are displayed by RivalsTracker to two decimal places and converted to ratios without further precision. sample_matches repeats the source Matches field for each metric row. hero_rank is the displayed table order (win rate descending); tier_label is source-provided. Platform, region, and sample_players are not stated by the source and are left empty."
moon-knight-s9-5-celestial-plus,moon-knight,Moon Knight,seasonalRankThreshold,9.5,competitive,celestial_plus,,,pickRate,0.0269,ratio,4044,,rivalstracker,primary,https://rivalstracker.com/heroes/moon-knight,2026-08-25T14:02:59.000Z,2026-08-25T18:57:56.232Z,C,38,55,"Filters: Season 9.5, Competitive, Celestial+. Celestial+ is a seasonal rank-threshold population and is kept separate from the exact-rank benchmark and rolling Stats History. Percentages are displayed by RivalsTracker to two decimal places and converted to ratios without further precision. sample_matches repeats the source Matches field for each metric row. hero_rank is the displayed table order (win rate descending); tier_label is source-provided. Platform, region, and sample_players are not stated by the source and are left empty."
moon-knight-s9-5-celestial-plus,moon-knight,Moon Knight,seasonalRankThreshold,9.5,competitive,celestial_plus,,,banRate,0.0010,ratio,4044,,rivalstracker,primary,https://rivalstracker.com/heroes/moon-knight,2026-08-25T14:02:59.000Z,2026-08-25T18:57:56.232Z,C,38,55,"Filters: Season 9.5, Competitive, Celestial+. Celestial+ is a seasonal rank-threshold population and is kept separate from the exact-rank benchmark and rolling Stats History. Percentages are displayed by RivalsTracker to two decimal places and converted to ratios without further precision. sample_matches repeats the source Matches field for each metric row. hero_rank is the displayed table order (win rate descending); tier_label is source-provided. Platform, region, and sample_players are not stated by the source and are left empty."
invisible-woman-s9-5-celestial-plus,invisible-woman,Invisible Woman,seasonalRankThreshold,9.5,competitive,celestial_plus,,,winRate,0.4700,ratio,47084,,rivalstracker,primary,https://rivalstracker.com/heroes/invisible-woman,2026-08-25T14:02:59.000Z,2026-08-25T18:57:56.232Z,B,39,55,"Filters: Season 9.5, Competitive, Celestial+. Celestial+ is a seasonal rank-threshold population and is kept separate from the exact-rank benchmark and rolling Stats History. Percentages are displayed by RivalsTracker to two decimal places and converted to ratios without further precision. sample_matches repeats the source Matches field for each metric row. hero_rank is the displayed table order (win rate descending); tier_label is source-provided. Platform, region, and sample_players are not stated by the source and are left empty."
invisible-woman-s9-5-celestial-plus,invisible-woman,Invisible Woman,seasonalRankThreshold,9.5,competitive,celestial_plus,,,pickRate,0.3131,ratio,47084,,rivalstracker,primary,https://rivalstracker.com/heroes/invisible-woman,2026-08-25T14:02:59.000Z,2026-08-25T18:57:56.232Z,B,39,55,"Filters: Season 9.5, Competitive, Celestial+. Celestial+ is a seasonal rank-threshold population and is kept separate from the exact-rank benchmark and rolling Stats History. Percentages are displayed by RivalsTracker to two decimal places and converted to ratios without further precision. sample_matches repeats the source Matches field for each metric row. hero_rank is the displayed table order (win rate descending); tier_label is source-provided. Platform, region, and sample_players are not stated by the source and are left empty."
invisible-woman-s9-5-celestial-plus,invisible-woman,Invisible Woman,seasonalRankThreshold,9.5,competitive,celestial_plus,,,banRate,0.0046,ratio,47084,,rivalstracker,primary,https://rivalstracker.com/heroes/invisible-woman,2026-08-25T14:02:59.000Z,2026-08-25T18:57:56.232Z,B,39,55,"Filters: Season 9.5, Competitive, Celestial+. Celestial+ is a seasonal rank-threshold population and is kept separate from the exact-rank benchmark and rolling Stats History. Percentages are displayed by RivalsTracker to two decimal places and converted to ratios without further precision. sample_matches repeats the source Matches field for each metric row. hero_rank is the displayed table order (win rate descending); tier_label is source-provided. Platform, region, and sample_players are not stated by the source and are left empty."
black-panther-s9-5-celestial-plus,black-panther,Black Panther,seasonalRankThreshold,9.5,competitive,celestial_plus,,,winRate,0.4688,ratio,5940,,rivalstracker,primary,https://rivalstracker.com/heroes/black-panther,2026-08-25T14:02:59.000Z,2026-08-25T18:57:56.232Z,C,40,55,"Filters: Season 9.5, Competitive, Celestial+. Celestial+ is a seasonal rank-threshold population and is kept separate from the exact-rank benchmark and rolling Stats History. Percentages are displayed by RivalsTracker to two decimal places and converted to ratios without further precision. sample_matches repeats the source Matches field for each metric row. hero_rank is the displayed table order (win rate descending); tier_label is source-provided. Platform, region, and sample_players are not stated by the source and are left empty."
black-panther-s9-5-celestial-plus,black-panther,Black Panther,seasonalRankThreshold,9.5,competitive,celestial_plus,,,pickRate,0.0395,ratio,5940,,rivalstracker,primary,https://rivalstracker.com/heroes/black-panther,2026-08-25T14:02:59.000Z,2026-08-25T18:57:56.232Z,C,40,55,"Filters: Season 9.5, Competitive, Celestial+. Celestial+ is a seasonal rank-threshold population and is kept separate from the exact-rank benchmark and rolling Stats History. Percentages are displayed by RivalsTracker to two decimal places and converted to ratios without further precision. sample_matches repeats the source Matches field for each metric row. hero_rank is the displayed table order (win rate descending); tier_label is source-provided. Platform, region, and sample_players are not stated by the source and are left empty."
black-panther-s9-5-celestial-plus,black-panther,Black Panther,seasonalRankThreshold,9.5,competitive,celestial_plus,,,banRate,0.0526,ratio,5940,,rivalstracker,primary,https://rivalstracker.com/heroes/black-panther,2026-08-25T14:02:59.000Z,2026-08-25T18:57:56.232Z,C,40,55,"Filters: Season 9.5, Competitive, Celestial+. Celestial+ is a seasonal rank-threshold population and is kept separate from the exact-rank benchmark and rolling Stats History. Percentages are displayed by RivalsTracker to two decimal places and converted to ratios without further precision. sample_matches repeats the source Matches field for each metric row. hero_rank is the displayed table order (win rate descending); tier_label is source-provided. Platform, region, and sample_players are not stated by the source and are left empty."
the-punisher-s9-5-celestial-plus,the-punisher,The Punisher,seasonalRankThreshold,9.5,competitive,celestial_plus,,,winRate,0.4680,ratio,14371,,rivalstracker,primary,https://rivalstracker.com/heroes/the-punisher,2026-08-25T14:02:59.000Z,2026-08-25T18:57:56.232Z,C,41,55,"Filters: Season 9.5, Competitive, Celestial+. Celestial+ is a seasonal rank-threshold population and is kept separate from the exact-rank benchmark and rolling Stats History. Percentages are displayed by RivalsTracker to two decimal places and converted to ratios without further precision. sample_matches repeats the source Matches field for each metric row. hero_rank is the displayed table order (win rate descending); tier_label is source-provided. Platform, region, and sample_players are not stated by the source and are left empty."
the-punisher-s9-5-celestial-plus,the-punisher,The Punisher,seasonalRankThreshold,9.5,competitive,celestial_plus,,,pickRate,0.0956,ratio,14371,,rivalstracker,primary,https://rivalstracker.com/heroes/the-punisher,2026-08-25T14:02:59.000Z,2026-08-25T18:57:56.232Z,C,41,55,"Filters: Season 9.5, Competitive, Celestial+. Celestial+ is a seasonal rank-threshold population and is kept separate from the exact-rank benchmark and rolling Stats History. Percentages are displayed by RivalsTracker to two decimal places and converted to ratios without further precision. sample_matches repeats the source Matches field for each metric row. hero_rank is the displayed table order (win rate descending); tier_label is source-provided. Platform, region, and sample_players are not stated by the source and are left empty."
the-punisher-s9-5-celestial-plus,the-punisher,The Punisher,seasonalRankThreshold,9.5,competitive,celestial_plus,,,banRate,0.0415,ratio,14371,,rivalstracker,primary,https://rivalstracker.com/heroes/the-punisher,2026-08-25T14:02:59.000Z,2026-08-25T18:57:56.232Z,C,41,55,"Filters: Season 9.5, Competitive, Celestial+. Celestial+ is a seasonal rank-threshold population and is kept separate from the exact-rank benchmark and rolling Stats History. Percentages are displayed by RivalsTracker to two decimal places and converted to ratios without further precision. sample_matches repeats the source Matches field for each metric row. hero_rank is the displayed table order (win rate descending); tier_label is source-provided. Platform, region, and sample_players are not stated by the source and are left empty."
deadpool-duelist-s9-5-celestial-plus,deadpool-duelist,Deadpool (Duelist),seasonalRankThreshold,9.5,competitive,celestial_plus,,,winRate,0.4669,ratio,4758,,rivalstracker,primary,https://rivalstracker.com/heroes/deadpool-duelist,2026-08-25T14:02:59.000Z,2026-08-25T18:57:56.232Z,C,42,55,"Filters: Season 9.5, Competitive, Celestial+. Celestial+ is a seasonal rank-threshold population and is kept separate from the exact-rank benchmark and rolling Stats History. Percentages are displayed by RivalsTracker to two decimal places and converted to ratios without further precision. sample_matches repeats the source Matches field for each metric row. hero_rank is the displayed table order (win rate descending); tier_label is source-provided. Platform, region, and sample_players are not stated by the source and are left empty."
deadpool-duelist-s9-5-celestial-plus,deadpool-duelist,Deadpool (Duelist),seasonalRankThreshold,9.5,competitive,celestial_plus,,,pickRate,0.0316,ratio,4758,,rivalstracker,primary,https://rivalstracker.com/heroes/deadpool-duelist,2026-08-25T14:02:59.000Z,2026-08-25T18:57:56.232Z,C,42,55,"Filters: Season 9.5, Competitive, Celestial+. Celestial+ is a seasonal rank-threshold population and is kept separate from the exact-rank benchmark and rolling Stats History. Percentages are displayed by RivalsTracker to two decimal places and converted to ratios without further precision. sample_matches repeats the source Matches field for each metric row. hero_rank is the displayed table order (win rate descending); tier_label is source-provided. Platform, region, and sample_players are not stated by the source and are left empty."
deadpool-duelist-s9-5-celestial-plus,deadpool-duelist,Deadpool (Duelist),seasonalRankThreshold,9.5,competitive,celestial_plus,,,banRate,0.0074,ratio,4758,,rivalstracker,primary,https://rivalstracker.com/heroes/deadpool-duelist,2026-08-25T14:02:59.000Z,2026-08-25T18:57:56.232Z,C,42,55,"Filters: Season 9.5, Competitive, Celestial+. Celestial+ is a seasonal rank-threshold population and is kept separate from the exact-rank benchmark and rolling Stats History. Percentages are displayed by RivalsTracker to two decimal places and converted to ratios without further precision. sample_matches repeats the source Matches field for each metric row. hero_rank is the displayed table order (win rate descending); tier_label is source-provided. Platform, region, and sample_players are not stated by the source and are left empty."
winter-soldier-s9-5-celestial-plus,winter-soldier,Winter Soldier,seasonalRankThreshold,9.5,competitive,celestial_plus,,,winRate,0.4652,ratio,49270,,rivalstracker,primary,https://rivalstracker.com/heroes/winter-soldier,2026-08-25T14:02:59.000Z,2026-08-25T18:57:56.232Z,B,43,55,"Filters: Season 9.5, Competitive, Celestial+. Celestial+ is a seasonal rank-threshold population and is kept separate from the exact-rank benchmark and rolling Stats History. Percentages are displayed by RivalsTracker to two decimal places and converted to ratios without further precision. sample_matches repeats the source Matches field for each metric row. hero_rank is the displayed table order (win rate descending); tier_label is source-provided. Platform, region, and sample_players are not stated by the source and are left empty."
winter-soldier-s9-5-celestial-plus,winter-soldier,Winter Soldier,seasonalRankThreshold,9.5,competitive,celestial_plus,,,pickRate,0.3277,ratio,49270,,rivalstracker,primary,https://rivalstracker.com/heroes/winter-soldier,2026-08-25T14:02:59.000Z,2026-08-25T18:57:56.232Z,B,43,55,"Filters: Season 9.5, Competitive, Celestial+. Celestial+ is a seasonal rank-threshold population and is kept separate from the exact-rank benchmark and rolling Stats History. Percentages are displayed by RivalsTracker to two decimal places and converted to ratios without further precision. sample_matches repeats the source Matches field for each metric row. hero_rank is the displayed table order (win rate descending); tier_label is source-provided. Platform, region, and sample_players are not stated by the source and are left empty."
winter-soldier-s9-5-celestial-plus,winter-soldier,Winter Soldier,seasonalRankThreshold,9.5,competitive,celestial_plus,,,banRate,0.0961,ratio,49270,,rivalstracker,primary,https://rivalstracker.com/heroes/winter-soldier,2026-08-25T14:02:59.000Z,2026-08-25T18:57:56.232Z,B,43,55,"Filters: Season 9.5, Competitive, Celestial+. Celestial+ is a seasonal rank-threshold population and is kept separate from the exact-rank benchmark and rolling Stats History. Percentages are displayed by RivalsTracker to two decimal places and converted to ratios without further precision. sample_matches repeats the source Matches field for each metric row. hero_rank is the displayed table order (win rate descending); tier_label is source-provided. Platform, region, and sample_players are not stated by the source and are left empty."
cloak-and-dagger-s9-5-celestial-plus,cloak-and-dagger,Cloak & Dagger,seasonalRankThreshold,9.5,competitive,celestial_plus,,,winRate,0.4643,ratio,51765,,rivalstracker,primary,https://rivalstracker.com/heroes/cloak-&-dagger,2026-08-25T14:02:59.000Z,2026-08-25T18:57:56.232Z,B,44,55,"Filters: Season 9.5, Competitive, Celestial+. Celestial+ is a seasonal rank-threshold population and is kept separate from the exact-rank benchmark and rolling Stats History. Percentages are displayed by RivalsTracker to two decimal places and converted to ratios without further precision. sample_matches repeats the source Matches field for each metric row. hero_rank is the displayed table order (win rate descending); tier_label is source-provided. Platform, region, and sample_players are not stated by the source and are left empty."
cloak-and-dagger-s9-5-celestial-plus,cloak-and-dagger,Cloak & Dagger,seasonalRankThreshold,9.5,competitive,celestial_plus,,,pickRate,0.3443,ratio,51765,,rivalstracker,primary,https://rivalstracker.com/heroes/cloak-&-dagger,2026-08-25T14:02:59.000Z,2026-08-25T18:57:56.232Z,B,44,55,"Filters: Season 9.5, Competitive, Celestial+. Celestial+ is a seasonal rank-threshold population and is kept separate from the exact-rank benchmark and rolling Stats History. Percentages are displayed by RivalsTracker to two decimal places and converted to ratios without further precision. sample_matches repeats the source Matches field for each metric row. hero_rank is the displayed table order (win rate descending); tier_label is source-provided. Platform, region, and sample_players are not stated by the source and are left empty."
cloak-and-dagger-s9-5-celestial-plus,cloak-and-dagger,Cloak & Dagger,seasonalRankThreshold,9.5,competitive,celestial_plus,,,banRate,0.1446,ratio,51765,,rivalstracker,primary,https://rivalstracker.com/heroes/cloak-&-dagger,2026-08-25T14:02:59.000Z,2026-08-25T18:57:56.232Z,B,44,55,"Filters: Season 9.5, Competitive, Celestial+. Celestial+ is a seasonal rank-threshold population and is kept separate from the exact-rank benchmark and rolling Stats History. Percentages are displayed by RivalsTracker to two decimal places and converted to ratios without further precision. sample_matches repeats the source Matches field for each metric row. hero_rank is the displayed table order (win rate descending); tier_label is source-provided. Platform, region, and sample_players are not stated by the source and are left empty."
jeff-the-land-shark-s9-5-celestial-plus,jeff-the-land-shark,Jeff The Land Shark,seasonalRankThreshold,9.5,competitive,celestial_plus,,,winRate,0.4564,ratio,6924,,rivalstracker,primary,https://rivalstracker.com/heroes/jeff-the-land-shark,2026-08-25T14:02:59.000Z,2026-08-25T18:57:56.232Z,C,45,55,"Filters: Season 9.5, Competitive, Celestial+. Celestial+ is a seasonal rank-threshold population and is kept separate from the exact-rank benchmark and rolling Stats History. Percentages are displayed by RivalsTracker to two decimal places and converted to ratios without further precision. sample_matches repeats the source Matches field for each metric row. hero_rank is the displayed table order (win rate descending); tier_label is source-provided. Platform, region, and sample_players are not stated by the source and are left empty."
jeff-the-land-shark-s9-5-celestial-plus,jeff-the-land-shark,Jeff The Land Shark,seasonalRankThreshold,9.5,competitive,celestial_plus,,,pickRate,0.0461,ratio,6924,,rivalstracker,primary,https://rivalstracker.com/heroes/jeff-the-land-shark,2026-08-25T14:02:59.000Z,2026-08-25T18:57:56.232Z,C,45,55,"Filters: Season 9.5, Competitive, Celestial+. Celestial+ is a seasonal rank-threshold population and is kept separate from the exact-rank benchmark and rolling Stats History. Percentages are displayed by RivalsTracker to two decimal places and converted to ratios without further precision. sample_matches repeats the source Matches field for each metric row. hero_rank is the displayed table order (win rate descending); tier_label is source-provided. Platform, region, and sample_players are not stated by the source and are left empty."
jeff-the-land-shark-s9-5-celestial-plus,jeff-the-land-shark,Jeff The Land Shark,seasonalRankThreshold,9.5,competitive,celestial_plus,,,banRate,0.0017,ratio,6924,,rivalstracker,primary,https://rivalstracker.com/heroes/jeff-the-land-shark,2026-08-25T14:02:59.000Z,2026-08-25T18:57:56.232Z,C,45,55,"Filters: Season 9.5, Competitive, Celestial+. Celestial+ is a seasonal rank-threshold population and is kept separate from the exact-rank benchmark and rolling Stats History. Percentages are displayed by RivalsTracker to two decimal places and converted to ratios without further precision. sample_matches repeats the source Matches field for each metric row. hero_rank is the displayed table order (win rate descending); tier_label is source-provided. Platform, region, and sample_players are not stated by the source and are left empty."
emma-frost-s9-5-celestial-plus,emma-frost,Emma Frost,seasonalRankThreshold,9.5,competitive,celestial_plus,,,winRate,0.4526,ratio,29229,,rivalstracker,primary,https://rivalstracker.com/heroes/emma-frost,2026-08-25T14:02:59.000Z,2026-08-25T18:57:56.232Z,C,46,55,"Filters: Season 9.5, Competitive, Celestial+. Celestial+ is a seasonal rank-threshold population and is kept separate from the exact-rank benchmark and rolling Stats History. Percentages are displayed by RivalsTracker to two decimal places and converted to ratios without further precision. sample_matches repeats the source Matches field for each metric row. hero_rank is the displayed table order (win rate descending); tier_label is source-provided. Platform, region, and sample_players are not stated by the source and are left empty."
emma-frost-s9-5-celestial-plus,emma-frost,Emma Frost,seasonalRankThreshold,9.5,competitive,celestial_plus,,,pickRate,0.1944,ratio,29229,,rivalstracker,primary,https://rivalstracker.com/heroes/emma-frost,2026-08-25T14:02:59.000Z,2026-08-25T18:57:56.232Z,C,46,55,"Filters: Season 9.5, Competitive, Celestial+. Celestial+ is a seasonal rank-threshold population and is kept separate from the exact-rank benchmark and rolling Stats History. Percentages are displayed by RivalsTracker to two decimal places and converted to ratios without further precision. sample_matches repeats the source Matches field for each metric row. hero_rank is the displayed table order (win rate descending); tier_label is source-provided. Platform, region, and sample_players are not stated by the source and are left empty."
emma-frost-s9-5-celestial-plus,emma-frost,Emma Frost,seasonalRankThreshold,9.5,competitive,celestial_plus,,,banRate,0.0112,ratio,29229,,rivalstracker,primary,https://rivalstracker.com/heroes/emma-frost,2026-08-25T14:02:59.000Z,2026-08-25T18:57:56.232Z,C,46,55,"Filters: Season 9.5, Competitive, Celestial+. Celestial+ is a seasonal rank-threshold population and is kept separate from the exact-rank benchmark and rolling Stats History. Percentages are displayed by RivalsTracker to two decimal places and converted to ratios without further precision. sample_matches repeats the source Matches field for each metric row. hero_rank is the displayed table order (win rate descending); tier_label is source-provided. Platform, region, and sample_players are not stated by the source and are left empty."
luna-snow-s9-5-celestial-plus,luna-snow,Luna Snow,seasonalRankThreshold,9.5,competitive,celestial_plus,,,winRate,0.4457,ratio,36577,,rivalstracker,primary,https://rivalstracker.com/heroes/luna-snow,2026-08-25T14:02:59.000Z,2026-08-25T18:57:56.232Z,C,47,55,"Filters: Season 9.5, Competitive, Celestial+. Celestial+ is a seasonal rank-threshold population and is kept separate from the exact-rank benchmark and rolling Stats History. Percentages are displayed by RivalsTracker to two decimal places and converted to ratios without further precision. sample_matches repeats the source Matches field for each metric row. hero_rank is the displayed table order (win rate descending); tier_label is source-provided. Platform, region, and sample_players are not stated by the source and are left empty."
luna-snow-s9-5-celestial-plus,luna-snow,Luna Snow,seasonalRankThreshold,9.5,competitive,celestial_plus,,,pickRate,0.2433,ratio,36577,,rivalstracker,primary,https://rivalstracker.com/heroes/luna-snow,2026-08-25T14:02:59.000Z,2026-08-25T18:57:56.232Z,C,47,55,"Filters: Season 9.5, Competitive, Celestial+. Celestial+ is a seasonal rank-threshold population and is kept separate from the exact-rank benchmark and rolling Stats History. Percentages are displayed by RivalsTracker to two decimal places and converted to ratios without further precision. sample_matches repeats the source Matches field for each metric row. hero_rank is the displayed table order (win rate descending); tier_label is source-provided. Platform, region, and sample_players are not stated by the source and are left empty."
luna-snow-s9-5-celestial-plus,luna-snow,Luna Snow,seasonalRankThreshold,9.5,competitive,celestial_plus,,,banRate,0.0027,ratio,36577,,rivalstracker,primary,https://rivalstracker.com/heroes/luna-snow,2026-08-25T14:02:59.000Z,2026-08-25T18:57:56.232Z,C,47,55,"Filters: Season 9.5, Competitive, Celestial+. Celestial+ is a seasonal rank-threshold population and is kept separate from the exact-rank benchmark and rolling Stats History. Percentages are displayed by RivalsTracker to two decimal places and converted to ratios without further precision. sample_matches repeats the source Matches field for each metric row. hero_rank is the displayed table order (win rate descending); tier_label is source-provided. Platform, region, and sample_players are not stated by the source and are left empty."
scarlet-witch-s9-5-celestial-plus,scarlet-witch,Scarlet Witch,seasonalRankThreshold,9.5,competitive,celestial_plus,,,winRate,0.4278,ratio,2121,,rivalstracker,primary,https://rivalstracker.com/heroes/scarlet-witch,2026-08-25T14:02:59.000Z,2026-08-25T18:57:56.232Z,D,48,55,"Filters: Season 9.5, Competitive, Celestial+. Celestial+ is a seasonal rank-threshold population and is kept separate from the exact-rank benchmark and rolling Stats History. Percentages are displayed by RivalsTracker to two decimal places and converted to ratios without further precision. sample_matches repeats the source Matches field for each metric row. hero_rank is the displayed table order (win rate descending); tier_label is source-provided. Platform, region, and sample_players are not stated by the source and are left empty."
scarlet-witch-s9-5-celestial-plus,scarlet-witch,Scarlet Witch,seasonalRankThreshold,9.5,competitive,celestial_plus,,,pickRate,0.0141,ratio,2121,,rivalstracker,primary,https://rivalstracker.com/heroes/scarlet-witch,2026-08-25T14:02:59.000Z,2026-08-25T18:57:56.232Z,D,48,55,"Filters: Season 9.5, Competitive, Celestial+. Celestial+ is a seasonal rank-threshold population and is kept separate from the exact-rank benchmark and rolling Stats History. Percentages are displayed by RivalsTracker to two decimal places and converted to ratios without further precision. sample_matches repeats the source Matches field for each metric row. hero_rank is the displayed table order (win rate descending); tier_label is source-provided. Platform, region, and sample_players are not stated by the source and are left empty."
scarlet-witch-s9-5-celestial-plus,scarlet-witch,Scarlet Witch,seasonalRankThreshold,9.5,competitive,celestial_plus,,,banRate,0.0006,ratio,2121,,rivalstracker,primary,https://rivalstracker.com/heroes/scarlet-witch,2026-08-25T14:02:59.000Z,2026-08-25T18:57:56.232Z,D,48,55,"Filters: Season 9.5, Competitive, Celestial+. Celestial+ is a seasonal rank-threshold population and is kept separate from the exact-rank benchmark and rolling Stats History. Percentages are displayed by RivalsTracker to two decimal places and converted to ratios without further precision. sample_matches repeats the source Matches field for each metric row. hero_rank is the displayed table order (win rate descending); tier_label is source-provided. Platform, region, and sample_players are not stated by the source and are left empty."
cyclops-s9-5-celestial-plus,cyclops,Cyclops,seasonalRankThreshold,9.5,competitive,celestial_plus,,,winRate,0.4265,ratio,12635,,rivalstracker,primary,https://rivalstracker.com/heroes/cyclops,2026-08-25T14:02:59.000Z,2026-08-25T18:57:56.232Z,C,49,55,"Filters: Season 9.5, Competitive, Celestial+. Celestial+ is a seasonal rank-threshold population and is kept separate from the exact-rank benchmark and rolling Stats History. Percentages are displayed by RivalsTracker to two decimal places and converted to ratios without further precision. sample_matches repeats the source Matches field for each metric row. hero_rank is the displayed table order (win rate descending); tier_label is source-provided. Platform, region, and sample_players are not stated by the source and are left empty."
cyclops-s9-5-celestial-plus,cyclops,Cyclops,seasonalRankThreshold,9.5,competitive,celestial_plus,,,pickRate,0.0840,ratio,12635,,rivalstracker,primary,https://rivalstracker.com/heroes/cyclops,2026-08-25T14:02:59.000Z,2026-08-25T18:57:56.232Z,C,49,55,"Filters: Season 9.5, Competitive, Celestial+. Celestial+ is a seasonal rank-threshold population and is kept separate from the exact-rank benchmark and rolling Stats History. Percentages are displayed by RivalsTracker to two decimal places and converted to ratios without further precision. sample_matches repeats the source Matches field for each metric row. hero_rank is the displayed table order (win rate descending); tier_label is source-provided. Platform, region, and sample_players are not stated by the source and are left empty."
cyclops-s9-5-celestial-plus,cyclops,Cyclops,seasonalRankThreshold,9.5,competitive,celestial_plus,,,banRate,0.0045,ratio,12635,,rivalstracker,primary,https://rivalstracker.com/heroes/cyclops,2026-08-25T14:02:59.000Z,2026-08-25T18:57:56.232Z,C,49,55,"Filters: Season 9.5, Competitive, Celestial+. Celestial+ is a seasonal rank-threshold population and is kept separate from the exact-rank benchmark and rolling Stats History. Percentages are displayed by RivalsTracker to two decimal places and converted to ratios without further precision. sample_matches repeats the source Matches field for each metric row. hero_rank is the displayed table order (win rate descending); tier_label is source-provided. Platform, region, and sample_players are not stated by the source and are left empty."
phoenix-s9-5-celestial-plus,phoenix,Phoenix,seasonalRankThreshold,9.5,competitive,celestial_plus,,,winRate,0.4217,ratio,6145,,rivalstracker,primary,https://rivalstracker.com/heroes/phoenix,2026-08-25T14:02:59.000Z,2026-08-25T18:57:56.232Z,D,50,55,"Filters: Season 9.5, Competitive, Celestial+. Celestial+ is a seasonal rank-threshold population and is kept separate from the exact-rank benchmark and rolling Stats History. Percentages are displayed by RivalsTracker to two decimal places and converted to ratios without further precision. sample_matches repeats the source Matches field for each metric row. hero_rank is the displayed table order (win rate descending); tier_label is source-provided. Platform, region, and sample_players are not stated by the source and are left empty."
phoenix-s9-5-celestial-plus,phoenix,Phoenix,seasonalRankThreshold,9.5,competitive,celestial_plus,,,pickRate,0.0409,ratio,6145,,rivalstracker,primary,https://rivalstracker.com/heroes/phoenix,2026-08-25T14:02:59.000Z,2026-08-25T18:57:56.232Z,D,50,55,"Filters: Season 9.5, Competitive, Celestial+. Celestial+ is a seasonal rank-threshold population and is kept separate from the exact-rank benchmark and rolling Stats History. Percentages are displayed by RivalsTracker to two decimal places and converted to ratios without further precision. sample_matches repeats the source Matches field for each metric row. hero_rank is the displayed table order (win rate descending); tier_label is source-provided. Platform, region, and sample_players are not stated by the source and are left empty."
phoenix-s9-5-celestial-plus,phoenix,Phoenix,seasonalRankThreshold,9.5,competitive,celestial_plus,,,banRate,0.0070,ratio,6145,,rivalstracker,primary,https://rivalstracker.com/heroes/phoenix,2026-08-25T14:02:59.000Z,2026-08-25T18:57:56.232Z,D,50,55,"Filters: Season 9.5, Competitive, Celestial+. Celestial+ is a seasonal rank-threshold population and is kept separate from the exact-rank benchmark and rolling Stats History. Percentages are displayed by RivalsTracker to two decimal places and converted to ratios without further precision. sample_matches repeats the source Matches field for each metric row. hero_rank is the displayed table order (win rate descending); tier_label is source-provided. Platform, region, and sample_players are not stated by the source and are left empty."
deadpool-vanguard-s9-5-celestial-plus,deadpool-vanguard,Deadpool (Vanguard),seasonalRankThreshold,9.5,competitive,celestial_plus,,,winRate,0.4216,ratio,2687,,rivalstracker,primary,https://rivalstracker.com/heroes/deadpool-vanguard,2026-08-25T14:02:59.000Z,2026-08-25T18:57:56.232Z,D,51,55,"Filters: Season 9.5, Competitive, Celestial+. Celestial+ is a seasonal rank-threshold population and is kept separate from the exact-rank benchmark and rolling Stats History. Percentages are displayed by RivalsTracker to two decimal places and converted to ratios without further precision. sample_matches repeats the source Matches field for each metric row. hero_rank is the displayed table order (win rate descending); tier_label is source-provided. Platform, region, and sample_players are not stated by the source and are left empty."
deadpool-vanguard-s9-5-celestial-plus,deadpool-vanguard,Deadpool (Vanguard),seasonalRankThreshold,9.5,competitive,celestial_plus,,,pickRate,0.0179,ratio,2687,,rivalstracker,primary,https://rivalstracker.com/heroes/deadpool-vanguard,2026-08-25T14:02:59.000Z,2026-08-25T18:57:56.232Z,D,51,55,"Filters: Season 9.5, Competitive, Celestial+. Celestial+ is a seasonal rank-threshold population and is kept separate from the exact-rank benchmark and rolling Stats History. Percentages are displayed by RivalsTracker to two decimal places and converted to ratios without further precision. sample_matches repeats the source Matches field for each metric row. hero_rank is the displayed table order (win rate descending); tier_label is source-provided. Platform, region, and sample_players are not stated by the source and are left empty."
deadpool-vanguard-s9-5-celestial-plus,deadpool-vanguard,Deadpool (Vanguard),seasonalRankThreshold,9.5,competitive,celestial_plus,,,banRate,0.0003,ratio,2687,,rivalstracker,primary,https://rivalstracker.com/heroes/deadpool-vanguard,2026-08-25T14:02:59.000Z,2026-08-25T18:57:56.232Z,D,51,55,"Filters: Season 9.5, Competitive, Celestial+. Celestial+ is a seasonal rank-threshold population and is kept separate from the exact-rank benchmark and rolling Stats History. Percentages are displayed by RivalsTracker to two decimal places and converted to ratios without further precision. sample_matches repeats the source Matches field for each metric row. hero_rank is the displayed table order (win rate descending); tier_label is source-provided. Platform, region, and sample_players are not stated by the source and are left empty."
namor-s9-5-celestial-plus,namor,Namor,seasonalRankThreshold,9.5,competitive,celestial_plus,,,winRate,0.4201,ratio,12787,,rivalstracker,primary,https://rivalstracker.com/heroes/namor,2026-08-25T14:02:59.000Z,2026-08-25T18:57:56.232Z,C,52,55,"Filters: Season 9.5, Competitive, Celestial+. Celestial+ is a seasonal rank-threshold population and is kept separate from the exact-rank benchmark and rolling Stats History. Percentages are displayed by RivalsTracker to two decimal places and converted to ratios without further precision. sample_matches repeats the source Matches field for each metric row. hero_rank is the displayed table order (win rate descending); tier_label is source-provided. Platform, region, and sample_players are not stated by the source and are left empty."
namor-s9-5-celestial-plus,namor,Namor,seasonalRankThreshold,9.5,competitive,celestial_plus,,,pickRate,0.0850,ratio,12787,,rivalstracker,primary,https://rivalstracker.com/heroes/namor,2026-08-25T14:02:59.000Z,2026-08-25T18:57:56.232Z,C,52,55,"Filters: Season 9.5, Competitive, Celestial+. Celestial+ is a seasonal rank-threshold population and is kept separate from the exact-rank benchmark and rolling Stats History. Percentages are displayed by RivalsTracker to two decimal places and converted to ratios without further precision. sample_matches repeats the source Matches field for each metric row. hero_rank is the displayed table order (win rate descending); tier_label is source-provided. Platform, region, and sample_players are not stated by the source and are left empty."
namor-s9-5-celestial-plus,namor,Namor,seasonalRankThreshold,9.5,competitive,celestial_plus,,,banRate,0.0385,ratio,12787,,rivalstracker,primary,https://rivalstracker.com/heroes/namor,2026-08-25T14:02:59.000Z,2026-08-25T18:57:56.232Z,C,52,55,"Filters: Season 9.5, Competitive, Celestial+. Celestial+ is a seasonal rank-threshold population and is kept separate from the exact-rank benchmark and rolling Stats History. Percentages are displayed by RivalsTracker to two decimal places and converted to ratios without further precision. sample_matches repeats the source Matches field for each metric row. hero_rank is the displayed table order (win rate descending); tier_label is source-provided. Platform, region, and sample_players are not stated by the source and are left empty."
white-fox-s9-5-celestial-plus,white-fox,White Fox,seasonalRankThreshold,9.5,competitive,celestial_plus,,,winRate,0.4159,ratio,10560,,rivalstracker,primary,https://rivalstracker.com/heroes/white-fox,2026-08-25T14:02:59.000Z,2026-08-25T18:57:56.232Z,D,53,55,"Filters: Season 9.5, Competitive, Celestial+. Celestial+ is a seasonal rank-threshold population and is kept separate from the exact-rank benchmark and rolling Stats History. Percentages are displayed by RivalsTracker to two decimal places and converted to ratios without further precision. sample_matches repeats the source Matches field for each metric row. hero_rank is the displayed table order (win rate descending); tier_label is source-provided. Platform, region, and sample_players are not stated by the source and are left empty."
white-fox-s9-5-celestial-plus,white-fox,White Fox,seasonalRankThreshold,9.5,competitive,celestial_plus,,,pickRate,0.0702,ratio,10560,,rivalstracker,primary,https://rivalstracker.com/heroes/white-fox,2026-08-25T14:02:59.000Z,2026-08-25T18:57:56.232Z,D,53,55,"Filters: Season 9.5, Competitive, Celestial+. Celestial+ is a seasonal rank-threshold population and is kept separate from the exact-rank benchmark and rolling Stats History. Percentages are displayed by RivalsTracker to two decimal places and converted to ratios without further precision. sample_matches repeats the source Matches field for each metric row. hero_rank is the displayed table order (win rate descending); tier_label is source-provided. Platform, region, and sample_players are not stated by the source and are left empty."
white-fox-s9-5-celestial-plus,white-fox,White Fox,seasonalRankThreshold,9.5,competitive,celestial_plus,,,banRate,0.0006,ratio,10560,,rivalstracker,primary,https://rivalstracker.com/heroes/white-fox,2026-08-25T14:02:59.000Z,2026-08-25T18:57:56.232Z,D,53,55,"Filters: Season 9.5, Competitive, Celestial+. Celestial+ is a seasonal rank-threshold population and is kept separate from the exact-rank benchmark and rolling Stats History. Percentages are displayed by RivalsTracker to two decimal places and converted to ratios without further precision. sample_matches repeats the source Matches field for each metric row. hero_rank is the displayed table order (win rate descending); tier_label is source-provided. Platform, region, and sample_players are not stated by the source and are left empty."
deadpool-strategist-s9-5-celestial-plus,deadpool-strategist,Deadpool (Strategist),seasonalRankThreshold,9.5,competitive,celestial_plus,,,winRate,0.3957,ratio,5766,,rivalstracker,primary,https://rivalstracker.com/heroes/deadpool-strategist,2026-08-25T14:02:59.000Z,2026-08-25T18:57:56.232Z,D,54,55,"Filters: Season 9.5, Competitive, Celestial+. Celestial+ is a seasonal rank-threshold population and is kept separate from the exact-rank benchmark and rolling Stats History. Percentages are displayed by RivalsTracker to two decimal places and converted to ratios without further precision. sample_matches repeats the source Matches field for each metric row. hero_rank is the displayed table order (win rate descending); tier_label is source-provided. Platform, region, and sample_players are not stated by the source and are left empty."
deadpool-strategist-s9-5-celestial-plus,deadpool-strategist,Deadpool (Strategist),seasonalRankThreshold,9.5,competitive,celestial_plus,,,pickRate,0.0383,ratio,5766,,rivalstracker,primary,https://rivalstracker.com/heroes/deadpool-strategist,2026-08-25T14:02:59.000Z,2026-08-25T18:57:56.232Z,D,54,55,"Filters: Season 9.5, Competitive, Celestial+. Celestial+ is a seasonal rank-threshold population and is kept separate from the exact-rank benchmark and rolling Stats History. Percentages are displayed by RivalsTracker to two decimal places and converted to ratios without further precision. sample_matches repeats the source Matches field for each metric row. hero_rank is the displayed table order (win rate descending); tier_label is source-provided. Platform, region, and sample_players are not stated by the source and are left empty."
deadpool-strategist-s9-5-celestial-plus,deadpool-strategist,Deadpool (Strategist),seasonalRankThreshold,9.5,competitive,celestial_plus,,,banRate,0.0003,ratio,5766,,rivalstracker,primary,https://rivalstracker.com/heroes/deadpool-strategist,2026-08-25T14:02:59.000Z,2026-08-25T18:57:56.232Z,D,54,55,"Filters: Season 9.5, Competitive, Celestial+. Celestial+ is a seasonal rank-threshold population and is kept separate from the exact-rank benchmark and rolling Stats History. Percentages are displayed by RivalsTracker to two decimal places and converted to ratios without further precision. sample_matches repeats the source Matches field for each metric row. hero_rank is the displayed table order (win rate descending); tier_label is source-provided. Platform, region, and sample_players are not stated by the source and are left empty."
squirrel-girl-s9-5-celestial-plus,squirrel-girl,Squirrel Girl,seasonalRankThreshold,9.5,competitive,celestial_plus,,,winRate,0.3567,ratio,1575,,rivalstracker,primary,https://rivalstracker.com/heroes/squirrel-girl,2026-08-25T14:02:59.000Z,2026-08-25T18:57:56.232Z,D,55,55,"Filters: Season 9.5, Competitive, Celestial+. Celestial+ is a seasonal rank-threshold population and is kept separate from the exact-rank benchmark and rolling Stats History. Percentages are displayed by RivalsTracker to two decimal places and converted to ratios without further precision. sample_matches repeats the source Matches field for each metric row. hero_rank is the displayed table order (win rate descending); tier_label is source-provided. Platform, region, and sample_players are not stated by the source and are left empty."
squirrel-girl-s9-5-celestial-plus,squirrel-girl,Squirrel Girl,seasonalRankThreshold,9.5,competitive,celestial_plus,,,pickRate,0.0105,ratio,1575,,rivalstracker,primary,https://rivalstracker.com/heroes/squirrel-girl,2026-08-25T14:02:59.000Z,2026-08-25T18:57:56.232Z,D,55,55,"Filters: Season 9.5, Competitive, Celestial+. Celestial+ is a seasonal rank-threshold population and is kept separate from the exact-rank benchmark and rolling Stats History. Percentages are displayed by RivalsTracker to two decimal places and converted to ratios without further precision. sample_matches repeats the source Matches field for each metric row. hero_rank is the displayed table order (win rate descending); tier_label is source-provided. Platform, region, and sample_players are not stated by the source and are left empty."
squirrel-girl-s9-5-celestial-plus,squirrel-girl,Squirrel Girl,seasonalRankThreshold,9.5,competitive,celestial_plus,,,banRate,0.0007,ratio,1575,,rivalstracker,primary,https://rivalstracker.com/heroes/squirrel-girl,2026-08-25T14:02:59.000Z,2026-08-25T18:57:56.232Z,D,55,55,"Filters: Season 9.5, Competitive, Celestial+. Celestial+ is a seasonal rank-threshold population and is kept separate from the exact-rank benchmark and rolling Stats History. Percentages are displayed by RivalsTracker to two decimal places and converted to ratios without further precision. sample_matches repeats the source Matches field for each metric row. hero_rank is the displayed table order (win rate descending); tier_label is source-provided. Platform, region, and sample_players are not stated by the source and are left empty."
