benchmark_group_id,hero_id,hero_name,context_type,season,game_mode,rank_tier,platform,region,metric_name,average,unit,sample_matches,sample_players,source_id,source_role,source_url,source_updated_at,collected_at,tier_label,hero_rank,hero_pool_size,methodology_notes
peni-parker-s9-5-grandmaster-plus,peni-parker,Peni Parker,seasonalRankThreshold,9.5,competitive,grandmaster_plus,,,winRate,0.6560,ratio,13264,,rivalstracker,primary,https://rivalstracker.com/heroes/peni-parker,2026-08-25T14:02:59.000Z,2026-08-25T18:57:56.232Z,S,1,55,"Filters: Season 9.5, Competitive, Grandmaster+. Grandmaster+ is a seasonal rank-threshold population and is kept separate from the exact-rank benchmark and rolling Stats History. Percentages are displayed by RivalsTracker to two decimal places and converted to ratios without further precision. sample_matches repeats the source Matches field for each metric row. hero_rank is the displayed table order (win rate descending); tier_label is source-provided. Platform, region, and sample_players are not stated by the source and are left empty."
peni-parker-s9-5-grandmaster-plus,peni-parker,Peni Parker,seasonalRankThreshold,9.5,competitive,grandmaster_plus,,,pickRate,0.0255,ratio,13264,,rivalstracker,primary,https://rivalstracker.com/heroes/peni-parker,2026-08-25T14:02:59.000Z,2026-08-25T18:57:56.232Z,S,1,55,"Filters: Season 9.5, Competitive, Grandmaster+. Grandmaster+ is a seasonal rank-threshold population and is kept separate from the exact-rank benchmark and rolling Stats History. Percentages are displayed by RivalsTracker to two decimal places and converted to ratios without further precision. sample_matches repeats the source Matches field for each metric row. hero_rank is the displayed table order (win rate descending); tier_label is source-provided. Platform, region, and sample_players are not stated by the source and are left empty."
peni-parker-s9-5-grandmaster-plus,peni-parker,Peni Parker,seasonalRankThreshold,9.5,competitive,grandmaster_plus,,,banRate,0.1461,ratio,13264,,rivalstracker,primary,https://rivalstracker.com/heroes/peni-parker,2026-08-25T14:02:59.000Z,2026-08-25T18:57:56.232Z,S,1,55,"Filters: Season 9.5, Competitive, Grandmaster+. Grandmaster+ is a seasonal rank-threshold population and is kept separate from the exact-rank benchmark and rolling Stats History. Percentages are displayed by RivalsTracker to two decimal places and converted to ratios without further precision. sample_matches repeats the source Matches field for each metric row. hero_rank is the displayed table order (win rate descending); tier_label is source-provided. Platform, region, and sample_players are not stated by the source and are left empty."
mantis-s9-5-grandmaster-plus,mantis,Mantis,seasonalRankThreshold,9.5,competitive,grandmaster_plus,,,winRate,0.6153,ratio,92367,,rivalstracker,primary,https://rivalstracker.com/heroes/mantis,2026-08-25T14:02:59.000Z,2026-08-25T18:57:56.232Z,S,2,55,"Filters: Season 9.5, Competitive, Grandmaster+. Grandmaster+ is a seasonal rank-threshold population and is kept separate from the exact-rank benchmark and rolling Stats History. Percentages are displayed by RivalsTracker to two decimal places and converted to ratios without further precision. sample_matches repeats the source Matches field for each metric row. hero_rank is the displayed table order (win rate descending); tier_label is source-provided. Platform, region, and sample_players are not stated by the source and are left empty."
mantis-s9-5-grandmaster-plus,mantis,Mantis,seasonalRankThreshold,9.5,competitive,grandmaster_plus,,,pickRate,0.1776,ratio,92367,,rivalstracker,primary,https://rivalstracker.com/heroes/mantis,2026-08-25T14:02:59.000Z,2026-08-25T18:57:56.232Z,S,2,55,"Filters: Season 9.5, Competitive, Grandmaster+. Grandmaster+ is a seasonal rank-threshold population and is kept separate from the exact-rank benchmark and rolling Stats History. Percentages are displayed by RivalsTracker to two decimal places and converted to ratios without further precision. sample_matches repeats the source Matches field for each metric row. hero_rank is the displayed table order (win rate descending); tier_label is source-provided. Platform, region, and sample_players are not stated by the source and are left empty."
mantis-s9-5-grandmaster-plus,mantis,Mantis,seasonalRankThreshold,9.5,competitive,grandmaster_plus,,,banRate,0.0787,ratio,92367,,rivalstracker,primary,https://rivalstracker.com/heroes/mantis,2026-08-25T14:02:59.000Z,2026-08-25T18:57:56.232Z,S,2,55,"Filters: Season 9.5, Competitive, Grandmaster+. Grandmaster+ is a seasonal rank-threshold population and is kept separate from the exact-rank benchmark and rolling Stats History. Percentages are displayed by RivalsTracker to two decimal places and converted to ratios without further precision. sample_matches repeats the source Matches field for each metric row. hero_rank is the displayed table order (win rate descending); tier_label is source-provided. Platform, region, and sample_players are not stated by the source and are left empty."
magik-s9-5-grandmaster-plus,magik,Magik,seasonalRankThreshold,9.5,competitive,grandmaster_plus,,,winRate,0.5912,ratio,73359,,rivalstracker,primary,https://rivalstracker.com/heroes/magik,2026-08-25T14:02:59.000Z,2026-08-25T18:57:56.232Z,S,3,55,"Filters: Season 9.5, Competitive, Grandmaster+. Grandmaster+ is a seasonal rank-threshold population and is kept separate from the exact-rank benchmark and rolling Stats History. Percentages are displayed by RivalsTracker to two decimal places and converted to ratios without further precision. sample_matches repeats the source Matches field for each metric row. hero_rank is the displayed table order (win rate descending); tier_label is source-provided. Platform, region, and sample_players are not stated by the source and are left empty."
magik-s9-5-grandmaster-plus,magik,Magik,seasonalRankThreshold,9.5,competitive,grandmaster_plus,,,pickRate,0.1411,ratio,73359,,rivalstracker,primary,https://rivalstracker.com/heroes/magik,2026-08-25T14:02:59.000Z,2026-08-25T18:57:56.232Z,S,3,55,"Filters: Season 9.5, Competitive, Grandmaster+. Grandmaster+ is a seasonal rank-threshold population and is kept separate from the exact-rank benchmark and rolling Stats History. Percentages are displayed by RivalsTracker to two decimal places and converted to ratios without further precision. sample_matches repeats the source Matches field for each metric row. hero_rank is the displayed table order (win rate descending); tier_label is source-provided. Platform, region, and sample_players are not stated by the source and are left empty."
magik-s9-5-grandmaster-plus,magik,Magik,seasonalRankThreshold,9.5,competitive,grandmaster_plus,,,banRate,0.1098,ratio,73359,,rivalstracker,primary,https://rivalstracker.com/heroes/magik,2026-08-25T14:02:59.000Z,2026-08-25T18:57:56.232Z,S,3,55,"Filters: Season 9.5, Competitive, Grandmaster+. Grandmaster+ is a seasonal rank-threshold population and is kept separate from the exact-rank benchmark and rolling Stats History. Percentages are displayed by RivalsTracker to two decimal places and converted to ratios without further precision. sample_matches repeats the source Matches field for each metric row. hero_rank is the displayed table order (win rate descending); tier_label is source-provided. Platform, region, and sample_players are not stated by the source and are left empty."
black-cat-s9-5-grandmaster-plus,black-cat,Black Cat,seasonalRankThreshold,9.5,competitive,grandmaster_plus,,,winRate,0.5683,ratio,16526,,rivalstracker,primary,https://rivalstracker.com/heroes/black-cat,2026-08-25T14:02:59.000Z,2026-08-25T18:57:56.232Z,A,4,55,"Filters: Season 9.5, Competitive, Grandmaster+. Grandmaster+ is a seasonal rank-threshold population and is kept separate from the exact-rank benchmark and rolling Stats History. Percentages are displayed by RivalsTracker to two decimal places and converted to ratios without further precision. sample_matches repeats the source Matches field for each metric row. hero_rank is the displayed table order (win rate descending); tier_label is source-provided. Platform, region, and sample_players are not stated by the source and are left empty."
black-cat-s9-5-grandmaster-plus,black-cat,Black Cat,seasonalRankThreshold,9.5,competitive,grandmaster_plus,,,pickRate,0.0318,ratio,16526,,rivalstracker,primary,https://rivalstracker.com/heroes/black-cat,2026-08-25T14:02:59.000Z,2026-08-25T18:57:56.232Z,A,4,55,"Filters: Season 9.5, Competitive, Grandmaster+. Grandmaster+ is a seasonal rank-threshold population and is kept separate from the exact-rank benchmark and rolling Stats History. Percentages are displayed by RivalsTracker to two decimal places and converted to ratios without further precision. sample_matches repeats the source Matches field for each metric row. hero_rank is the displayed table order (win rate descending); tier_label is source-provided. Platform, region, and sample_players are not stated by the source and are left empty."
black-cat-s9-5-grandmaster-plus,black-cat,Black Cat,seasonalRankThreshold,9.5,competitive,grandmaster_plus,,,banRate,0.4411,ratio,16526,,rivalstracker,primary,https://rivalstracker.com/heroes/black-cat,2026-08-25T14:02:59.000Z,2026-08-25T18:57:56.232Z,A,4,55,"Filters: Season 9.5, Competitive, Grandmaster+. Grandmaster+ is a seasonal rank-threshold population and is kept separate from the exact-rank benchmark and rolling Stats History. Percentages are displayed by RivalsTracker to two decimal places and converted to ratios without further precision. sample_matches repeats the source Matches field for each metric row. hero_rank is the displayed table order (win rate descending); tier_label is source-provided. Platform, region, and sample_players are not stated by the source and are left empty."
storm-s9-5-grandmaster-plus,storm,Storm,seasonalRankThreshold,9.5,competitive,grandmaster_plus,,,winRate,0.5624,ratio,19985,,rivalstracker,primary,https://rivalstracker.com/heroes/storm,2026-08-25T14:02:59.000Z,2026-08-25T18:57:56.232Z,A,5,55,"Filters: Season 9.5, Competitive, Grandmaster+. Grandmaster+ is a seasonal rank-threshold population and is kept separate from the exact-rank benchmark and rolling Stats History. Percentages are displayed by RivalsTracker to two decimal places and converted to ratios without further precision. sample_matches repeats the source Matches field for each metric row. hero_rank is the displayed table order (win rate descending); tier_label is source-provided. Platform, region, and sample_players are not stated by the source and are left empty."
storm-s9-5-grandmaster-plus,storm,Storm,seasonalRankThreshold,9.5,competitive,grandmaster_plus,,,pickRate,0.0384,ratio,19985,,rivalstracker,primary,https://rivalstracker.com/heroes/storm,2026-08-25T14:02:59.000Z,2026-08-25T18:57:56.232Z,A,5,55,"Filters: Season 9.5, Competitive, Grandmaster+. Grandmaster+ is a seasonal rank-threshold population and is kept separate from the exact-rank benchmark and rolling Stats History. Percentages are displayed by RivalsTracker to two decimal places and converted to ratios without further precision. sample_matches repeats the source Matches field for each metric row. hero_rank is the displayed table order (win rate descending); tier_label is source-provided. Platform, region, and sample_players are not stated by the source and are left empty."
storm-s9-5-grandmaster-plus,storm,Storm,seasonalRankThreshold,9.5,competitive,grandmaster_plus,,,banRate,0.0020,ratio,19985,,rivalstracker,primary,https://rivalstracker.com/heroes/storm,2026-08-25T14:02:59.000Z,2026-08-25T18:57:56.232Z,A,5,55,"Filters: Season 9.5, Competitive, Grandmaster+. Grandmaster+ is a seasonal rank-threshold population and is kept separate from the exact-rank benchmark and rolling Stats History. Percentages are displayed by RivalsTracker to two decimal places and converted to ratios without further precision. sample_matches repeats the source Matches field for each metric row. hero_rank is the displayed table order (win rate descending); tier_label is source-provided. Platform, region, and sample_players are not stated by the source and are left empty."
daredevil-s9-5-grandmaster-plus,daredevil,Daredevil,seasonalRankThreshold,9.5,competitive,grandmaster_plus,,,winRate,0.5516,ratio,40027,,rivalstracker,primary,https://rivalstracker.com/heroes/daredevil,2026-08-25T14:02:59.000Z,2026-08-25T18:57:56.232Z,S,6,55,"Filters: Season 9.5, Competitive, Grandmaster+. Grandmaster+ is a seasonal rank-threshold population and is kept separate from the exact-rank benchmark and rolling Stats History. Percentages are displayed by RivalsTracker to two decimal places and converted to ratios without further precision. sample_matches repeats the source Matches field for each metric row. hero_rank is the displayed table order (win rate descending); tier_label is source-provided. Platform, region, and sample_players are not stated by the source and are left empty."
daredevil-s9-5-grandmaster-plus,daredevil,Daredevil,seasonalRankThreshold,9.5,competitive,grandmaster_plus,,,pickRate,0.0770,ratio,40027,,rivalstracker,primary,https://rivalstracker.com/heroes/daredevil,2026-08-25T14:02:59.000Z,2026-08-25T18:57:56.232Z,S,6,55,"Filters: Season 9.5, Competitive, Grandmaster+. Grandmaster+ is a seasonal rank-threshold population and is kept separate from the exact-rank benchmark and rolling Stats History. Percentages are displayed by RivalsTracker to two decimal places and converted to ratios without further precision. sample_matches repeats the source Matches field for each metric row. hero_rank is the displayed table order (win rate descending); tier_label is source-provided. Platform, region, and sample_players are not stated by the source and are left empty."
daredevil-s9-5-grandmaster-plus,daredevil,Daredevil,seasonalRankThreshold,9.5,competitive,grandmaster_plus,,,banRate,0.0777,ratio,40027,,rivalstracker,primary,https://rivalstracker.com/heroes/daredevil,2026-08-25T14:02:59.000Z,2026-08-25T18:57:56.232Z,S,6,55,"Filters: Season 9.5, Competitive, Grandmaster+. Grandmaster+ is a seasonal rank-threshold population and is kept separate from the exact-rank benchmark and rolling Stats History. Percentages are displayed by RivalsTracker to two decimal places and converted to ratios without further precision. sample_matches repeats the source Matches field for each metric row. hero_rank is the displayed table order (win rate descending); tier_label is source-provided. Platform, region, and sample_players are not stated by the source and are left empty."
the-hood-s9-5-grandmaster-plus,the-hood,The Hood,seasonalRankThreshold,9.5,competitive,grandmaster_plus,,,winRate,0.5458,ratio,191344,,rivalstracker,primary,https://rivalstracker.com/heroes/the-hood,2026-08-25T14:02:59.000Z,2026-08-25T18:57:56.232Z,S,7,55,"Filters: Season 9.5, Competitive, Grandmaster+. Grandmaster+ is a seasonal rank-threshold population and is kept separate from the exact-rank benchmark and rolling Stats History. Percentages are displayed by RivalsTracker to two decimal places and converted to ratios without further precision. sample_matches repeats the source Matches field for each metric row. hero_rank is the displayed table order (win rate descending); tier_label is source-provided. Platform, region, and sample_players are not stated by the source and are left empty."
the-hood-s9-5-grandmaster-plus,the-hood,The Hood,seasonalRankThreshold,9.5,competitive,grandmaster_plus,,,pickRate,0.3680,ratio,191344,,rivalstracker,primary,https://rivalstracker.com/heroes/the-hood,2026-08-25T14:02:59.000Z,2026-08-25T18:57:56.232Z,S,7,55,"Filters: Season 9.5, Competitive, Grandmaster+. Grandmaster+ is a seasonal rank-threshold population and is kept separate from the exact-rank benchmark and rolling Stats History. Percentages are displayed by RivalsTracker to two decimal places and converted to ratios without further precision. sample_matches repeats the source Matches field for each metric row. hero_rank is the displayed table order (win rate descending); tier_label is source-provided. Platform, region, and sample_players are not stated by the source and are left empty."
the-hood-s9-5-grandmaster-plus,the-hood,The Hood,seasonalRankThreshold,9.5,competitive,grandmaster_plus,,,banRate,0.0783,ratio,191344,,rivalstracker,primary,https://rivalstracker.com/heroes/the-hood,2026-08-25T14:02:59.000Z,2026-08-25T18:57:56.232Z,S,7,55,"Filters: Season 9.5, Competitive, Grandmaster+. Grandmaster+ is a seasonal rank-threshold population and is kept separate from the exact-rank benchmark and rolling Stats History. Percentages are displayed by RivalsTracker to two decimal places and converted to ratios without further precision. sample_matches repeats the source Matches field for each metric row. hero_rank is the displayed table order (win rate descending); tier_label is source-provided. Platform, region, and sample_players are not stated by the source and are left empty."
rocket-raccoon-s9-5-grandmaster-plus,rocket-raccoon,Rocket Raccoon,seasonalRankThreshold,9.5,competitive,grandmaster_plus,,,winRate,0.5443,ratio,124119,,rivalstracker,primary,https://rivalstracker.com/heroes/rocket-raccoon,2026-08-25T14:02:59.000Z,2026-08-25T18:57:56.232Z,S,8,55,"Filters: Season 9.5, Competitive, Grandmaster+. Grandmaster+ is a seasonal rank-threshold population and is kept separate from the exact-rank benchmark and rolling Stats History. Percentages are displayed by RivalsTracker to two decimal places and converted to ratios without further precision. sample_matches repeats the source Matches field for each metric row. hero_rank is the displayed table order (win rate descending); tier_label is source-provided. Platform, region, and sample_players are not stated by the source and are left empty."
rocket-raccoon-s9-5-grandmaster-plus,rocket-raccoon,Rocket Raccoon,seasonalRankThreshold,9.5,competitive,grandmaster_plus,,,pickRate,0.2387,ratio,124119,,rivalstracker,primary,https://rivalstracker.com/heroes/rocket-raccoon,2026-08-25T14:02:59.000Z,2026-08-25T18:57:56.232Z,S,8,55,"Filters: Season 9.5, Competitive, Grandmaster+. Grandmaster+ is a seasonal rank-threshold population and is kept separate from the exact-rank benchmark and rolling Stats History. Percentages are displayed by RivalsTracker to two decimal places and converted to ratios without further precision. sample_matches repeats the source Matches field for each metric row. hero_rank is the displayed table order (win rate descending); tier_label is source-provided. Platform, region, and sample_players are not stated by the source and are left empty."
rocket-raccoon-s9-5-grandmaster-plus,rocket-raccoon,Rocket Raccoon,seasonalRankThreshold,9.5,competitive,grandmaster_plus,,,banRate,0.0072,ratio,124119,,rivalstracker,primary,https://rivalstracker.com/heroes/rocket-raccoon,2026-08-25T14:02:59.000Z,2026-08-25T18:57:56.232Z,S,8,55,"Filters: Season 9.5, Competitive, Grandmaster+. Grandmaster+ is a seasonal rank-threshold population and is kept separate from the exact-rank benchmark and rolling Stats History. Percentages are displayed by RivalsTracker to two decimal places and converted to ratios without further precision. sample_matches repeats the source Matches field for each metric row. hero_rank is the displayed table order (win rate descending); tier_label is source-provided. Platform, region, and sample_players are not stated by the source and are left empty."
loki-s9-5-grandmaster-plus,loki,Loki,seasonalRankThreshold,9.5,competitive,grandmaster_plus,,,winRate,0.5400,ratio,29928,,rivalstracker,primary,https://rivalstracker.com/heroes/loki,2026-08-25T14:02:59.000Z,2026-08-25T18:57:56.232Z,A,9,55,"Filters: Season 9.5, Competitive, Grandmaster+. Grandmaster+ is a seasonal rank-threshold population and is kept separate from the exact-rank benchmark and rolling Stats History. Percentages are displayed by RivalsTracker to two decimal places and converted to ratios without further precision. sample_matches repeats the source Matches field for each metric row. hero_rank is the displayed table order (win rate descending); tier_label is source-provided. Platform, region, and sample_players are not stated by the source and are left empty."
loki-s9-5-grandmaster-plus,loki,Loki,seasonalRankThreshold,9.5,competitive,grandmaster_plus,,,pickRate,0.0576,ratio,29928,,rivalstracker,primary,https://rivalstracker.com/heroes/loki,2026-08-25T14:02:59.000Z,2026-08-25T18:57:56.232Z,A,9,55,"Filters: Season 9.5, Competitive, Grandmaster+. Grandmaster+ is a seasonal rank-threshold population and is kept separate from the exact-rank benchmark and rolling Stats History. Percentages are displayed by RivalsTracker to two decimal places and converted to ratios without further precision. sample_matches repeats the source Matches field for each metric row. hero_rank is the displayed table order (win rate descending); tier_label is source-provided. Platform, region, and sample_players are not stated by the source and are left empty."
loki-s9-5-grandmaster-plus,loki,Loki,seasonalRankThreshold,9.5,competitive,grandmaster_plus,,,banRate,0.0028,ratio,29928,,rivalstracker,primary,https://rivalstracker.com/heroes/loki,2026-08-25T14:02:59.000Z,2026-08-25T18:57:56.232Z,A,9,55,"Filters: Season 9.5, Competitive, Grandmaster+. Grandmaster+ is a seasonal rank-threshold population and is kept separate from the exact-rank benchmark and rolling Stats History. Percentages are displayed by RivalsTracker to two decimal places and converted to ratios without further precision. sample_matches repeats the source Matches field for each metric row. hero_rank is the displayed table order (win rate descending); tier_label is source-provided. Platform, region, and sample_players are not stated by the source and are left empty."
ultron-s9-5-grandmaster-plus,ultron,Ultron,seasonalRankThreshold,9.5,competitive,grandmaster_plus,,,winRate,0.5362,ratio,16635,,rivalstracker,primary,https://rivalstracker.com/heroes/ultron,2026-08-25T14:02:59.000Z,2026-08-25T18:57:56.232Z,B,10,55,"Filters: Season 9.5, Competitive, Grandmaster+. Grandmaster+ is a seasonal rank-threshold population and is kept separate from the exact-rank benchmark and rolling Stats History. Percentages are displayed by RivalsTracker to two decimal places and converted to ratios without further precision. sample_matches repeats the source Matches field for each metric row. hero_rank is the displayed table order (win rate descending); tier_label is source-provided. Platform, region, and sample_players are not stated by the source and are left empty."
ultron-s9-5-grandmaster-plus,ultron,Ultron,seasonalRankThreshold,9.5,competitive,grandmaster_plus,,,pickRate,0.0320,ratio,16635,,rivalstracker,primary,https://rivalstracker.com/heroes/ultron,2026-08-25T14:02:59.000Z,2026-08-25T18:57:56.232Z,B,10,55,"Filters: Season 9.5, Competitive, Grandmaster+. Grandmaster+ is a seasonal rank-threshold population and is kept separate from the exact-rank benchmark and rolling Stats History. Percentages are displayed by RivalsTracker to two decimal places and converted to ratios without further precision. sample_matches repeats the source Matches field for each metric row. hero_rank is the displayed table order (win rate descending); tier_label is source-provided. Platform, region, and sample_players are not stated by the source and are left empty."
ultron-s9-5-grandmaster-plus,ultron,Ultron,seasonalRankThreshold,9.5,competitive,grandmaster_plus,,,banRate,0.0010,ratio,16635,,rivalstracker,primary,https://rivalstracker.com/heroes/ultron,2026-08-25T14:02:59.000Z,2026-08-25T18:57:56.232Z,B,10,55,"Filters: Season 9.5, Competitive, Grandmaster+. Grandmaster+ is a seasonal rank-threshold population and is kept separate from the exact-rank benchmark and rolling Stats History. Percentages are displayed by RivalsTracker to two decimal places and converted to ratios without further precision. sample_matches repeats the source Matches field for each metric row. hero_rank is the displayed table order (win rate descending); tier_label is source-provided. Platform, region, and sample_players are not stated by the source and are left empty."
the-thing-s9-5-grandmaster-plus,the-thing,The Thing,seasonalRankThreshold,9.5,competitive,grandmaster_plus,,,winRate,0.5348,ratio,92545,,rivalstracker,primary,https://rivalstracker.com/heroes/the-thing,2026-08-25T14:02:59.000Z,2026-08-25T18:57:56.232Z,S,11,55,"Filters: Season 9.5, Competitive, Grandmaster+. Grandmaster+ is a seasonal rank-threshold population and is kept separate from the exact-rank benchmark and rolling Stats History. Percentages are displayed by RivalsTracker to two decimal places and converted to ratios without further precision. sample_matches repeats the source Matches field for each metric row. hero_rank is the displayed table order (win rate descending); tier_label is source-provided. Platform, region, and sample_players are not stated by the source and are left empty."
the-thing-s9-5-grandmaster-plus,the-thing,The Thing,seasonalRankThreshold,9.5,competitive,grandmaster_plus,,,pickRate,0.1780,ratio,92545,,rivalstracker,primary,https://rivalstracker.com/heroes/the-thing,2026-08-25T14:02:59.000Z,2026-08-25T18:57:56.232Z,S,11,55,"Filters: Season 9.5, Competitive, Grandmaster+. Grandmaster+ is a seasonal rank-threshold population and is kept separate from the exact-rank benchmark and rolling Stats History. Percentages are displayed by RivalsTracker to two decimal places and converted to ratios without further precision. sample_matches repeats the source Matches field for each metric row. hero_rank is the displayed table order (win rate descending); tier_label is source-provided. Platform, region, and sample_players are not stated by the source and are left empty."
the-thing-s9-5-grandmaster-plus,the-thing,The Thing,seasonalRankThreshold,9.5,competitive,grandmaster_plus,,,banRate,0.1533,ratio,92545,,rivalstracker,primary,https://rivalstracker.com/heroes/the-thing,2026-08-25T14:02:59.000Z,2026-08-25T18:57:56.232Z,S,11,55,"Filters: Season 9.5, Competitive, Grandmaster+. Grandmaster+ is a seasonal rank-threshold population and is kept separate from the exact-rank benchmark and rolling Stats History. Percentages are displayed by RivalsTracker to two decimal places and converted to ratios without further precision. sample_matches repeats the source Matches field for each metric row. hero_rank is the displayed table order (win rate descending); tier_label is source-provided. Platform, region, and sample_players are not stated by the source and are left empty."
human-torch-s9-5-grandmaster-plus,human-torch,Human Torch,seasonalRankThreshold,9.5,competitive,grandmaster_plus,,,winRate,0.5329,ratio,20606,,rivalstracker,primary,https://rivalstracker.com/heroes/human-torch,2026-08-25T14:02:59.000Z,2026-08-25T18:57:56.232Z,A,12,55,"Filters: Season 9.5, Competitive, Grandmaster+. Grandmaster+ is a seasonal rank-threshold population and is kept separate from the exact-rank benchmark and rolling Stats History. Percentages are displayed by RivalsTracker to two decimal places and converted to ratios without further precision. sample_matches repeats the source Matches field for each metric row. hero_rank is the displayed table order (win rate descending); tier_label is source-provided. Platform, region, and sample_players are not stated by the source and are left empty."
human-torch-s9-5-grandmaster-plus,human-torch,Human Torch,seasonalRankThreshold,9.5,competitive,grandmaster_plus,,,pickRate,0.0396,ratio,20606,,rivalstracker,primary,https://rivalstracker.com/heroes/human-torch,2026-08-25T14:02:59.000Z,2026-08-25T18:57:56.232Z,A,12,55,"Filters: Season 9.5, Competitive, Grandmaster+. Grandmaster+ is a seasonal rank-threshold population and is kept separate from the exact-rank benchmark and rolling Stats History. Percentages are displayed by RivalsTracker to two decimal places and converted to ratios without further precision. sample_matches repeats the source Matches field for each metric row. hero_rank is the displayed table order (win rate descending); tier_label is source-provided. Platform, region, and sample_players are not stated by the source and are left empty."
human-torch-s9-5-grandmaster-plus,human-torch,Human Torch,seasonalRankThreshold,9.5,competitive,grandmaster_plus,,,banRate,0.0072,ratio,20606,,rivalstracker,primary,https://rivalstracker.com/heroes/human-torch,2026-08-25T14:02:59.000Z,2026-08-25T18:57:56.232Z,A,12,55,"Filters: Season 9.5, Competitive, Grandmaster+. Grandmaster+ is a seasonal rank-threshold population and is kept separate from the exact-rank benchmark and rolling Stats History. Percentages are displayed by RivalsTracker to two decimal places and converted to ratios without further precision. sample_matches repeats the source Matches field for each metric row. hero_rank is the displayed table order (win rate descending); tier_label is source-provided. Platform, region, and sample_players are not stated by the source and are left empty."
iron-fist-s9-5-grandmaster-plus,iron-fist,Iron Fist,seasonalRankThreshold,9.5,competitive,grandmaster_plus,,,winRate,0.5291,ratio,49062,,rivalstracker,primary,https://rivalstracker.com/heroes/iron-fist,2026-08-25T14:02:59.000Z,2026-08-25T18:57:56.232Z,A,13,55,"Filters: Season 9.5, Competitive, Grandmaster+. Grandmaster+ is a seasonal rank-threshold population and is kept separate from the exact-rank benchmark and rolling Stats History. Percentages are displayed by RivalsTracker to two decimal places and converted to ratios without further precision. sample_matches repeats the source Matches field for each metric row. hero_rank is the displayed table order (win rate descending); tier_label is source-provided. Platform, region, and sample_players are not stated by the source and are left empty."
iron-fist-s9-5-grandmaster-plus,iron-fist,Iron Fist,seasonalRankThreshold,9.5,competitive,grandmaster_plus,,,pickRate,0.0943,ratio,49062,,rivalstracker,primary,https://rivalstracker.com/heroes/iron-fist,2026-08-25T14:02:59.000Z,2026-08-25T18:57:56.232Z,A,13,55,"Filters: Season 9.5, Competitive, Grandmaster+. Grandmaster+ is a seasonal rank-threshold population and is kept separate from the exact-rank benchmark and rolling Stats History. Percentages are displayed by RivalsTracker to two decimal places and converted to ratios without further precision. sample_matches repeats the source Matches field for each metric row. hero_rank is the displayed table order (win rate descending); tier_label is source-provided. Platform, region, and sample_players are not stated by the source and are left empty."
iron-fist-s9-5-grandmaster-plus,iron-fist,Iron Fist,seasonalRankThreshold,9.5,competitive,grandmaster_plus,,,banRate,0.0184,ratio,49062,,rivalstracker,primary,https://rivalstracker.com/heroes/iron-fist,2026-08-25T14:02:59.000Z,2026-08-25T18:57:56.232Z,A,13,55,"Filters: Season 9.5, Competitive, Grandmaster+. Grandmaster+ is a seasonal rank-threshold population and is kept separate from the exact-rank benchmark and rolling Stats History. Percentages are displayed by RivalsTracker to two decimal places and converted to ratios without further precision. sample_matches repeats the source Matches field for each metric row. hero_rank is the displayed table order (win rate descending); tier_label is source-provided. Platform, region, and sample_players are not stated by the source and are left empty."
iron-man-s9-5-grandmaster-plus,iron-man,Iron Man,seasonalRankThreshold,9.5,competitive,grandmaster_plus,,,winRate,0.5246,ratio,21075,,rivalstracker,primary,https://rivalstracker.com/heroes/iron-man,2026-08-25T14:02:59.000Z,2026-08-25T18:57:56.232Z,B,14,55,"Filters: Season 9.5, Competitive, Grandmaster+. Grandmaster+ is a seasonal rank-threshold population and is kept separate from the exact-rank benchmark and rolling Stats History. Percentages are displayed by RivalsTracker to two decimal places and converted to ratios without further precision. sample_matches repeats the source Matches field for each metric row. hero_rank is the displayed table order (win rate descending); tier_label is source-provided. Platform, region, and sample_players are not stated by the source and are left empty."
iron-man-s9-5-grandmaster-plus,iron-man,Iron Man,seasonalRankThreshold,9.5,competitive,grandmaster_plus,,,pickRate,0.0405,ratio,21075,,rivalstracker,primary,https://rivalstracker.com/heroes/iron-man,2026-08-25T14:02:59.000Z,2026-08-25T18:57:56.232Z,B,14,55,"Filters: Season 9.5, Competitive, Grandmaster+. Grandmaster+ is a seasonal rank-threshold population and is kept separate from the exact-rank benchmark and rolling Stats History. Percentages are displayed by RivalsTracker to two decimal places and converted to ratios without further precision. sample_matches repeats the source Matches field for each metric row. hero_rank is the displayed table order (win rate descending); tier_label is source-provided. Platform, region, and sample_players are not stated by the source and are left empty."
iron-man-s9-5-grandmaster-plus,iron-man,Iron Man,seasonalRankThreshold,9.5,competitive,grandmaster_plus,,,banRate,0.0028,ratio,21075,,rivalstracker,primary,https://rivalstracker.com/heroes/iron-man,2026-08-25T14:02:59.000Z,2026-08-25T18:57:56.232Z,B,14,55,"Filters: Season 9.5, Competitive, Grandmaster+. Grandmaster+ is a seasonal rank-threshold population and is kept separate from the exact-rank benchmark and rolling Stats History. Percentages are displayed by RivalsTracker to two decimal places and converted to ratios without further precision. sample_matches repeats the source Matches field for each metric row. hero_rank is the displayed table order (win rate descending); tier_label is source-provided. Platform, region, and sample_players are not stated by the source and are left empty."
angela-s9-5-grandmaster-plus,angela,Angela,seasonalRankThreshold,9.5,competitive,grandmaster_plus,,,winRate,0.5234,ratio,22781,,rivalstracker,primary,https://rivalstracker.com/heroes/angela,2026-08-25T14:02:59.000Z,2026-08-25T18:57:56.232Z,A,15,55,"Filters: Season 9.5, Competitive, Grandmaster+. Grandmaster+ is a seasonal rank-threshold population and is kept separate from the exact-rank benchmark and rolling Stats History. Percentages are displayed by RivalsTracker to two decimal places and converted to ratios without further precision. sample_matches repeats the source Matches field for each metric row. hero_rank is the displayed table order (win rate descending); tier_label is source-provided. Platform, region, and sample_players are not stated by the source and are left empty."
angela-s9-5-grandmaster-plus,angela,Angela,seasonalRankThreshold,9.5,competitive,grandmaster_plus,,,pickRate,0.0438,ratio,22781,,rivalstracker,primary,https://rivalstracker.com/heroes/angela,2026-08-25T14:02:59.000Z,2026-08-25T18:57:56.232Z,A,15,55,"Filters: Season 9.5, Competitive, Grandmaster+. Grandmaster+ is a seasonal rank-threshold population and is kept separate from the exact-rank benchmark and rolling Stats History. Percentages are displayed by RivalsTracker to two decimal places and converted to ratios without further precision. sample_matches repeats the source Matches field for each metric row. hero_rank is the displayed table order (win rate descending); tier_label is source-provided. Platform, region, and sample_players are not stated by the source and are left empty."
angela-s9-5-grandmaster-plus,angela,Angela,seasonalRankThreshold,9.5,competitive,grandmaster_plus,,,banRate,0.0061,ratio,22781,,rivalstracker,primary,https://rivalstracker.com/heroes/angela,2026-08-25T14:02:59.000Z,2026-08-25T18:57:56.232Z,A,15,55,"Filters: Season 9.5, Competitive, Grandmaster+. Grandmaster+ is a seasonal rank-threshold population and is kept separate from the exact-rank benchmark and rolling Stats History. Percentages are displayed by RivalsTracker to two decimal places and converted to ratios without further precision. sample_matches repeats the source Matches field for each metric row. hero_rank is the displayed table order (win rate descending); tier_label is source-provided. Platform, region, and sample_players are not stated by the source and are left empty."
hulk-s9-5-grandmaster-plus,hulk,Hulk,seasonalRankThreshold,9.5,competitive,grandmaster_plus,,,winRate,0.5206,ratio,44873,,rivalstracker,primary,https://rivalstracker.com/heroes/hulk,2026-08-25T14:02:59.000Z,2026-08-25T18:57:56.232Z,A,16,55,"Filters: Season 9.5, Competitive, Grandmaster+. Grandmaster+ is a seasonal rank-threshold population and is kept separate from the exact-rank benchmark and rolling Stats History. Percentages are displayed by RivalsTracker to two decimal places and converted to ratios without further precision. sample_matches repeats the source Matches field for each metric row. hero_rank is the displayed table order (win rate descending); tier_label is source-provided. Platform, region, and sample_players are not stated by the source and are left empty."
hulk-s9-5-grandmaster-plus,hulk,Hulk,seasonalRankThreshold,9.5,competitive,grandmaster_plus,,,pickRate,0.0863,ratio,44873,,rivalstracker,primary,https://rivalstracker.com/heroes/hulk,2026-08-25T14:02:59.000Z,2026-08-25T18:57:56.232Z,A,16,55,"Filters: Season 9.5, Competitive, Grandmaster+. Grandmaster+ is a seasonal rank-threshold population and is kept separate from the exact-rank benchmark and rolling Stats History. Percentages are displayed by RivalsTracker to two decimal places and converted to ratios without further precision. sample_matches repeats the source Matches field for each metric row. hero_rank is the displayed table order (win rate descending); tier_label is source-provided. Platform, region, and sample_players are not stated by the source and are left empty."
hulk-s9-5-grandmaster-plus,hulk,Hulk,seasonalRankThreshold,9.5,competitive,grandmaster_plus,,,banRate,0.0067,ratio,44873,,rivalstracker,primary,https://rivalstracker.com/heroes/hulk,2026-08-25T14:02:59.000Z,2026-08-25T18:57:56.232Z,A,16,55,"Filters: Season 9.5, Competitive, Grandmaster+. Grandmaster+ is a seasonal rank-threshold population and is kept separate from the exact-rank benchmark and rolling Stats History. Percentages are displayed by RivalsTracker to two decimal places and converted to ratios without further precision. sample_matches repeats the source Matches field for each metric row. hero_rank is the displayed table order (win rate descending); tier_label is source-provided. Platform, region, and sample_players are not stated by the source and are left empty."
magneto-s9-5-grandmaster-plus,magneto,Magneto,seasonalRankThreshold,9.5,competitive,grandmaster_plus,,,winRate,0.5188,ratio,262317,,rivalstracker,primary,https://rivalstracker.com/heroes/magneto,2026-08-25T14:02:59.000Z,2026-08-25T18:57:56.232Z,A,17,55,"Filters: Season 9.5, Competitive, Grandmaster+. Grandmaster+ is a seasonal rank-threshold population and is kept separate from the exact-rank benchmark and rolling Stats History. Percentages are displayed by RivalsTracker to two decimal places and converted to ratios without further precision. sample_matches repeats the source Matches field for each metric row. hero_rank is the displayed table order (win rate descending); tier_label is source-provided. Platform, region, and sample_players are not stated by the source and are left empty."
magneto-s9-5-grandmaster-plus,magneto,Magneto,seasonalRankThreshold,9.5,competitive,grandmaster_plus,,,pickRate,0.5044,ratio,262317,,rivalstracker,primary,https://rivalstracker.com/heroes/magneto,2026-08-25T14:02:59.000Z,2026-08-25T18:57:56.232Z,A,17,55,"Filters: Season 9.5, Competitive, Grandmaster+. Grandmaster+ is a seasonal rank-threshold population and is kept separate from the exact-rank benchmark and rolling Stats History. Percentages are displayed by RivalsTracker to two decimal places and converted to ratios without further precision. sample_matches repeats the source Matches field for each metric row. hero_rank is the displayed table order (win rate descending); tier_label is source-provided. Platform, region, and sample_players are not stated by the source and are left empty."
magneto-s9-5-grandmaster-plus,magneto,Magneto,seasonalRankThreshold,9.5,competitive,grandmaster_plus,,,banRate,0.0794,ratio,262317,,rivalstracker,primary,https://rivalstracker.com/heroes/magneto,2026-08-25T14:02:59.000Z,2026-08-25T18:57:56.232Z,A,17,55,"Filters: Season 9.5, Competitive, Grandmaster+. Grandmaster+ is a seasonal rank-threshold population and is kept separate from the exact-rank benchmark and rolling Stats History. Percentages are displayed by RivalsTracker to two decimal places and converted to ratios without further precision. sample_matches repeats the source Matches field for each metric row. hero_rank is the displayed table order (win rate descending); tier_label is source-provided. Platform, region, and sample_players are not stated by the source and are left empty."
groot-s9-5-grandmaster-plus,groot,Groot,seasonalRankThreshold,9.5,competitive,grandmaster_plus,,,winRate,0.5187,ratio,25398,,rivalstracker,primary,https://rivalstracker.com/heroes/groot,2026-08-25T14:02:59.000Z,2026-08-25T18:57:56.232Z,A,18,55,"Filters: Season 9.5, Competitive, Grandmaster+. Grandmaster+ is a seasonal rank-threshold population and is kept separate from the exact-rank benchmark and rolling Stats History. Percentages are displayed by RivalsTracker to two decimal places and converted to ratios without further precision. sample_matches repeats the source Matches field for each metric row. hero_rank is the displayed table order (win rate descending); tier_label is source-provided. Platform, region, and sample_players are not stated by the source and are left empty."
groot-s9-5-grandmaster-plus,groot,Groot,seasonalRankThreshold,9.5,competitive,grandmaster_plus,,,pickRate,0.0488,ratio,25398,,rivalstracker,primary,https://rivalstracker.com/heroes/groot,2026-08-25T14:02:59.000Z,2026-08-25T18:57:56.232Z,A,18,55,"Filters: Season 9.5, Competitive, Grandmaster+. Grandmaster+ is a seasonal rank-threshold population and is kept separate from the exact-rank benchmark and rolling Stats History. Percentages are displayed by RivalsTracker to two decimal places and converted to ratios without further precision. sample_matches repeats the source Matches field for each metric row. hero_rank is the displayed table order (win rate descending); tier_label is source-provided. Platform, region, and sample_players are not stated by the source and are left empty."
groot-s9-5-grandmaster-plus,groot,Groot,seasonalRankThreshold,9.5,competitive,grandmaster_plus,,,banRate,0.0214,ratio,25398,,rivalstracker,primary,https://rivalstracker.com/heroes/groot,2026-08-25T14:02:59.000Z,2026-08-25T18:57:56.232Z,A,18,55,"Filters: Season 9.5, Competitive, Grandmaster+. Grandmaster+ is a seasonal rank-threshold population and is kept separate from the exact-rank benchmark and rolling Stats History. Percentages are displayed by RivalsTracker to two decimal places and converted to ratios without further precision. sample_matches repeats the source Matches field for each metric row. hero_rank is the displayed table order (win rate descending); tier_label is source-provided. Platform, region, and sample_players are not stated by the source and are left empty."
thor-s9-5-grandmaster-plus,thor,Thor,seasonalRankThreshold,9.5,competitive,grandmaster_plus,,,winRate,0.5163,ratio,41506,,rivalstracker,primary,https://rivalstracker.com/heroes/thor,2026-08-25T14:02:59.000Z,2026-08-25T18:57:56.232Z,A,19,55,"Filters: Season 9.5, Competitive, Grandmaster+. Grandmaster+ is a seasonal rank-threshold population and is kept separate from the exact-rank benchmark and rolling Stats History. Percentages are displayed by RivalsTracker to two decimal places and converted to ratios without further precision. sample_matches repeats the source Matches field for each metric row. hero_rank is the displayed table order (win rate descending); tier_label is source-provided. Platform, region, and sample_players are not stated by the source and are left empty."
thor-s9-5-grandmaster-plus,thor,Thor,seasonalRankThreshold,9.5,competitive,grandmaster_plus,,,pickRate,0.0798,ratio,41506,,rivalstracker,primary,https://rivalstracker.com/heroes/thor,2026-08-25T14:02:59.000Z,2026-08-25T18:57:56.232Z,A,19,55,"Filters: Season 9.5, Competitive, Grandmaster+. Grandmaster+ is a seasonal rank-threshold population and is kept separate from the exact-rank benchmark and rolling Stats History. Percentages are displayed by RivalsTracker to two decimal places and converted to ratios without further precision. sample_matches repeats the source Matches field for each metric row. hero_rank is the displayed table order (win rate descending); tier_label is source-provided. Platform, region, and sample_players are not stated by the source and are left empty."
thor-s9-5-grandmaster-plus,thor,Thor,seasonalRankThreshold,9.5,competitive,grandmaster_plus,,,banRate,0.0045,ratio,41506,,rivalstracker,primary,https://rivalstracker.com/heroes/thor,2026-08-25T14:02:59.000Z,2026-08-25T18:57:56.232Z,A,19,55,"Filters: Season 9.5, Competitive, Grandmaster+. Grandmaster+ is a seasonal rank-threshold population and is kept separate from the exact-rank benchmark and rolling Stats History. Percentages are displayed by RivalsTracker to two decimal places and converted to ratios without further precision. sample_matches repeats the source Matches field for each metric row. hero_rank is the displayed table order (win rate descending); tier_label is source-provided. Platform, region, and sample_players are not stated by the source and are left empty."
mister-fantastic-s9-5-grandmaster-plus,mister-fantastic,Mister Fantastic,seasonalRankThreshold,9.5,competitive,grandmaster_plus,,,winRate,0.5145,ratio,24541,,rivalstracker,primary,https://rivalstracker.com/heroes/mister-fantastic,2026-08-25T14:02:59.000Z,2026-08-25T18:57:56.232Z,B,20,55,"Filters: Season 9.5, Competitive, Grandmaster+. Grandmaster+ is a seasonal rank-threshold population and is kept separate from the exact-rank benchmark and rolling Stats History. Percentages are displayed by RivalsTracker to two decimal places and converted to ratios without further precision. sample_matches repeats the source Matches field for each metric row. hero_rank is the displayed table order (win rate descending); tier_label is source-provided. Platform, region, and sample_players are not stated by the source and are left empty."
mister-fantastic-s9-5-grandmaster-plus,mister-fantastic,Mister Fantastic,seasonalRankThreshold,9.5,competitive,grandmaster_plus,,,pickRate,0.0472,ratio,24541,,rivalstracker,primary,https://rivalstracker.com/heroes/mister-fantastic,2026-08-25T14:02:59.000Z,2026-08-25T18:57:56.232Z,B,20,55,"Filters: Season 9.5, Competitive, Grandmaster+. Grandmaster+ is a seasonal rank-threshold population and is kept separate from the exact-rank benchmark and rolling Stats History. Percentages are displayed by RivalsTracker to two decimal places and converted to ratios without further precision. sample_matches repeats the source Matches field for each metric row. hero_rank is the displayed table order (win rate descending); tier_label is source-provided. Platform, region, and sample_players are not stated by the source and are left empty."
mister-fantastic-s9-5-grandmaster-plus,mister-fantastic,Mister Fantastic,seasonalRankThreshold,9.5,competitive,grandmaster_plus,,,banRate,0.0013,ratio,24541,,rivalstracker,primary,https://rivalstracker.com/heroes/mister-fantastic,2026-08-25T14:02:59.000Z,2026-08-25T18:57:56.232Z,B,20,55,"Filters: Season 9.5, Competitive, Grandmaster+. Grandmaster+ is a seasonal rank-threshold population and is kept separate from the exact-rank benchmark and rolling Stats History. Percentages are displayed by RivalsTracker to two decimal places and converted to ratios without further precision. sample_matches repeats the source Matches field for each metric row. hero_rank is the displayed table order (win rate descending); tier_label is source-provided. Platform, region, and sample_players are not stated by the source and are left empty."
rogue-s9-5-grandmaster-plus,rogue,Rogue,seasonalRankThreshold,9.5,competitive,grandmaster_plus,,,winRate,0.5124,ratio,24057,,rivalstracker,primary,https://rivalstracker.com/heroes/rogue,2026-08-25T14:02:59.000Z,2026-08-25T18:57:56.232Z,B,21,55,"Filters: Season 9.5, Competitive, Grandmaster+. Grandmaster+ is a seasonal rank-threshold population and is kept separate from the exact-rank benchmark and rolling Stats History. Percentages are displayed by RivalsTracker to two decimal places and converted to ratios without further precision. sample_matches repeats the source Matches field for each metric row. hero_rank is the displayed table order (win rate descending); tier_label is source-provided. Platform, region, and sample_players are not stated by the source and are left empty."
rogue-s9-5-grandmaster-plus,rogue,Rogue,seasonalRankThreshold,9.5,competitive,grandmaster_plus,,,pickRate,0.0463,ratio,24057,,rivalstracker,primary,https://rivalstracker.com/heroes/rogue,2026-08-25T14:02:59.000Z,2026-08-25T18:57:56.232Z,B,21,55,"Filters: Season 9.5, Competitive, Grandmaster+. Grandmaster+ is a seasonal rank-threshold population and is kept separate from the exact-rank benchmark and rolling Stats History. Percentages are displayed by RivalsTracker to two decimal places and converted to ratios without further precision. sample_matches repeats the source Matches field for each metric row. hero_rank is the displayed table order (win rate descending); tier_label is source-provided. Platform, region, and sample_players are not stated by the source and are left empty."
rogue-s9-5-grandmaster-plus,rogue,Rogue,seasonalRankThreshold,9.5,competitive,grandmaster_plus,,,banRate,0.0024,ratio,24057,,rivalstracker,primary,https://rivalstracker.com/heroes/rogue,2026-08-25T14:02:59.000Z,2026-08-25T18:57:56.232Z,B,21,55,"Filters: Season 9.5, Competitive, Grandmaster+. Grandmaster+ is a seasonal rank-threshold population and is kept separate from the exact-rank benchmark and rolling Stats History. Percentages are displayed by RivalsTracker to two decimal places and converted to ratios without further precision. sample_matches repeats the source Matches field for each metric row. hero_rank is the displayed table order (win rate descending); tier_label is source-provided. Platform, region, and sample_players are not stated by the source and are left empty."
elsa-bloodstone-s9-5-grandmaster-plus,elsa-bloodstone,Elsa Bloodstone,seasonalRankThreshold,9.5,competitive,grandmaster_plus,,,winRate,0.5109,ratio,46325,,rivalstracker,primary,https://rivalstracker.com/heroes/elsa-bloodstone,2026-08-25T14:02:59.000Z,2026-08-25T18:57:56.232Z,A,22,55,"Filters: Season 9.5, Competitive, Grandmaster+. Grandmaster+ is a seasonal rank-threshold population and is kept separate from the exact-rank benchmark and rolling Stats History. Percentages are displayed by RivalsTracker to two decimal places and converted to ratios without further precision. sample_matches repeats the source Matches field for each metric row. hero_rank is the displayed table order (win rate descending); tier_label is source-provided. Platform, region, and sample_players are not stated by the source and are left empty."
elsa-bloodstone-s9-5-grandmaster-plus,elsa-bloodstone,Elsa Bloodstone,seasonalRankThreshold,9.5,competitive,grandmaster_plus,,,pickRate,0.0891,ratio,46325,,rivalstracker,primary,https://rivalstracker.com/heroes/elsa-bloodstone,2026-08-25T14:02:59.000Z,2026-08-25T18:57:56.232Z,A,22,55,"Filters: Season 9.5, Competitive, Grandmaster+. Grandmaster+ is a seasonal rank-threshold population and is kept separate from the exact-rank benchmark and rolling Stats History. Percentages are displayed by RivalsTracker to two decimal places and converted to ratios without further precision. sample_matches repeats the source Matches field for each metric row. hero_rank is the displayed table order (win rate descending); tier_label is source-provided. Platform, region, and sample_players are not stated by the source and are left empty."
elsa-bloodstone-s9-5-grandmaster-plus,elsa-bloodstone,Elsa Bloodstone,seasonalRankThreshold,9.5,competitive,grandmaster_plus,,,banRate,0.3254,ratio,46325,,rivalstracker,primary,https://rivalstracker.com/heroes/elsa-bloodstone,2026-08-25T14:02:59.000Z,2026-08-25T18:57:56.232Z,A,22,55,"Filters: Season 9.5, Competitive, Grandmaster+. Grandmaster+ is a seasonal rank-threshold population and is kept separate from the exact-rank benchmark and rolling Stats History. Percentages are displayed by RivalsTracker to two decimal places and converted to ratios without further precision. sample_matches repeats the source Matches field for each metric row. hero_rank is the displayed table order (win rate descending); tier_label is source-provided. Platform, region, and sample_players are not stated by the source and are left empty."
captain-america-s9-5-grandmaster-plus,captain-america,Captain America,seasonalRankThreshold,9.5,competitive,grandmaster_plus,,,winRate,0.5093,ratio,11529,,rivalstracker,primary,https://rivalstracker.com/heroes/captain-america,2026-08-25T14:02:59.000Z,2026-08-25T18:57:56.232Z,B,23,55,"Filters: Season 9.5, Competitive, Grandmaster+. Grandmaster+ is a seasonal rank-threshold population and is kept separate from the exact-rank benchmark and rolling Stats History. Percentages are displayed by RivalsTracker to two decimal places and converted to ratios without further precision. sample_matches repeats the source Matches field for each metric row. hero_rank is the displayed table order (win rate descending); tier_label is source-provided. Platform, region, and sample_players are not stated by the source and are left empty."
captain-america-s9-5-grandmaster-plus,captain-america,Captain America,seasonalRankThreshold,9.5,competitive,grandmaster_plus,,,pickRate,0.0222,ratio,11529,,rivalstracker,primary,https://rivalstracker.com/heroes/captain-america,2026-08-25T14:02:59.000Z,2026-08-25T18:57:56.232Z,B,23,55,"Filters: Season 9.5, Competitive, Grandmaster+. Grandmaster+ is a seasonal rank-threshold population and is kept separate from the exact-rank benchmark and rolling Stats History. Percentages are displayed by RivalsTracker to two decimal places and converted to ratios without further precision. sample_matches repeats the source Matches field for each metric row. hero_rank is the displayed table order (win rate descending); tier_label is source-provided. Platform, region, and sample_players are not stated by the source and are left empty."
captain-america-s9-5-grandmaster-plus,captain-america,Captain America,seasonalRankThreshold,9.5,competitive,grandmaster_plus,,,banRate,0.0017,ratio,11529,,rivalstracker,primary,https://rivalstracker.com/heroes/captain-america,2026-08-25T14:02:59.000Z,2026-08-25T18:57:56.232Z,B,23,55,"Filters: Season 9.5, Competitive, Grandmaster+. Grandmaster+ is a seasonal rank-threshold population and is kept separate from the exact-rank benchmark and rolling Stats History. Percentages are displayed by RivalsTracker to two decimal places and converted to ratios without further precision. sample_matches repeats the source Matches field for each metric row. hero_rank is the displayed table order (win rate descending); tier_label is source-provided. Platform, region, and sample_players are not stated by the source and are left empty."
spider-man-s9-5-grandmaster-plus,spider-man,Spider-man,seasonalRankThreshold,9.5,competitive,grandmaster_plus,,,winRate,0.5086,ratio,67087,,rivalstracker,primary,https://rivalstracker.com/heroes/spider-man,2026-08-25T14:02:59.000Z,2026-08-25T18:57:56.232Z,A,24,55,"Filters: Season 9.5, Competitive, Grandmaster+. Grandmaster+ is a seasonal rank-threshold population and is kept separate from the exact-rank benchmark and rolling Stats History. Percentages are displayed by RivalsTracker to two decimal places and converted to ratios without further precision. sample_matches repeats the source Matches field for each metric row. hero_rank is the displayed table order (win rate descending); tier_label is source-provided. Platform, region, and sample_players are not stated by the source and are left empty."
spider-man-s9-5-grandmaster-plus,spider-man,Spider-man,seasonalRankThreshold,9.5,competitive,grandmaster_plus,,,pickRate,0.1290,ratio,67087,,rivalstracker,primary,https://rivalstracker.com/heroes/spider-man,2026-08-25T14:02:59.000Z,2026-08-25T18:57:56.232Z,A,24,55,"Filters: Season 9.5, Competitive, Grandmaster+. Grandmaster+ is a seasonal rank-threshold population and is kept separate from the exact-rank benchmark and rolling Stats History. Percentages are displayed by RivalsTracker to two decimal places and converted to ratios without further precision. sample_matches repeats the source Matches field for each metric row. hero_rank is the displayed table order (win rate descending); tier_label is source-provided. Platform, region, and sample_players are not stated by the source and are left empty."
spider-man-s9-5-grandmaster-plus,spider-man,Spider-man,seasonalRankThreshold,9.5,competitive,grandmaster_plus,,,banRate,0.1043,ratio,67087,,rivalstracker,primary,https://rivalstracker.com/heroes/spider-man,2026-08-25T14:02:59.000Z,2026-08-25T18:57:56.232Z,A,24,55,"Filters: Season 9.5, Competitive, Grandmaster+. Grandmaster+ is a seasonal rank-threshold population and is kept separate from the exact-rank benchmark and rolling Stats History. Percentages are displayed by RivalsTracker to two decimal places and converted to ratios without further precision. sample_matches repeats the source Matches field for each metric row. hero_rank is the displayed table order (win rate descending); tier_label is source-provided. Platform, region, and sample_players are not stated by the source and are left empty."
star-lord-s9-5-grandmaster-plus,star-lord,Star-lord,seasonalRankThreshold,9.5,competitive,grandmaster_plus,,,winRate,0.5055,ratio,27275,,rivalstracker,primary,https://rivalstracker.com/heroes/star-lord,2026-08-25T14:02:59.000Z,2026-08-25T18:57:56.232Z,B,25,55,"Filters: Season 9.5, Competitive, Grandmaster+. Grandmaster+ is a seasonal rank-threshold population and is kept separate from the exact-rank benchmark and rolling Stats History. Percentages are displayed by RivalsTracker to two decimal places and converted to ratios without further precision. sample_matches repeats the source Matches field for each metric row. hero_rank is the displayed table order (win rate descending); tier_label is source-provided. Platform, region, and sample_players are not stated by the source and are left empty."
star-lord-s9-5-grandmaster-plus,star-lord,Star-lord,seasonalRankThreshold,9.5,competitive,grandmaster_plus,,,pickRate,0.0525,ratio,27275,,rivalstracker,primary,https://rivalstracker.com/heroes/star-lord,2026-08-25T14:02:59.000Z,2026-08-25T18:57:56.232Z,B,25,55,"Filters: Season 9.5, Competitive, Grandmaster+. Grandmaster+ is a seasonal rank-threshold population and is kept separate from the exact-rank benchmark and rolling Stats History. Percentages are displayed by RivalsTracker to two decimal places and converted to ratios without further precision. sample_matches repeats the source Matches field for each metric row. hero_rank is the displayed table order (win rate descending); tier_label is source-provided. Platform, region, and sample_players are not stated by the source and are left empty."
star-lord-s9-5-grandmaster-plus,star-lord,Star-lord,seasonalRankThreshold,9.5,competitive,grandmaster_plus,,,banRate,0.0040,ratio,27275,,rivalstracker,primary,https://rivalstracker.com/heroes/star-lord,2026-08-25T14:02:59.000Z,2026-08-25T18:57:56.232Z,B,25,55,"Filters: Season 9.5, Competitive, Grandmaster+. Grandmaster+ is a seasonal rank-threshold population and is kept separate from the exact-rank benchmark and rolling Stats History. Percentages are displayed by RivalsTracker to two decimal places and converted to ratios without further precision. sample_matches repeats the source Matches field for each metric row. hero_rank is the displayed table order (win rate descending); tier_label is source-provided. Platform, region, and sample_players are not stated by the source and are left empty."
venom-s9-5-grandmaster-plus,venom,Venom,seasonalRankThreshold,9.5,competitive,grandmaster_plus,,,winRate,0.5037,ratio,45517,,rivalstracker,primary,https://rivalstracker.com/heroes/venom,2026-08-25T14:02:59.000Z,2026-08-25T18:57:56.232Z,B,26,55,"Filters: Season 9.5, Competitive, Grandmaster+. Grandmaster+ is a seasonal rank-threshold population and is kept separate from the exact-rank benchmark and rolling Stats History. Percentages are displayed by RivalsTracker to two decimal places and converted to ratios without further precision. sample_matches repeats the source Matches field for each metric row. hero_rank is the displayed table order (win rate descending); tier_label is source-provided. Platform, region, and sample_players are not stated by the source and are left empty."
venom-s9-5-grandmaster-plus,venom,Venom,seasonalRankThreshold,9.5,competitive,grandmaster_plus,,,pickRate,0.0875,ratio,45517,,rivalstracker,primary,https://rivalstracker.com/heroes/venom,2026-08-25T14:02:59.000Z,2026-08-25T18:57:56.232Z,B,26,55,"Filters: Season 9.5, Competitive, Grandmaster+. Grandmaster+ is a seasonal rank-threshold population and is kept separate from the exact-rank benchmark and rolling Stats History. Percentages are displayed by RivalsTracker to two decimal places and converted to ratios without further precision. sample_matches repeats the source Matches field for each metric row. hero_rank is the displayed table order (win rate descending); tier_label is source-provided. Platform, region, and sample_players are not stated by the source and are left empty."
venom-s9-5-grandmaster-plus,venom,Venom,seasonalRankThreshold,9.5,competitive,grandmaster_plus,,,banRate,0.0949,ratio,45517,,rivalstracker,primary,https://rivalstracker.com/heroes/venom,2026-08-25T14:02:59.000Z,2026-08-25T18:57:56.232Z,B,26,55,"Filters: Season 9.5, Competitive, Grandmaster+. Grandmaster+ is a seasonal rank-threshold population and is kept separate from the exact-rank benchmark and rolling Stats History. Percentages are displayed by RivalsTracker to two decimal places and converted to ratios without further precision. sample_matches repeats the source Matches field for each metric row. hero_rank is the displayed table order (win rate descending); tier_label is source-provided. Platform, region, and sample_players are not stated by the source and are left empty."
hela-s9-5-grandmaster-plus,hela,Hela,seasonalRankThreshold,9.5,competitive,grandmaster_plus,,,winRate,0.5033,ratio,66630,,rivalstracker,primary,https://rivalstracker.com/heroes/hela,2026-08-25T14:02:59.000Z,2026-08-25T18:57:56.232Z,B,27,55,"Filters: Season 9.5, Competitive, Grandmaster+. Grandmaster+ is a seasonal rank-threshold population and is kept separate from the exact-rank benchmark and rolling Stats History. Percentages are displayed by RivalsTracker to two decimal places and converted to ratios without further precision. sample_matches repeats the source Matches field for each metric row. hero_rank is the displayed table order (win rate descending); tier_label is source-provided. Platform, region, and sample_players are not stated by the source and are left empty."
hela-s9-5-grandmaster-plus,hela,Hela,seasonalRankThreshold,9.5,competitive,grandmaster_plus,,,pickRate,0.1281,ratio,66630,,rivalstracker,primary,https://rivalstracker.com/heroes/hela,2026-08-25T14:02:59.000Z,2026-08-25T18:57:56.232Z,B,27,55,"Filters: Season 9.5, Competitive, Grandmaster+. Grandmaster+ is a seasonal rank-threshold population and is kept separate from the exact-rank benchmark and rolling Stats History. Percentages are displayed by RivalsTracker to two decimal places and converted to ratios without further precision. sample_matches repeats the source Matches field for each metric row. hero_rank is the displayed table order (win rate descending); tier_label is source-provided. Platform, region, and sample_players are not stated by the source and are left empty."
hela-s9-5-grandmaster-plus,hela,Hela,seasonalRankThreshold,9.5,competitive,grandmaster_plus,,,banRate,0.0552,ratio,66630,,rivalstracker,primary,https://rivalstracker.com/heroes/hela,2026-08-25T14:02:59.000Z,2026-08-25T18:57:56.232Z,B,27,55,"Filters: Season 9.5, Competitive, Grandmaster+. Grandmaster+ is a seasonal rank-threshold population and is kept separate from the exact-rank benchmark and rolling Stats History. Percentages are displayed by RivalsTracker to two decimal places and converted to ratios without further precision. sample_matches repeats the source Matches field for each metric row. hero_rank is the displayed table order (win rate descending); tier_label is source-provided. Platform, region, and sample_players are not stated by the source and are left empty."
psylocke-s9-5-grandmaster-plus,psylocke,Psylocke,seasonalRankThreshold,9.5,competitive,grandmaster_plus,,,winRate,0.5024,ratio,21351,,rivalstracker,primary,https://rivalstracker.com/heroes/psylocke,2026-08-25T14:02:59.000Z,2026-08-25T18:57:56.232Z,B,28,55,"Filters: Season 9.5, Competitive, Grandmaster+. Grandmaster+ is a seasonal rank-threshold population and is kept separate from the exact-rank benchmark and rolling Stats History. Percentages are displayed by RivalsTracker to two decimal places and converted to ratios without further precision. sample_matches repeats the source Matches field for each metric row. hero_rank is the displayed table order (win rate descending); tier_label is source-provided. Platform, region, and sample_players are not stated by the source and are left empty."
psylocke-s9-5-grandmaster-plus,psylocke,Psylocke,seasonalRankThreshold,9.5,competitive,grandmaster_plus,,,pickRate,0.0411,ratio,21351,,rivalstracker,primary,https://rivalstracker.com/heroes/psylocke,2026-08-25T14:02:59.000Z,2026-08-25T18:57:56.232Z,B,28,55,"Filters: Season 9.5, Competitive, Grandmaster+. Grandmaster+ is a seasonal rank-threshold population and is kept separate from the exact-rank benchmark and rolling Stats History. Percentages are displayed by RivalsTracker to two decimal places and converted to ratios without further precision. sample_matches repeats the source Matches field for each metric row. hero_rank is the displayed table order (win rate descending); tier_label is source-provided. Platform, region, and sample_players are not stated by the source and are left empty."
psylocke-s9-5-grandmaster-plus,psylocke,Psylocke,seasonalRankThreshold,9.5,competitive,grandmaster_plus,,,banRate,0.0035,ratio,21351,,rivalstracker,primary,https://rivalstracker.com/heroes/psylocke,2026-08-25T14:02:59.000Z,2026-08-25T18:57:56.232Z,B,28,55,"Filters: Season 9.5, Competitive, Grandmaster+. Grandmaster+ is a seasonal rank-threshold population and is kept separate from the exact-rank benchmark and rolling Stats History. Percentages are displayed by RivalsTracker to two decimal places and converted to ratios without further precision. sample_matches repeats the source Matches field for each metric row. hero_rank is the displayed table order (win rate descending); tier_label is source-provided. Platform, region, and sample_players are not stated by the source and are left empty."
wolverine-s9-5-grandmaster-plus,wolverine,Wolverine,seasonalRankThreshold,9.5,competitive,grandmaster_plus,,,winRate,0.5010,ratio,29777,,rivalstracker,primary,https://rivalstracker.com/heroes/wolverine,2026-08-25T14:02:59.000Z,2026-08-25T18:57:56.232Z,B,29,55,"Filters: Season 9.5, Competitive, Grandmaster+. Grandmaster+ is a seasonal rank-threshold population and is kept separate from the exact-rank benchmark and rolling Stats History. Percentages are displayed by RivalsTracker to two decimal places and converted to ratios without further precision. sample_matches repeats the source Matches field for each metric row. hero_rank is the displayed table order (win rate descending); tier_label is source-provided. Platform, region, and sample_players are not stated by the source and are left empty."
wolverine-s9-5-grandmaster-plus,wolverine,Wolverine,seasonalRankThreshold,9.5,competitive,grandmaster_plus,,,pickRate,0.0573,ratio,29777,,rivalstracker,primary,https://rivalstracker.com/heroes/wolverine,2026-08-25T14:02:59.000Z,2026-08-25T18:57:56.232Z,B,29,55,"Filters: Season 9.5, Competitive, Grandmaster+. Grandmaster+ is a seasonal rank-threshold population and is kept separate from the exact-rank benchmark and rolling Stats History. Percentages are displayed by RivalsTracker to two decimal places and converted to ratios without further precision. sample_matches repeats the source Matches field for each metric row. hero_rank is the displayed table order (win rate descending); tier_label is source-provided. Platform, region, and sample_players are not stated by the source and are left empty."
wolverine-s9-5-grandmaster-plus,wolverine,Wolverine,seasonalRankThreshold,9.5,competitive,grandmaster_plus,,,banRate,0.0209,ratio,29777,,rivalstracker,primary,https://rivalstracker.com/heroes/wolverine,2026-08-25T14:02:59.000Z,2026-08-25T18:57:56.232Z,B,29,55,"Filters: Season 9.5, Competitive, Grandmaster+. Grandmaster+ is a seasonal rank-threshold population and is kept separate from the exact-rank benchmark and rolling Stats History. Percentages are displayed by RivalsTracker to two decimal places and converted to ratios without further precision. sample_matches repeats the source Matches field for each metric row. hero_rank is the displayed table order (win rate descending); tier_label is source-provided. Platform, region, and sample_players are not stated by the source and are left empty."
blade-s9-5-grandmaster-plus,blade,Blade,seasonalRankThreshold,9.5,competitive,grandmaster_plus,,,winRate,0.4948,ratio,21040,,rivalstracker,primary,https://rivalstracker.com/heroes/blade,2026-08-25T14:02:59.000Z,2026-08-25T18:57:56.232Z,B,30,55,"Filters: Season 9.5, Competitive, Grandmaster+. Grandmaster+ is a seasonal rank-threshold population and is kept separate from the exact-rank benchmark and rolling Stats History. Percentages are displayed by RivalsTracker to two decimal places and converted to ratios without further precision. sample_matches repeats the source Matches field for each metric row. hero_rank is the displayed table order (win rate descending); tier_label is source-provided. Platform, region, and sample_players are not stated by the source and are left empty."
blade-s9-5-grandmaster-plus,blade,Blade,seasonalRankThreshold,9.5,competitive,grandmaster_plus,,,pickRate,0.0405,ratio,21040,,rivalstracker,primary,https://rivalstracker.com/heroes/blade,2026-08-25T14:02:59.000Z,2026-08-25T18:57:56.232Z,B,30,55,"Filters: Season 9.5, Competitive, Grandmaster+. Grandmaster+ is a seasonal rank-threshold population and is kept separate from the exact-rank benchmark and rolling Stats History. Percentages are displayed by RivalsTracker to two decimal places and converted to ratios without further precision. sample_matches repeats the source Matches field for each metric row. hero_rank is the displayed table order (win rate descending); tier_label is source-provided. Platform, region, and sample_players are not stated by the source and are left empty."
blade-s9-5-grandmaster-plus,blade,Blade,seasonalRankThreshold,9.5,competitive,grandmaster_plus,,,banRate,0.0026,ratio,21040,,rivalstracker,primary,https://rivalstracker.com/heroes/blade,2026-08-25T14:02:59.000Z,2026-08-25T18:57:56.232Z,B,30,55,"Filters: Season 9.5, Competitive, Grandmaster+. Grandmaster+ is a seasonal rank-threshold population and is kept separate from the exact-rank benchmark and rolling Stats History. Percentages are displayed by RivalsTracker to two decimal places and converted to ratios without further precision. sample_matches repeats the source Matches field for each metric row. hero_rank is the displayed table order (win rate descending); tier_label is source-provided. Platform, region, and sample_players are not stated by the source and are left empty."
jubilee-s9-5-grandmaster-plus,jubilee,Jubilee,seasonalRankThreshold,9.5,competitive,grandmaster_plus,,,winRate,0.4933,ratio,126486,,rivalstracker,primary,https://rivalstracker.com/heroes/jubilee,2026-08-25T14:02:59.000Z,2026-08-25T18:57:56.232Z,B,31,55,"Filters: Season 9.5, Competitive, Grandmaster+. Grandmaster+ is a seasonal rank-threshold population and is kept separate from the exact-rank benchmark and rolling Stats History. Percentages are displayed by RivalsTracker to two decimal places and converted to ratios without further precision. sample_matches repeats the source Matches field for each metric row. hero_rank is the displayed table order (win rate descending); tier_label is source-provided. Platform, region, and sample_players are not stated by the source and are left empty."
jubilee-s9-5-grandmaster-plus,jubilee,Jubilee,seasonalRankThreshold,9.5,competitive,grandmaster_plus,,,pickRate,0.2432,ratio,126486,,rivalstracker,primary,https://rivalstracker.com/heroes/jubilee,2026-08-25T14:02:59.000Z,2026-08-25T18:57:56.232Z,B,31,55,"Filters: Season 9.5, Competitive, Grandmaster+. Grandmaster+ is a seasonal rank-threshold population and is kept separate from the exact-rank benchmark and rolling Stats History. Percentages are displayed by RivalsTracker to two decimal places and converted to ratios without further precision. sample_matches repeats the source Matches field for each metric row. hero_rank is the displayed table order (win rate descending); tier_label is source-provided. Platform, region, and sample_players are not stated by the source and are left empty."
jubilee-s9-5-grandmaster-plus,jubilee,Jubilee,seasonalRankThreshold,9.5,competitive,grandmaster_plus,,,banRate,0.0055,ratio,126486,,rivalstracker,primary,https://rivalstracker.com/heroes/jubilee,2026-08-25T14:02:59.000Z,2026-08-25T18:57:56.232Z,B,31,55,"Filters: Season 9.5, Competitive, Grandmaster+. Grandmaster+ is a seasonal rank-threshold population and is kept separate from the exact-rank benchmark and rolling Stats History. Percentages are displayed by RivalsTracker to two decimal places and converted to ratios without further precision. sample_matches repeats the source Matches field for each metric row. hero_rank is the displayed table order (win rate descending); tier_label is source-provided. Platform, region, and sample_players are not stated by the source and are left empty."
black-panther-s9-5-grandmaster-plus,black-panther,Black Panther,seasonalRankThreshold,9.5,competitive,grandmaster_plus,,,winRate,0.4928,ratio,23859,,rivalstracker,primary,https://rivalstracker.com/heroes/black-panther,2026-08-25T14:02:59.000Z,2026-08-25T18:57:56.232Z,B,32,55,"Filters: Season 9.5, Competitive, Grandmaster+. Grandmaster+ is a seasonal rank-threshold population and is kept separate from the exact-rank benchmark and rolling Stats History. Percentages are displayed by RivalsTracker to two decimal places and converted to ratios without further precision. sample_matches repeats the source Matches field for each metric row. hero_rank is the displayed table order (win rate descending); tier_label is source-provided. Platform, region, and sample_players are not stated by the source and are left empty."
black-panther-s9-5-grandmaster-plus,black-panther,Black Panther,seasonalRankThreshold,9.5,competitive,grandmaster_plus,,,pickRate,0.0459,ratio,23859,,rivalstracker,primary,https://rivalstracker.com/heroes/black-panther,2026-08-25T14:02:59.000Z,2026-08-25T18:57:56.232Z,B,32,55,"Filters: Season 9.5, Competitive, Grandmaster+. Grandmaster+ is a seasonal rank-threshold population and is kept separate from the exact-rank benchmark and rolling Stats History. Percentages are displayed by RivalsTracker to two decimal places and converted to ratios without further precision. sample_matches repeats the source Matches field for each metric row. hero_rank is the displayed table order (win rate descending); tier_label is source-provided. Platform, region, and sample_players are not stated by the source and are left empty."
black-panther-s9-5-grandmaster-plus,black-panther,Black Panther,seasonalRankThreshold,9.5,competitive,grandmaster_plus,,,banRate,0.1547,ratio,23859,,rivalstracker,primary,https://rivalstracker.com/heroes/black-panther,2026-08-25T14:02:59.000Z,2026-08-25T18:57:56.232Z,B,32,55,"Filters: Season 9.5, Competitive, Grandmaster+. Grandmaster+ is a seasonal rank-threshold population and is kept separate from the exact-rank benchmark and rolling Stats History. Percentages are displayed by RivalsTracker to two decimal places and converted to ratios without further precision. sample_matches repeats the source Matches field for each metric row. hero_rank is the displayed table order (win rate descending); tier_label is source-provided. Platform, region, and sample_players are not stated by the source and are left empty."
adam-warlock-s9-5-grandmaster-plus,adam-warlock,Adam Warlock,seasonalRankThreshold,9.5,competitive,grandmaster_plus,,,winRate,0.4901,ratio,14944,,rivalstracker,primary,https://rivalstracker.com/heroes/adam-warlock,2026-08-25T14:02:59.000Z,2026-08-25T18:57:56.232Z,C,33,55,"Filters: Season 9.5, Competitive, Grandmaster+. Grandmaster+ is a seasonal rank-threshold population and is kept separate from the exact-rank benchmark and rolling Stats History. Percentages are displayed by RivalsTracker to two decimal places and converted to ratios without further precision. sample_matches repeats the source Matches field for each metric row. hero_rank is the displayed table order (win rate descending); tier_label is source-provided. Platform, region, and sample_players are not stated by the source and are left empty."
adam-warlock-s9-5-grandmaster-plus,adam-warlock,Adam Warlock,seasonalRankThreshold,9.5,competitive,grandmaster_plus,,,pickRate,0.0287,ratio,14944,,rivalstracker,primary,https://rivalstracker.com/heroes/adam-warlock,2026-08-25T14:02:59.000Z,2026-08-25T18:57:56.232Z,C,33,55,"Filters: Season 9.5, Competitive, Grandmaster+. Grandmaster+ is a seasonal rank-threshold population and is kept separate from the exact-rank benchmark and rolling Stats History. Percentages are displayed by RivalsTracker to two decimal places and converted to ratios without further precision. sample_matches repeats the source Matches field for each metric row. hero_rank is the displayed table order (win rate descending); tier_label is source-provided. Platform, region, and sample_players are not stated by the source and are left empty."
adam-warlock-s9-5-grandmaster-plus,adam-warlock,Adam Warlock,seasonalRankThreshold,9.5,competitive,grandmaster_plus,,,banRate,0.0014,ratio,14944,,rivalstracker,primary,https://rivalstracker.com/heroes/adam-warlock,2026-08-25T14:02:59.000Z,2026-08-25T18:57:56.232Z,C,33,55,"Filters: Season 9.5, Competitive, Grandmaster+. Grandmaster+ is a seasonal rank-threshold population and is kept separate from the exact-rank benchmark and rolling Stats History. Percentages are displayed by RivalsTracker to two decimal places and converted to ratios without further precision. sample_matches repeats the source Matches field for each metric row. hero_rank is the displayed table order (win rate descending); tier_label is source-provided. Platform, region, and sample_players are not stated by the source and are left empty."
hawkeye-s9-5-grandmaster-plus,hawkeye,Hawkeye,seasonalRankThreshold,9.5,competitive,grandmaster_plus,,,winRate,0.4888,ratio,12656,,rivalstracker,primary,https://rivalstracker.com/heroes/hawkeye,2026-08-25T14:02:59.000Z,2026-08-25T18:57:56.232Z,C,34,55,"Filters: Season 9.5, Competitive, Grandmaster+. Grandmaster+ is a seasonal rank-threshold population and is kept separate from the exact-rank benchmark and rolling Stats History. Percentages are displayed by RivalsTracker to two decimal places and converted to ratios without further precision. sample_matches repeats the source Matches field for each metric row. hero_rank is the displayed table order (win rate descending); tier_label is source-provided. Platform, region, and sample_players are not stated by the source and are left empty."
hawkeye-s9-5-grandmaster-plus,hawkeye,Hawkeye,seasonalRankThreshold,9.5,competitive,grandmaster_plus,,,pickRate,0.0243,ratio,12656,,rivalstracker,primary,https://rivalstracker.com/heroes/hawkeye,2026-08-25T14:02:59.000Z,2026-08-25T18:57:56.232Z,C,34,55,"Filters: Season 9.5, Competitive, Grandmaster+. Grandmaster+ is a seasonal rank-threshold population and is kept separate from the exact-rank benchmark and rolling Stats History. Percentages are displayed by RivalsTracker to two decimal places and converted to ratios without further precision. sample_matches repeats the source Matches field for each metric row. hero_rank is the displayed table order (win rate descending); tier_label is source-provided. Platform, region, and sample_players are not stated by the source and are left empty."
hawkeye-s9-5-grandmaster-plus,hawkeye,Hawkeye,seasonalRankThreshold,9.5,competitive,grandmaster_plus,,,banRate,0.0024,ratio,12656,,rivalstracker,primary,https://rivalstracker.com/heroes/hawkeye,2026-08-25T14:02:59.000Z,2026-08-25T18:57:56.232Z,C,34,55,"Filters: Season 9.5, Competitive, Grandmaster+. Grandmaster+ is a seasonal rank-threshold population and is kept separate from the exact-rank benchmark and rolling Stats History. Percentages are displayed by RivalsTracker to two decimal places and converted to ratios without further precision. sample_matches repeats the source Matches field for each metric row. hero_rank is the displayed table order (win rate descending); tier_label is source-provided. Platform, region, and sample_players are not stated by the source and are left empty."
black-widow-s9-5-grandmaster-plus,black-widow,Black Widow,seasonalRankThreshold,9.5,competitive,grandmaster_plus,,,winRate,0.4874,ratio,48866,,rivalstracker,primary,https://rivalstracker.com/heroes/black-widow,2026-08-25T14:02:59.000Z,2026-08-25T18:57:56.232Z,B,35,55,"Filters: Season 9.5, Competitive, Grandmaster+. Grandmaster+ is a seasonal rank-threshold population and is kept separate from the exact-rank benchmark and rolling Stats History. Percentages are displayed by RivalsTracker to two decimal places and converted to ratios without further precision. sample_matches repeats the source Matches field for each metric row. hero_rank is the displayed table order (win rate descending); tier_label is source-provided. Platform, region, and sample_players are not stated by the source and are left empty."
black-widow-s9-5-grandmaster-plus,black-widow,Black Widow,seasonalRankThreshold,9.5,competitive,grandmaster_plus,,,pickRate,0.0940,ratio,48866,,rivalstracker,primary,https://rivalstracker.com/heroes/black-widow,2026-08-25T14:02:59.000Z,2026-08-25T18:57:56.232Z,B,35,55,"Filters: Season 9.5, Competitive, Grandmaster+. Grandmaster+ is a seasonal rank-threshold population and is kept separate from the exact-rank benchmark and rolling Stats History. Percentages are displayed by RivalsTracker to two decimal places and converted to ratios without further precision. sample_matches repeats the source Matches field for each metric row. hero_rank is the displayed table order (win rate descending); tier_label is source-provided. Platform, region, and sample_players are not stated by the source and are left empty."
black-widow-s9-5-grandmaster-plus,black-widow,Black Widow,seasonalRankThreshold,9.5,competitive,grandmaster_plus,,,banRate,0.0395,ratio,48866,,rivalstracker,primary,https://rivalstracker.com/heroes/black-widow,2026-08-25T14:02:59.000Z,2026-08-25T18:57:56.232Z,B,35,55,"Filters: Season 9.5, Competitive, Grandmaster+. Grandmaster+ is a seasonal rank-threshold population and is kept separate from the exact-rank benchmark and rolling Stats History. Percentages are displayed by RivalsTracker to two decimal places and converted to ratios without further precision. sample_matches repeats the source Matches field for each metric row. hero_rank is the displayed table order (win rate descending); tier_label is source-provided. Platform, region, and sample_players are not stated by the source and are left empty."
devil-dinosaur-s9-5-grandmaster-plus,devil-dinosaur,Devil Dinosaur,seasonalRankThreshold,9.5,competitive,grandmaster_plus,,,winRate,0.4858,ratio,26950,,rivalstracker,primary,https://rivalstracker.com/heroes/devil-dinosaur,2026-08-25T14:02:59.000Z,2026-08-25T18:57:56.232Z,C,36,55,"Filters: Season 9.5, Competitive, Grandmaster+. Grandmaster+ is a seasonal rank-threshold population and is kept separate from the exact-rank benchmark and rolling Stats History. Percentages are displayed by RivalsTracker to two decimal places and converted to ratios without further precision. sample_matches repeats the source Matches field for each metric row. hero_rank is the displayed table order (win rate descending); tier_label is source-provided. Platform, region, and sample_players are not stated by the source and are left empty."
devil-dinosaur-s9-5-grandmaster-plus,devil-dinosaur,Devil Dinosaur,seasonalRankThreshold,9.5,competitive,grandmaster_plus,,,pickRate,0.0518,ratio,26950,,rivalstracker,primary,https://rivalstracker.com/heroes/devil-dinosaur,2026-08-25T14:02:59.000Z,2026-08-25T18:57:56.232Z,C,36,55,"Filters: Season 9.5, Competitive, Grandmaster+. Grandmaster+ is a seasonal rank-threshold population and is kept separate from the exact-rank benchmark and rolling Stats History. Percentages are displayed by RivalsTracker to two decimal places and converted to ratios without further precision. sample_matches repeats the source Matches field for each metric row. hero_rank is the displayed table order (win rate descending); tier_label is source-provided. Platform, region, and sample_players are not stated by the source and are left empty."
devil-dinosaur-s9-5-grandmaster-plus,devil-dinosaur,Devil Dinosaur,seasonalRankThreshold,9.5,competitive,grandmaster_plus,,,banRate,0.0044,ratio,26950,,rivalstracker,primary,https://rivalstracker.com/heroes/devil-dinosaur,2026-08-25T14:02:59.000Z,2026-08-25T18:57:56.232Z,C,36,55,"Filters: Season 9.5, Competitive, Grandmaster+. Grandmaster+ is a seasonal rank-threshold population and is kept separate from the exact-rank benchmark and rolling Stats History. Percentages are displayed by RivalsTracker to two decimal places and converted to ratios without further precision. sample_matches repeats the source Matches field for each metric row. hero_rank is the displayed table order (win rate descending); tier_label is source-provided. Platform, region, and sample_players are not stated by the source and are left empty."
moon-knight-s9-5-grandmaster-plus,moon-knight,Moon Knight,seasonalRankThreshold,9.5,competitive,grandmaster_plus,,,winRate,0.4837,ratio,23684,,rivalstracker,primary,https://rivalstracker.com/heroes/moon-knight,2026-08-25T14:02:59.000Z,2026-08-25T18:57:56.232Z,C,37,55,"Filters: Season 9.5, Competitive, Grandmaster+. Grandmaster+ is a seasonal rank-threshold population and is kept separate from the exact-rank benchmark and rolling Stats History. Percentages are displayed by RivalsTracker to two decimal places and converted to ratios without further precision. sample_matches repeats the source Matches field for each metric row. hero_rank is the displayed table order (win rate descending); tier_label is source-provided. Platform, region, and sample_players are not stated by the source and are left empty."
moon-knight-s9-5-grandmaster-plus,moon-knight,Moon Knight,seasonalRankThreshold,9.5,competitive,grandmaster_plus,,,pickRate,0.0455,ratio,23684,,rivalstracker,primary,https://rivalstracker.com/heroes/moon-knight,2026-08-25T14:02:59.000Z,2026-08-25T18:57:56.232Z,C,37,55,"Filters: Season 9.5, Competitive, Grandmaster+. Grandmaster+ is a seasonal rank-threshold population and is kept separate from the exact-rank benchmark and rolling Stats History. Percentages are displayed by RivalsTracker to two decimal places and converted to ratios without further precision. sample_matches repeats the source Matches field for each metric row. hero_rank is the displayed table order (win rate descending); tier_label is source-provided. Platform, region, and sample_players are not stated by the source and are left empty."
moon-knight-s9-5-grandmaster-plus,moon-knight,Moon Knight,seasonalRankThreshold,9.5,competitive,grandmaster_plus,,,banRate,0.0023,ratio,23684,,rivalstracker,primary,https://rivalstracker.com/heroes/moon-knight,2026-08-25T14:02:59.000Z,2026-08-25T18:57:56.232Z,C,37,55,"Filters: Season 9.5, Competitive, Grandmaster+. Grandmaster+ is a seasonal rank-threshold population and is kept separate from the exact-rank benchmark and rolling Stats History. Percentages are displayed by RivalsTracker to two decimal places and converted to ratios without further precision. sample_matches repeats the source Matches field for each metric row. hero_rank is the displayed table order (win rate descending); tier_label is source-provided. Platform, region, and sample_players are not stated by the source and are left empty."
gambit-s9-5-grandmaster-plus,gambit,Gambit,seasonalRankThreshold,9.5,competitive,grandmaster_plus,,,winRate,0.4835,ratio,117653,,rivalstracker,primary,https://rivalstracker.com/heroes/gambit,2026-08-25T14:02:59.000Z,2026-08-25T18:57:56.232Z,B,38,55,"Filters: Season 9.5, Competitive, Grandmaster+. Grandmaster+ is a seasonal rank-threshold population and is kept separate from the exact-rank benchmark and rolling Stats History. Percentages are displayed by RivalsTracker to two decimal places and converted to ratios without further precision. sample_matches repeats the source Matches field for each metric row. hero_rank is the displayed table order (win rate descending); tier_label is source-provided. Platform, region, and sample_players are not stated by the source and are left empty."
gambit-s9-5-grandmaster-plus,gambit,Gambit,seasonalRankThreshold,9.5,competitive,grandmaster_plus,,,pickRate,0.2263,ratio,117653,,rivalstracker,primary,https://rivalstracker.com/heroes/gambit,2026-08-25T14:02:59.000Z,2026-08-25T18:57:56.232Z,B,38,55,"Filters: Season 9.5, Competitive, Grandmaster+. Grandmaster+ is a seasonal rank-threshold population and is kept separate from the exact-rank benchmark and rolling Stats History. Percentages are displayed by RivalsTracker to two decimal places and converted to ratios without further precision. sample_matches repeats the source Matches field for each metric row. hero_rank is the displayed table order (win rate descending); tier_label is source-provided. Platform, region, and sample_players are not stated by the source and are left empty."
gambit-s9-5-grandmaster-plus,gambit,Gambit,seasonalRankThreshold,9.5,competitive,grandmaster_plus,,,banRate,0.2355,ratio,117653,,rivalstracker,primary,https://rivalstracker.com/heroes/gambit,2026-08-25T14:02:59.000Z,2026-08-25T18:57:56.232Z,B,38,55,"Filters: Season 9.5, Competitive, Grandmaster+. Grandmaster+ is a seasonal rank-threshold population and is kept separate from the exact-rank benchmark and rolling Stats History. Percentages are displayed by RivalsTracker to two decimal places and converted to ratios without further precision. sample_matches repeats the source Matches field for each metric row. hero_rank is the displayed table order (win rate descending); tier_label is source-provided. Platform, region, and sample_players are not stated by the source and are left empty."
cloak-and-dagger-s9-5-grandmaster-plus,cloak-and-dagger,Cloak & Dagger,seasonalRankThreshold,9.5,competitive,grandmaster_plus,,,winRate,0.4800,ratio,189541,,rivalstracker,primary,https://rivalstracker.com/heroes/cloak-&-dagger,2026-08-25T14:02:59.000Z,2026-08-25T18:57:56.232Z,B,39,55,"Filters: Season 9.5, Competitive, Grandmaster+. Grandmaster+ is a seasonal rank-threshold population and is kept separate from the exact-rank benchmark and rolling Stats History. Percentages are displayed by RivalsTracker to two decimal places and converted to ratios without further precision. sample_matches repeats the source Matches field for each metric row. hero_rank is the displayed table order (win rate descending); tier_label is source-provided. Platform, region, and sample_players are not stated by the source and are left empty."
cloak-and-dagger-s9-5-grandmaster-plus,cloak-and-dagger,Cloak & Dagger,seasonalRankThreshold,9.5,competitive,grandmaster_plus,,,pickRate,0.3645,ratio,189541,,rivalstracker,primary,https://rivalstracker.com/heroes/cloak-&-dagger,2026-08-25T14:02:59.000Z,2026-08-25T18:57:56.232Z,B,39,55,"Filters: Season 9.5, Competitive, Grandmaster+. Grandmaster+ is a seasonal rank-threshold population and is kept separate from the exact-rank benchmark and rolling Stats History. Percentages are displayed by RivalsTracker to two decimal places and converted to ratios without further precision. sample_matches repeats the source Matches field for each metric row. hero_rank is the displayed table order (win rate descending); tier_label is source-provided. Platform, region, and sample_players are not stated by the source and are left empty."
cloak-and-dagger-s9-5-grandmaster-plus,cloak-and-dagger,Cloak & Dagger,seasonalRankThreshold,9.5,competitive,grandmaster_plus,,,banRate,0.1706,ratio,189541,,rivalstracker,primary,https://rivalstracker.com/heroes/cloak-&-dagger,2026-08-25T14:02:59.000Z,2026-08-25T18:57:56.232Z,B,39,55,"Filters: Season 9.5, Competitive, Grandmaster+. Grandmaster+ is a seasonal rank-threshold population and is kept separate from the exact-rank benchmark and rolling Stats History. Percentages are displayed by RivalsTracker to two decimal places and converted to ratios without further precision. sample_matches repeats the source Matches field for each metric row. hero_rank is the displayed table order (win rate descending); tier_label is source-provided. Platform, region, and sample_players are not stated by the source and are left empty."
doctor-strange-s9-5-grandmaster-plus,doctor-strange,Doctor Strange,seasonalRankThreshold,9.5,competitive,grandmaster_plus,,,winRate,0.4798,ratio,86960,,rivalstracker,primary,https://rivalstracker.com/heroes/doctor-strange,2026-08-25T14:02:59.000Z,2026-08-25T18:57:56.232Z,C,40,55,"Filters: Season 9.5, Competitive, Grandmaster+. Grandmaster+ is a seasonal rank-threshold population and is kept separate from the exact-rank benchmark and rolling Stats History. Percentages are displayed by RivalsTracker to two decimal places and converted to ratios without further precision. sample_matches repeats the source Matches field for each metric row. hero_rank is the displayed table order (win rate descending); tier_label is source-provided. Platform, region, and sample_players are not stated by the source and are left empty."
doctor-strange-s9-5-grandmaster-plus,doctor-strange,Doctor Strange,seasonalRankThreshold,9.5,competitive,grandmaster_plus,,,pickRate,0.1672,ratio,86960,,rivalstracker,primary,https://rivalstracker.com/heroes/doctor-strange,2026-08-25T14:02:59.000Z,2026-08-25T18:57:56.232Z,C,40,55,"Filters: Season 9.5, Competitive, Grandmaster+. Grandmaster+ is a seasonal rank-threshold population and is kept separate from the exact-rank benchmark and rolling Stats History. Percentages are displayed by RivalsTracker to two decimal places and converted to ratios without further precision. sample_matches repeats the source Matches field for each metric row. hero_rank is the displayed table order (win rate descending); tier_label is source-provided. Platform, region, and sample_players are not stated by the source and are left empty."
doctor-strange-s9-5-grandmaster-plus,doctor-strange,Doctor Strange,seasonalRankThreshold,9.5,competitive,grandmaster_plus,,,banRate,0.0026,ratio,86960,,rivalstracker,primary,https://rivalstracker.com/heroes/doctor-strange,2026-08-25T14:02:59.000Z,2026-08-25T18:57:56.232Z,C,40,55,"Filters: Season 9.5, Competitive, Grandmaster+. Grandmaster+ is a seasonal rank-threshold population and is kept separate from the exact-rank benchmark and rolling Stats History. Percentages are displayed by RivalsTracker to two decimal places and converted to ratios without further precision. sample_matches repeats the source Matches field for each metric row. hero_rank is the displayed table order (win rate descending); tier_label is source-provided. Platform, region, and sample_players are not stated by the source and are left empty."
winter-soldier-s9-5-grandmaster-plus,winter-soldier,Winter Soldier,seasonalRankThreshold,9.5,competitive,grandmaster_plus,,,winRate,0.4790,ratio,153489,,rivalstracker,primary,https://rivalstracker.com/heroes/winter-soldier,2026-08-25T14:02:59.000Z,2026-08-25T18:57:56.232Z,B,41,55,"Filters: Season 9.5, Competitive, Grandmaster+. Grandmaster+ is a seasonal rank-threshold population and is kept separate from the exact-rank benchmark and rolling Stats History. Percentages are displayed by RivalsTracker to two decimal places and converted to ratios without further precision. sample_matches repeats the source Matches field for each metric row. hero_rank is the displayed table order (win rate descending); tier_label is source-provided. Platform, region, and sample_players are not stated by the source and are left empty."
winter-soldier-s9-5-grandmaster-plus,winter-soldier,Winter Soldier,seasonalRankThreshold,9.5,competitive,grandmaster_plus,,,pickRate,0.2952,ratio,153489,,rivalstracker,primary,https://rivalstracker.com/heroes/winter-soldier,2026-08-25T14:02:59.000Z,2026-08-25T18:57:56.232Z,B,41,55,"Filters: Season 9.5, Competitive, Grandmaster+. Grandmaster+ is a seasonal rank-threshold population and is kept separate from the exact-rank benchmark and rolling Stats History. Percentages are displayed by RivalsTracker to two decimal places and converted to ratios without further precision. sample_matches repeats the source Matches field for each metric row. hero_rank is the displayed table order (win rate descending); tier_label is source-provided. Platform, region, and sample_players are not stated by the source and are left empty."
winter-soldier-s9-5-grandmaster-plus,winter-soldier,Winter Soldier,seasonalRankThreshold,9.5,competitive,grandmaster_plus,,,banRate,0.1078,ratio,153489,,rivalstracker,primary,https://rivalstracker.com/heroes/winter-soldier,2026-08-25T14:02:59.000Z,2026-08-25T18:57:56.232Z,B,41,55,"Filters: Season 9.5, Competitive, Grandmaster+. Grandmaster+ is a seasonal rank-threshold population and is kept separate from the exact-rank benchmark and rolling Stats History. Percentages are displayed by RivalsTracker to two decimal places and converted to ratios without further precision. sample_matches repeats the source Matches field for each metric row. hero_rank is the displayed table order (win rate descending); tier_label is source-provided. Platform, region, and sample_players are not stated by the source and are left empty."
deadpool-duelist-s9-5-grandmaster-plus,deadpool-duelist,Deadpool (Duelist),seasonalRankThreshold,9.5,competitive,grandmaster_plus,,,winRate,0.4712,ratio,17674,,rivalstracker,primary,https://rivalstracker.com/heroes/deadpool-duelist,2026-08-25T14:02:59.000Z,2026-08-25T18:57:56.232Z,C,42,55,"Filters: Season 9.5, Competitive, Grandmaster+. Grandmaster+ is a seasonal rank-threshold population and is kept separate from the exact-rank benchmark and rolling Stats History. Percentages are displayed by RivalsTracker to two decimal places and converted to ratios without further precision. sample_matches repeats the source Matches field for each metric row. hero_rank is the displayed table order (win rate descending); tier_label is source-provided. Platform, region, and sample_players are not stated by the source and are left empty."
deadpool-duelist-s9-5-grandmaster-plus,deadpool-duelist,Deadpool (Duelist),seasonalRankThreshold,9.5,competitive,grandmaster_plus,,,pickRate,0.0340,ratio,17674,,rivalstracker,primary,https://rivalstracker.com/heroes/deadpool-duelist,2026-08-25T14:02:59.000Z,2026-08-25T18:57:56.232Z,C,42,55,"Filters: Season 9.5, Competitive, Grandmaster+. Grandmaster+ is a seasonal rank-threshold population and is kept separate from the exact-rank benchmark and rolling Stats History. Percentages are displayed by RivalsTracker to two decimal places and converted to ratios without further precision. sample_matches repeats the source Matches field for each metric row. hero_rank is the displayed table order (win rate descending); tier_label is source-provided. Platform, region, and sample_players are not stated by the source and are left empty."
deadpool-duelist-s9-5-grandmaster-plus,deadpool-duelist,Deadpool (Duelist),seasonalRankThreshold,9.5,competitive,grandmaster_plus,,,banRate,0.0043,ratio,17674,,rivalstracker,primary,https://rivalstracker.com/heroes/deadpool-duelist,2026-08-25T14:02:59.000Z,2026-08-25T18:57:56.232Z,C,42,55,"Filters: Season 9.5, Competitive, Grandmaster+. Grandmaster+ is a seasonal rank-threshold population and is kept separate from the exact-rank benchmark and rolling Stats History. Percentages are displayed by RivalsTracker to two decimal places and converted to ratios without further precision. sample_matches repeats the source Matches field for each metric row. hero_rank is the displayed table order (win rate descending); tier_label is source-provided. Platform, region, and sample_players are not stated by the source and are left empty."
invisible-woman-s9-5-grandmaster-plus,invisible-woman,Invisible Woman,seasonalRankThreshold,9.5,competitive,grandmaster_plus,,,winRate,0.4687,ratio,146453,,rivalstracker,primary,https://rivalstracker.com/heroes/invisible-woman,2026-08-25T14:02:59.000Z,2026-08-25T18:57:56.232Z,B,43,55,"Filters: Season 9.5, Competitive, Grandmaster+. Grandmaster+ is a seasonal rank-threshold population and is kept separate from the exact-rank benchmark and rolling Stats History. Percentages are displayed by RivalsTracker to two decimal places and converted to ratios without further precision. sample_matches repeats the source Matches field for each metric row. hero_rank is the displayed table order (win rate descending); tier_label is source-provided. Platform, region, and sample_players are not stated by the source and are left empty."
invisible-woman-s9-5-grandmaster-plus,invisible-woman,Invisible Woman,seasonalRankThreshold,9.5,competitive,grandmaster_plus,,,pickRate,0.2816,ratio,146453,,rivalstracker,primary,https://rivalstracker.com/heroes/invisible-woman,2026-08-25T14:02:59.000Z,2026-08-25T18:57:56.232Z,B,43,55,"Filters: Season 9.5, Competitive, Grandmaster+. Grandmaster+ is a seasonal rank-threshold population and is kept separate from the exact-rank benchmark and rolling Stats History. Percentages are displayed by RivalsTracker to two decimal places and converted to ratios without further precision. sample_matches repeats the source Matches field for each metric row. hero_rank is the displayed table order (win rate descending); tier_label is source-provided. Platform, region, and sample_players are not stated by the source and are left empty."
invisible-woman-s9-5-grandmaster-plus,invisible-woman,Invisible Woman,seasonalRankThreshold,9.5,competitive,grandmaster_plus,,,banRate,0.0061,ratio,146453,,rivalstracker,primary,https://rivalstracker.com/heroes/invisible-woman,2026-08-25T14:02:59.000Z,2026-08-25T18:57:56.232Z,B,43,55,"Filters: Season 9.5, Competitive, Grandmaster+. Grandmaster+ is a seasonal rank-threshold population and is kept separate from the exact-rank benchmark and rolling Stats History. Percentages are displayed by RivalsTracker to two decimal places and converted to ratios without further precision. sample_matches repeats the source Matches field for each metric row. hero_rank is the displayed table order (win rate descending); tier_label is source-provided. Platform, region, and sample_players are not stated by the source and are left empty."
the-punisher-s9-5-grandmaster-plus,the-punisher,The Punisher,seasonalRankThreshold,9.5,competitive,grandmaster_plus,,,winRate,0.4585,ratio,49599,,rivalstracker,primary,https://rivalstracker.com/heroes/the-punisher,2026-08-25T14:02:59.000Z,2026-08-25T18:57:56.232Z,C,44,55,"Filters: Season 9.5, Competitive, Grandmaster+. Grandmaster+ is a seasonal rank-threshold population and is kept separate from the exact-rank benchmark and rolling Stats History. Percentages are displayed by RivalsTracker to two decimal places and converted to ratios without further precision. sample_matches repeats the source Matches field for each metric row. hero_rank is the displayed table order (win rate descending); tier_label is source-provided. Platform, region, and sample_players are not stated by the source and are left empty."
the-punisher-s9-5-grandmaster-plus,the-punisher,The Punisher,seasonalRankThreshold,9.5,competitive,grandmaster_plus,,,pickRate,0.0954,ratio,49599,,rivalstracker,primary,https://rivalstracker.com/heroes/the-punisher,2026-08-25T14:02:59.000Z,2026-08-25T18:57:56.232Z,C,44,55,"Filters: Season 9.5, Competitive, Grandmaster+. Grandmaster+ is a seasonal rank-threshold population and is kept separate from the exact-rank benchmark and rolling Stats History. Percentages are displayed by RivalsTracker to two decimal places and converted to ratios without further precision. sample_matches repeats the source Matches field for each metric row. hero_rank is the displayed table order (win rate descending); tier_label is source-provided. Platform, region, and sample_players are not stated by the source and are left empty."
the-punisher-s9-5-grandmaster-plus,the-punisher,The Punisher,seasonalRankThreshold,9.5,competitive,grandmaster_plus,,,banRate,0.0634,ratio,49599,,rivalstracker,primary,https://rivalstracker.com/heroes/the-punisher,2026-08-25T14:02:59.000Z,2026-08-25T18:57:56.232Z,C,44,55,"Filters: Season 9.5, Competitive, Grandmaster+. Grandmaster+ is a seasonal rank-threshold population and is kept separate from the exact-rank benchmark and rolling Stats History. Percentages are displayed by RivalsTracker to two decimal places and converted to ratios without further precision. sample_matches repeats the source Matches field for each metric row. hero_rank is the displayed table order (win rate descending); tier_label is source-provided. Platform, region, and sample_players are not stated by the source and are left empty."
jeff-the-land-shark-s9-5-grandmaster-plus,jeff-the-land-shark,Jeff The Land Shark,seasonalRankThreshold,9.5,competitive,grandmaster_plus,,,winRate,0.4549,ratio,29394,,rivalstracker,primary,https://rivalstracker.com/heroes/jeff-the-land-shark,2026-08-25T14:02:59.000Z,2026-08-25T18:57:56.232Z,C,45,55,"Filters: Season 9.5, Competitive, Grandmaster+. Grandmaster+ is a seasonal rank-threshold population and is kept separate from the exact-rank benchmark and rolling Stats History. Percentages are displayed by RivalsTracker to two decimal places and converted to ratios without further precision. sample_matches repeats the source Matches field for each metric row. hero_rank is the displayed table order (win rate descending); tier_label is source-provided. Platform, region, and sample_players are not stated by the source and are left empty."
jeff-the-land-shark-s9-5-grandmaster-plus,jeff-the-land-shark,Jeff The Land Shark,seasonalRankThreshold,9.5,competitive,grandmaster_plus,,,pickRate,0.0565,ratio,29394,,rivalstracker,primary,https://rivalstracker.com/heroes/jeff-the-land-shark,2026-08-25T14:02:59.000Z,2026-08-25T18:57:56.232Z,C,45,55,"Filters: Season 9.5, Competitive, Grandmaster+. Grandmaster+ is a seasonal rank-threshold population and is kept separate from the exact-rank benchmark and rolling Stats History. Percentages are displayed by RivalsTracker to two decimal places and converted to ratios without further precision. sample_matches repeats the source Matches field for each metric row. hero_rank is the displayed table order (win rate descending); tier_label is source-provided. Platform, region, and sample_players are not stated by the source and are left empty."
jeff-the-land-shark-s9-5-grandmaster-plus,jeff-the-land-shark,Jeff The Land Shark,seasonalRankThreshold,9.5,competitive,grandmaster_plus,,,banRate,0.0017,ratio,29394,,rivalstracker,primary,https://rivalstracker.com/heroes/jeff-the-land-shark,2026-08-25T14:02:59.000Z,2026-08-25T18:57:56.232Z,C,45,55,"Filters: Season 9.5, Competitive, Grandmaster+. Grandmaster+ is a seasonal rank-threshold population and is kept separate from the exact-rank benchmark and rolling Stats History. Percentages are displayed by RivalsTracker to two decimal places and converted to ratios without further precision. sample_matches repeats the source Matches field for each metric row. hero_rank is the displayed table order (win rate descending); tier_label is source-provided. Platform, region, and sample_players are not stated by the source and are left empty."
emma-frost-s9-5-grandmaster-plus,emma-frost,Emma Frost,seasonalRankThreshold,9.5,competitive,grandmaster_plus,,,winRate,0.4494,ratio,101532,,rivalstracker,primary,https://rivalstracker.com/heroes/emma-frost,2026-08-25T14:02:59.000Z,2026-08-25T18:57:56.232Z,C,46,55,"Filters: Season 9.5, Competitive, Grandmaster+. Grandmaster+ is a seasonal rank-threshold population and is kept separate from the exact-rank benchmark and rolling Stats History. Percentages are displayed by RivalsTracker to two decimal places and converted to ratios without further precision. sample_matches repeats the source Matches field for each metric row. hero_rank is the displayed table order (win rate descending); tier_label is source-provided. Platform, region, and sample_players are not stated by the source and are left empty."
emma-frost-s9-5-grandmaster-plus,emma-frost,Emma Frost,seasonalRankThreshold,9.5,competitive,grandmaster_plus,,,pickRate,0.1953,ratio,101532,,rivalstracker,primary,https://rivalstracker.com/heroes/emma-frost,2026-08-25T14:02:59.000Z,2026-08-25T18:57:56.232Z,C,46,55,"Filters: Season 9.5, Competitive, Grandmaster+. Grandmaster+ is a seasonal rank-threshold population and is kept separate from the exact-rank benchmark and rolling Stats History. Percentages are displayed by RivalsTracker to two decimal places and converted to ratios without further precision. sample_matches repeats the source Matches field for each metric row. hero_rank is the displayed table order (win rate descending); tier_label is source-provided. Platform, region, and sample_players are not stated by the source and are left empty."
emma-frost-s9-5-grandmaster-plus,emma-frost,Emma Frost,seasonalRankThreshold,9.5,competitive,grandmaster_plus,,,banRate,0.0141,ratio,101532,,rivalstracker,primary,https://rivalstracker.com/heroes/emma-frost,2026-08-25T14:02:59.000Z,2026-08-25T18:57:56.232Z,C,46,55,"Filters: Season 9.5, Competitive, Grandmaster+. Grandmaster+ is a seasonal rank-threshold population and is kept separate from the exact-rank benchmark and rolling Stats History. Percentages are displayed by RivalsTracker to two decimal places and converted to ratios without further precision. sample_matches repeats the source Matches field for each metric row. hero_rank is the displayed table order (win rate descending); tier_label is source-provided. Platform, region, and sample_players are not stated by the source and are left empty."
scarlet-witch-s9-5-grandmaster-plus,scarlet-witch,Scarlet Witch,seasonalRankThreshold,9.5,competitive,grandmaster_plus,,,winRate,0.4451,ratio,17150,,rivalstracker,primary,https://rivalstracker.com/heroes/scarlet-witch,2026-08-25T14:02:59.000Z,2026-08-25T18:57:56.232Z,D,47,55,"Filters: Season 9.5, Competitive, Grandmaster+. Grandmaster+ is a seasonal rank-threshold population and is kept separate from the exact-rank benchmark and rolling Stats History. Percentages are displayed by RivalsTracker to two decimal places and converted to ratios without further precision. sample_matches repeats the source Matches field for each metric row. hero_rank is the displayed table order (win rate descending); tier_label is source-provided. Platform, region, and sample_players are not stated by the source and are left empty."
scarlet-witch-s9-5-grandmaster-plus,scarlet-witch,Scarlet Witch,seasonalRankThreshold,9.5,competitive,grandmaster_plus,,,pickRate,0.0330,ratio,17150,,rivalstracker,primary,https://rivalstracker.com/heroes/scarlet-witch,2026-08-25T14:02:59.000Z,2026-08-25T18:57:56.232Z,D,47,55,"Filters: Season 9.5, Competitive, Grandmaster+. Grandmaster+ is a seasonal rank-threshold population and is kept separate from the exact-rank benchmark and rolling Stats History. Percentages are displayed by RivalsTracker to two decimal places and converted to ratios without further precision. sample_matches repeats the source Matches field for each metric row. hero_rank is the displayed table order (win rate descending); tier_label is source-provided. Platform, region, and sample_players are not stated by the source and are left empty."
scarlet-witch-s9-5-grandmaster-plus,scarlet-witch,Scarlet Witch,seasonalRankThreshold,9.5,competitive,grandmaster_plus,,,banRate,0.0011,ratio,17150,,rivalstracker,primary,https://rivalstracker.com/heroes/scarlet-witch,2026-08-25T14:02:59.000Z,2026-08-25T18:57:56.232Z,D,47,55,"Filters: Season 9.5, Competitive, Grandmaster+. Grandmaster+ is a seasonal rank-threshold population and is kept separate from the exact-rank benchmark and rolling Stats History. Percentages are displayed by RivalsTracker to two decimal places and converted to ratios without further precision. sample_matches repeats the source Matches field for each metric row. hero_rank is the displayed table order (win rate descending); tier_label is source-provided. Platform, region, and sample_players are not stated by the source and are left empty."
luna-snow-s9-5-grandmaster-plus,luna-snow,Luna Snow,seasonalRankThreshold,9.5,competitive,grandmaster_plus,,,winRate,0.4434,ratio,115620,,rivalstracker,primary,https://rivalstracker.com/heroes/luna-snow,2026-08-25T14:02:59.000Z,2026-08-25T18:57:56.232Z,C,48,55,"Filters: Season 9.5, Competitive, Grandmaster+. Grandmaster+ is a seasonal rank-threshold population and is kept separate from the exact-rank benchmark and rolling Stats History. Percentages are displayed by RivalsTracker to two decimal places and converted to ratios without further precision. sample_matches repeats the source Matches field for each metric row. hero_rank is the displayed table order (win rate descending); tier_label is source-provided. Platform, region, and sample_players are not stated by the source and are left empty."
luna-snow-s9-5-grandmaster-plus,luna-snow,Luna Snow,seasonalRankThreshold,9.5,competitive,grandmaster_plus,,,pickRate,0.2223,ratio,115620,,rivalstracker,primary,https://rivalstracker.com/heroes/luna-snow,2026-08-25T14:02:59.000Z,2026-08-25T18:57:56.232Z,C,48,55,"Filters: Season 9.5, Competitive, Grandmaster+. Grandmaster+ is a seasonal rank-threshold population and is kept separate from the exact-rank benchmark and rolling Stats History. Percentages are displayed by RivalsTracker to two decimal places and converted to ratios without further precision. sample_matches repeats the source Matches field for each metric row. hero_rank is the displayed table order (win rate descending); tier_label is source-provided. Platform, region, and sample_players are not stated by the source and are left empty."
luna-snow-s9-5-grandmaster-plus,luna-snow,Luna Snow,seasonalRankThreshold,9.5,competitive,grandmaster_plus,,,banRate,0.0042,ratio,115620,,rivalstracker,primary,https://rivalstracker.com/heroes/luna-snow,2026-08-25T14:02:59.000Z,2026-08-25T18:57:56.232Z,C,48,55,"Filters: Season 9.5, Competitive, Grandmaster+. Grandmaster+ is a seasonal rank-threshold population and is kept separate from the exact-rank benchmark and rolling Stats History. Percentages are displayed by RivalsTracker to two decimal places and converted to ratios without further precision. sample_matches repeats the source Matches field for each metric row. hero_rank is the displayed table order (win rate descending); tier_label is source-provided. Platform, region, and sample_players are not stated by the source and are left empty."
white-fox-s9-5-grandmaster-plus,white-fox,White Fox,seasonalRankThreshold,9.5,competitive,grandmaster_plus,,,winRate,0.4365,ratio,50065,,rivalstracker,primary,https://rivalstracker.com/heroes/white-fox,2026-08-25T14:02:59.000Z,2026-08-25T18:57:56.232Z,C,49,55,"Filters: Season 9.5, Competitive, Grandmaster+. Grandmaster+ is a seasonal rank-threshold population and is kept separate from the exact-rank benchmark and rolling Stats History. Percentages are displayed by RivalsTracker to two decimal places and converted to ratios without further precision. sample_matches repeats the source Matches field for each metric row. hero_rank is the displayed table order (win rate descending); tier_label is source-provided. Platform, region, and sample_players are not stated by the source and are left empty."
white-fox-s9-5-grandmaster-plus,white-fox,White Fox,seasonalRankThreshold,9.5,competitive,grandmaster_plus,,,pickRate,0.0963,ratio,50065,,rivalstracker,primary,https://rivalstracker.com/heroes/white-fox,2026-08-25T14:02:59.000Z,2026-08-25T18:57:56.232Z,C,49,55,"Filters: Season 9.5, Competitive, Grandmaster+. Grandmaster+ is a seasonal rank-threshold population and is kept separate from the exact-rank benchmark and rolling Stats History. Percentages are displayed by RivalsTracker to two decimal places and converted to ratios without further precision. sample_matches repeats the source Matches field for each metric row. hero_rank is the displayed table order (win rate descending); tier_label is source-provided. Platform, region, and sample_players are not stated by the source and are left empty."
white-fox-s9-5-grandmaster-plus,white-fox,White Fox,seasonalRankThreshold,9.5,competitive,grandmaster_plus,,,banRate,0.0016,ratio,50065,,rivalstracker,primary,https://rivalstracker.com/heroes/white-fox,2026-08-25T14:02:59.000Z,2026-08-25T18:57:56.232Z,C,49,55,"Filters: Season 9.5, Competitive, Grandmaster+. Grandmaster+ is a seasonal rank-threshold population and is kept separate from the exact-rank benchmark and rolling Stats History. Percentages are displayed by RivalsTracker to two decimal places and converted to ratios without further precision. sample_matches repeats the source Matches field for each metric row. hero_rank is the displayed table order (win rate descending); tier_label is source-provided. Platform, region, and sample_players are not stated by the source and are left empty."
namor-s9-5-grandmaster-plus,namor,Namor,seasonalRankThreshold,9.5,competitive,grandmaster_plus,,,winRate,0.4362,ratio,56817,,rivalstracker,primary,https://rivalstracker.com/heroes/namor,2026-08-25T14:02:59.000Z,2026-08-25T18:57:56.232Z,C,50,55,"Filters: Season 9.5, Competitive, Grandmaster+. Grandmaster+ is a seasonal rank-threshold population and is kept separate from the exact-rank benchmark and rolling Stats History. Percentages are displayed by RivalsTracker to two decimal places and converted to ratios without further precision. sample_matches repeats the source Matches field for each metric row. hero_rank is the displayed table order (win rate descending); tier_label is source-provided. Platform, region, and sample_players are not stated by the source and are left empty."
namor-s9-5-grandmaster-plus,namor,Namor,seasonalRankThreshold,9.5,competitive,grandmaster_plus,,,pickRate,0.1093,ratio,56817,,rivalstracker,primary,https://rivalstracker.com/heroes/namor,2026-08-25T14:02:59.000Z,2026-08-25T18:57:56.232Z,C,50,55,"Filters: Season 9.5, Competitive, Grandmaster+. Grandmaster+ is a seasonal rank-threshold population and is kept separate from the exact-rank benchmark and rolling Stats History. Percentages are displayed by RivalsTracker to two decimal places and converted to ratios without further precision. sample_matches repeats the source Matches field for each metric row. hero_rank is the displayed table order (win rate descending); tier_label is source-provided. Platform, region, and sample_players are not stated by the source and are left empty."
namor-s9-5-grandmaster-plus,namor,Namor,seasonalRankThreshold,9.5,competitive,grandmaster_plus,,,banRate,0.0777,ratio,56817,,rivalstracker,primary,https://rivalstracker.com/heroes/namor,2026-08-25T14:02:59.000Z,2026-08-25T18:57:56.232Z,C,50,55,"Filters: Season 9.5, Competitive, Grandmaster+. Grandmaster+ is a seasonal rank-threshold population and is kept separate from the exact-rank benchmark and rolling Stats History. Percentages are displayed by RivalsTracker to two decimal places and converted to ratios without further precision. sample_matches repeats the source Matches field for each metric row. hero_rank is the displayed table order (win rate descending); tier_label is source-provided. Platform, region, and sample_players are not stated by the source and are left empty."
cyclops-s9-5-grandmaster-plus,cyclops,Cyclops,seasonalRankThreshold,9.5,competitive,grandmaster_plus,,,winRate,0.4345,ratio,55232,,rivalstracker,primary,https://rivalstracker.com/heroes/cyclops,2026-08-25T14:02:59.000Z,2026-08-25T18:57:56.232Z,C,51,55,"Filters: Season 9.5, Competitive, Grandmaster+. Grandmaster+ is a seasonal rank-threshold population and is kept separate from the exact-rank benchmark and rolling Stats History. Percentages are displayed by RivalsTracker to two decimal places and converted to ratios without further precision. sample_matches repeats the source Matches field for each metric row. hero_rank is the displayed table order (win rate descending); tier_label is source-provided. Platform, region, and sample_players are not stated by the source and are left empty."
cyclops-s9-5-grandmaster-plus,cyclops,Cyclops,seasonalRankThreshold,9.5,competitive,grandmaster_plus,,,pickRate,0.1062,ratio,55232,,rivalstracker,primary,https://rivalstracker.com/heroes/cyclops,2026-08-25T14:02:59.000Z,2026-08-25T18:57:56.232Z,C,51,55,"Filters: Season 9.5, Competitive, Grandmaster+. Grandmaster+ is a seasonal rank-threshold population and is kept separate from the exact-rank benchmark and rolling Stats History. Percentages are displayed by RivalsTracker to two decimal places and converted to ratios without further precision. sample_matches repeats the source Matches field for each metric row. hero_rank is the displayed table order (win rate descending); tier_label is source-provided. Platform, region, and sample_players are not stated by the source and are left empty."
cyclops-s9-5-grandmaster-plus,cyclops,Cyclops,seasonalRankThreshold,9.5,competitive,grandmaster_plus,,,banRate,0.0091,ratio,55232,,rivalstracker,primary,https://rivalstracker.com/heroes/cyclops,2026-08-25T14:02:59.000Z,2026-08-25T18:57:56.232Z,C,51,55,"Filters: Season 9.5, Competitive, Grandmaster+. Grandmaster+ is a seasonal rank-threshold population and is kept separate from the exact-rank benchmark and rolling Stats History. Percentages are displayed by RivalsTracker to two decimal places and converted to ratios without further precision. sample_matches repeats the source Matches field for each metric row. hero_rank is the displayed table order (win rate descending); tier_label is source-provided. Platform, region, and sample_players are not stated by the source and are left empty."
deadpool-vanguard-s9-5-grandmaster-plus,deadpool-vanguard,Deadpool (Vanguard),seasonalRankThreshold,9.5,competitive,grandmaster_plus,,,winRate,0.4272,ratio,11222,,rivalstracker,primary,https://rivalstracker.com/heroes/deadpool-vanguard,2026-08-25T14:02:59.000Z,2026-08-25T18:57:56.232Z,D,52,55,"Filters: Season 9.5, Competitive, Grandmaster+. Grandmaster+ is a seasonal rank-threshold population and is kept separate from the exact-rank benchmark and rolling Stats History. Percentages are displayed by RivalsTracker to two decimal places and converted to ratios without further precision. sample_matches repeats the source Matches field for each metric row. hero_rank is the displayed table order (win rate descending); tier_label is source-provided. Platform, region, and sample_players are not stated by the source and are left empty."
deadpool-vanguard-s9-5-grandmaster-plus,deadpool-vanguard,Deadpool (Vanguard),seasonalRankThreshold,9.5,competitive,grandmaster_plus,,,pickRate,0.0216,ratio,11222,,rivalstracker,primary,https://rivalstracker.com/heroes/deadpool-vanguard,2026-08-25T14:02:59.000Z,2026-08-25T18:57:56.232Z,D,52,55,"Filters: Season 9.5, Competitive, Grandmaster+. Grandmaster+ is a seasonal rank-threshold population and is kept separate from the exact-rank benchmark and rolling Stats History. Percentages are displayed by RivalsTracker to two decimal places and converted to ratios without further precision. sample_matches repeats the source Matches field for each metric row. hero_rank is the displayed table order (win rate descending); tier_label is source-provided. Platform, region, and sample_players are not stated by the source and are left empty."
deadpool-vanguard-s9-5-grandmaster-plus,deadpool-vanguard,Deadpool (Vanguard),seasonalRankThreshold,9.5,competitive,grandmaster_plus,,,banRate,0.0004,ratio,11222,,rivalstracker,primary,https://rivalstracker.com/heroes/deadpool-vanguard,2026-08-25T14:02:59.000Z,2026-08-25T18:57:56.232Z,D,52,55,"Filters: Season 9.5, Competitive, Grandmaster+. Grandmaster+ is a seasonal rank-threshold population and is kept separate from the exact-rank benchmark and rolling Stats History. Percentages are displayed by RivalsTracker to two decimal places and converted to ratios without further precision. sample_matches repeats the source Matches field for each metric row. hero_rank is the displayed table order (win rate descending); tier_label is source-provided. Platform, region, and sample_players are not stated by the source and are left empty."
phoenix-s9-5-grandmaster-plus,phoenix,Phoenix,seasonalRankThreshold,9.5,competitive,grandmaster_plus,,,winRate,0.4217,ratio,24251,,rivalstracker,primary,https://rivalstracker.com/heroes/phoenix,2026-08-25T14:02:59.000Z,2026-08-25T18:57:56.232Z,D,53,55,"Filters: Season 9.5, Competitive, Grandmaster+. Grandmaster+ is a seasonal rank-threshold population and is kept separate from the exact-rank benchmark and rolling Stats History. Percentages are displayed by RivalsTracker to two decimal places and converted to ratios without further precision. sample_matches repeats the source Matches field for each metric row. hero_rank is the displayed table order (win rate descending); tier_label is source-provided. Platform, region, and sample_players are not stated by the source and are left empty."
phoenix-s9-5-grandmaster-plus,phoenix,Phoenix,seasonalRankThreshold,9.5,competitive,grandmaster_plus,,,pickRate,0.0466,ratio,24251,,rivalstracker,primary,https://rivalstracker.com/heroes/phoenix,2026-08-25T14:02:59.000Z,2026-08-25T18:57:56.232Z,D,53,55,"Filters: Season 9.5, Competitive, Grandmaster+. Grandmaster+ is a seasonal rank-threshold population and is kept separate from the exact-rank benchmark and rolling Stats History. Percentages are displayed by RivalsTracker to two decimal places and converted to ratios without further precision. sample_matches repeats the source Matches field for each metric row. hero_rank is the displayed table order (win rate descending); tier_label is source-provided. Platform, region, and sample_players are not stated by the source and are left empty."
phoenix-s9-5-grandmaster-plus,phoenix,Phoenix,seasonalRankThreshold,9.5,competitive,grandmaster_plus,,,banRate,0.0097,ratio,24251,,rivalstracker,primary,https://rivalstracker.com/heroes/phoenix,2026-08-25T14:02:59.000Z,2026-08-25T18:57:56.232Z,D,53,55,"Filters: Season 9.5, Competitive, Grandmaster+. Grandmaster+ is a seasonal rank-threshold population and is kept separate from the exact-rank benchmark and rolling Stats History. Percentages are displayed by RivalsTracker to two decimal places and converted to ratios without further precision. sample_matches repeats the source Matches field for each metric row. hero_rank is the displayed table order (win rate descending); tier_label is source-provided. Platform, region, and sample_players are not stated by the source and are left empty."
deadpool-strategist-s9-5-grandmaster-plus,deadpool-strategist,Deadpool (Strategist),seasonalRankThreshold,9.5,competitive,grandmaster_plus,,,winRate,0.4112,ratio,25213,,rivalstracker,primary,https://rivalstracker.com/heroes/deadpool-strategist,2026-08-25T14:02:59.000Z,2026-08-25T18:57:56.232Z,D,54,55,"Filters: Season 9.5, Competitive, Grandmaster+. Grandmaster+ is a seasonal rank-threshold population and is kept separate from the exact-rank benchmark and rolling Stats History. Percentages are displayed by RivalsTracker to two decimal places and converted to ratios without further precision. sample_matches repeats the source Matches field for each metric row. hero_rank is the displayed table order (win rate descending); tier_label is source-provided. Platform, region, and sample_players are not stated by the source and are left empty."
deadpool-strategist-s9-5-grandmaster-plus,deadpool-strategist,Deadpool (Strategist),seasonalRankThreshold,9.5,competitive,grandmaster_plus,,,pickRate,0.0485,ratio,25213,,rivalstracker,primary,https://rivalstracker.com/heroes/deadpool-strategist,2026-08-25T14:02:59.000Z,2026-08-25T18:57:56.232Z,D,54,55,"Filters: Season 9.5, Competitive, Grandmaster+. Grandmaster+ is a seasonal rank-threshold population and is kept separate from the exact-rank benchmark and rolling Stats History. Percentages are displayed by RivalsTracker to two decimal places and converted to ratios without further precision. sample_matches repeats the source Matches field for each metric row. hero_rank is the displayed table order (win rate descending); tier_label is source-provided. Platform, region, and sample_players are not stated by the source and are left empty."
deadpool-strategist-s9-5-grandmaster-plus,deadpool-strategist,Deadpool (Strategist),seasonalRankThreshold,9.5,competitive,grandmaster_plus,,,banRate,0.0006,ratio,25213,,rivalstracker,primary,https://rivalstracker.com/heroes/deadpool-strategist,2026-08-25T14:02:59.000Z,2026-08-25T18:57:56.232Z,D,54,55,"Filters: Season 9.5, Competitive, Grandmaster+. Grandmaster+ is a seasonal rank-threshold population and is kept separate from the exact-rank benchmark and rolling Stats History. Percentages are displayed by RivalsTracker to two decimal places and converted to ratios without further precision. sample_matches repeats the source Matches field for each metric row. hero_rank is the displayed table order (win rate descending); tier_label is source-provided. Platform, region, and sample_players are not stated by the source and are left empty."
squirrel-girl-s9-5-grandmaster-plus,squirrel-girl,Squirrel Girl,seasonalRankThreshold,9.5,competitive,grandmaster_plus,,,winRate,0.3952,ratio,11881,,rivalstracker,primary,https://rivalstracker.com/heroes/squirrel-girl,2026-08-25T14:02:59.000Z,2026-08-25T18:57:56.232Z,D,55,55,"Filters: Season 9.5, Competitive, Grandmaster+. Grandmaster+ is a seasonal rank-threshold population and is kept separate from the exact-rank benchmark and rolling Stats History. Percentages are displayed by RivalsTracker to two decimal places and converted to ratios without further precision. sample_matches repeats the source Matches field for each metric row. hero_rank is the displayed table order (win rate descending); tier_label is source-provided. Platform, region, and sample_players are not stated by the source and are left empty."
squirrel-girl-s9-5-grandmaster-plus,squirrel-girl,Squirrel Girl,seasonalRankThreshold,9.5,competitive,grandmaster_plus,,,pickRate,0.0228,ratio,11881,,rivalstracker,primary,https://rivalstracker.com/heroes/squirrel-girl,2026-08-25T14:02:59.000Z,2026-08-25T18:57:56.232Z,D,55,55,"Filters: Season 9.5, Competitive, Grandmaster+. Grandmaster+ is a seasonal rank-threshold population and is kept separate from the exact-rank benchmark and rolling Stats History. Percentages are displayed by RivalsTracker to two decimal places and converted to ratios without further precision. sample_matches repeats the source Matches field for each metric row. hero_rank is the displayed table order (win rate descending); tier_label is source-provided. Platform, region, and sample_players are not stated by the source and are left empty."
squirrel-girl-s9-5-grandmaster-plus,squirrel-girl,Squirrel Girl,seasonalRankThreshold,9.5,competitive,grandmaster_plus,,,banRate,0.0013,ratio,11881,,rivalstracker,primary,https://rivalstracker.com/heroes/squirrel-girl,2026-08-25T14:02:59.000Z,2026-08-25T18:57:56.232Z,D,55,55,"Filters: Season 9.5, Competitive, Grandmaster+. Grandmaster+ is a seasonal rank-threshold population and is kept separate from the exact-rank benchmark and rolling Stats History. Percentages are displayed by RivalsTracker to two decimal places and converted to ratios without further precision. sample_matches repeats the source Matches field for each metric row. hero_rank is the displayed table order (win rate descending); tier_label is source-provided. Platform, region, and sample_players are not stated by the source and are left empty."
