benchmark_group_id,hero_id,hero_name,context_type,season,game_mode,rank_tier,platform,region,metric_name,average,unit,sample_matches,sample_players,source_id,source_role,source_url,source_updated_at,collected_at,tier_label,hero_rank,hero_pool_size,methodology_notes
peni-parker-s9-5-platinum,peni-parker,Peni Parker,seasonalRank,9.5,competitive,platinum,,,winRate,0.6127,ratio,6898,,rivalstracker,primary,https://rivalstracker.com/heroes/peni-parker,2026-08-25T14:02:59.000Z,2026-08-25T16:13:31.923Z,S,1,55,"Filters: Season 9.5, Competitive, Platinum. Percentages are displayed by RivalsTracker to two decimal places and converted to ratios without further precision. sample_matches repeats the source Matches field for each metric row. hero_rank is the displayed table order (win rate descending); tier_label is source-provided. Platform, region, and sample_players are not stated by the source and are left empty."
peni-parker-s9-5-platinum,peni-parker,Peni Parker,seasonalRank,9.5,competitive,platinum,,,pickRate,0.0465,ratio,6898,,rivalstracker,primary,https://rivalstracker.com/heroes/peni-parker,2026-08-25T14:02:59.000Z,2026-08-25T16:13:31.923Z,S,1,55,"Filters: Season 9.5, Competitive, Platinum. Percentages are displayed by RivalsTracker to two decimal places and converted to ratios without further precision. sample_matches repeats the source Matches field for each metric row. hero_rank is the displayed table order (win rate descending); tier_label is source-provided. Platform, region, and sample_players are not stated by the source and are left empty."
peni-parker-s9-5-platinum,peni-parker,Peni Parker,seasonalRank,9.5,competitive,platinum,,,banRate,0.2648,ratio,6898,,rivalstracker,primary,https://rivalstracker.com/heroes/peni-parker,2026-08-25T14:02:59.000Z,2026-08-25T16:13:31.923Z,S,1,55,"Filters: Season 9.5, Competitive, Platinum. Percentages are displayed by RivalsTracker to two decimal places and converted to ratios without further precision. sample_matches repeats the source Matches field for each metric row. hero_rank is the displayed table order (win rate descending); tier_label is source-provided. Platform, region, and sample_players are not stated by the source and are left empty."
magik-s9-5-platinum,magik,Magik,seasonalRank,9.5,competitive,platinum,,,winRate,0.5968,ratio,18120,,rivalstracker,primary,https://rivalstracker.com/heroes/magik,2026-08-25T14:02:59.000Z,2026-08-25T16:13:31.923Z,S,2,55,"Filters: Season 9.5, Competitive, Platinum. Percentages are displayed by RivalsTracker to two decimal places and converted to ratios without further precision. sample_matches repeats the source Matches field for each metric row. hero_rank is the displayed table order (win rate descending); tier_label is source-provided. Platform, region, and sample_players are not stated by the source and are left empty."
magik-s9-5-platinum,magik,Magik,seasonalRank,9.5,competitive,platinum,,,pickRate,0.1221,ratio,18120,,rivalstracker,primary,https://rivalstracker.com/heroes/magik,2026-08-25T14:02:59.000Z,2026-08-25T16:13:31.923Z,S,2,55,"Filters: Season 9.5, Competitive, Platinum. Percentages are displayed by RivalsTracker to two decimal places and converted to ratios without further precision. sample_matches repeats the source Matches field for each metric row. hero_rank is the displayed table order (win rate descending); tier_label is source-provided. Platform, region, and sample_players are not stated by the source and are left empty."
magik-s9-5-platinum,magik,Magik,seasonalRank,9.5,competitive,platinum,,,banRate,0.1222,ratio,18120,,rivalstracker,primary,https://rivalstracker.com/heroes/magik,2026-08-25T14:02:59.000Z,2026-08-25T16:13:31.923Z,S,2,55,"Filters: Season 9.5, Competitive, Platinum. Percentages are displayed by RivalsTracker to two decimal places and converted to ratios without further precision. sample_matches repeats the source Matches field for each metric row. hero_rank is the displayed table order (win rate descending); tier_label is source-provided. Platform, region, and sample_players are not stated by the source and are left empty."
mantis-s9-5-platinum,mantis,Mantis,seasonalRank,9.5,competitive,platinum,,,winRate,0.5751,ratio,16016,,rivalstracker,primary,https://rivalstracker.com/heroes/mantis,2026-08-25T14:02:59.000Z,2026-08-25T16:13:31.923Z,S,3,55,"Filters: Season 9.5, Competitive, Platinum. Percentages are displayed by RivalsTracker to two decimal places and converted to ratios without further precision. sample_matches repeats the source Matches field for each metric row. hero_rank is the displayed table order (win rate descending); tier_label is source-provided. Platform, region, and sample_players are not stated by the source and are left empty."
mantis-s9-5-platinum,mantis,Mantis,seasonalRank,9.5,competitive,platinum,,,pickRate,0.1080,ratio,16016,,rivalstracker,primary,https://rivalstracker.com/heroes/mantis,2026-08-25T14:02:59.000Z,2026-08-25T16:13:31.923Z,S,3,55,"Filters: Season 9.5, Competitive, Platinum. Percentages are displayed by RivalsTracker to two decimal places and converted to ratios without further precision. sample_matches repeats the source Matches field for each metric row. hero_rank is the displayed table order (win rate descending); tier_label is source-provided. Platform, region, and sample_players are not stated by the source and are left empty."
mantis-s9-5-platinum,mantis,Mantis,seasonalRank,9.5,competitive,platinum,,,banRate,0.0078,ratio,16016,,rivalstracker,primary,https://rivalstracker.com/heroes/mantis,2026-08-25T14:02:59.000Z,2026-08-25T16:13:31.923Z,S,3,55,"Filters: Season 9.5, Competitive, Platinum. Percentages are displayed by RivalsTracker to two decimal places and converted to ratios without further precision. sample_matches repeats the source Matches field for each metric row. hero_rank is the displayed table order (win rate descending); tier_label is source-provided. Platform, region, and sample_players are not stated by the source and are left empty."
ultron-s9-5-platinum,ultron,Ultron,seasonalRank,9.5,competitive,platinum,,,winRate,0.5636,ratio,6029,,rivalstracker,primary,https://rivalstracker.com/heroes/ultron,2026-08-25T14:02:59.000Z,2026-08-25T16:13:31.923Z,A,4,55,"Filters: Season 9.5, Competitive, Platinum. Percentages are displayed by RivalsTracker to two decimal places and converted to ratios without further precision. sample_matches repeats the source Matches field for each metric row. hero_rank is the displayed table order (win rate descending); tier_label is source-provided. Platform, region, and sample_players are not stated by the source and are left empty."
ultron-s9-5-platinum,ultron,Ultron,seasonalRank,9.5,competitive,platinum,,,pickRate,0.0406,ratio,6029,,rivalstracker,primary,https://rivalstracker.com/heroes/ultron,2026-08-25T14:02:59.000Z,2026-08-25T16:13:31.923Z,A,4,55,"Filters: Season 9.5, Competitive, Platinum. Percentages are displayed by RivalsTracker to two decimal places and converted to ratios without further precision. sample_matches repeats the source Matches field for each metric row. hero_rank is the displayed table order (win rate descending); tier_label is source-provided. Platform, region, and sample_players are not stated by the source and are left empty."
ultron-s9-5-platinum,ultron,Ultron,seasonalRank,9.5,competitive,platinum,,,banRate,0.0015,ratio,6029,,rivalstracker,primary,https://rivalstracker.com/heroes/ultron,2026-08-25T14:02:59.000Z,2026-08-25T16:13:31.923Z,A,4,55,"Filters: Season 9.5, Competitive, Platinum. Percentages are displayed by RivalsTracker to two decimal places and converted to ratios without further precision. sample_matches repeats the source Matches field for each metric row. hero_rank is the displayed table order (win rate descending); tier_label is source-provided. Platform, region, and sample_players are not stated by the source and are left empty."
storm-s9-5-platinum,storm,Storm,seasonalRank,9.5,competitive,platinum,,,winRate,0.5590,ratio,5509,,rivalstracker,primary,https://rivalstracker.com/heroes/storm,2026-08-25T14:02:59.000Z,2026-08-25T16:13:31.923Z,A,5,55,"Filters: Season 9.5, Competitive, Platinum. Percentages are displayed by RivalsTracker to two decimal places and converted to ratios without further precision. sample_matches repeats the source Matches field for each metric row. hero_rank is the displayed table order (win rate descending); tier_label is source-provided. Platform, region, and sample_players are not stated by the source and are left empty."
storm-s9-5-platinum,storm,Storm,seasonalRank,9.5,competitive,platinum,,,pickRate,0.0371,ratio,5509,,rivalstracker,primary,https://rivalstracker.com/heroes/storm,2026-08-25T14:02:59.000Z,2026-08-25T16:13:31.923Z,A,5,55,"Filters: Season 9.5, Competitive, Platinum. Percentages are displayed by RivalsTracker to two decimal places and converted to ratios without further precision. sample_matches repeats the source Matches field for each metric row. hero_rank is the displayed table order (win rate descending); tier_label is source-provided. Platform, region, and sample_players are not stated by the source and are left empty."
storm-s9-5-platinum,storm,Storm,seasonalRank,9.5,competitive,platinum,,,banRate,0.0024,ratio,5509,,rivalstracker,primary,https://rivalstracker.com/heroes/storm,2026-08-25T14:02:59.000Z,2026-08-25T16:13:31.923Z,A,5,55,"Filters: Season 9.5, Competitive, Platinum. Percentages are displayed by RivalsTracker to two decimal places and converted to ratios without further precision. sample_matches repeats the source Matches field for each metric row. hero_rank is the displayed table order (win rate descending); tier_label is source-provided. Platform, region, and sample_players are not stated by the source and are left empty."
daredevil-s9-5-platinum,daredevil,Daredevil,seasonalRank,9.5,competitive,platinum,,,winRate,0.5568,ratio,5813,,rivalstracker,primary,https://rivalstracker.com/heroes/daredevil,2026-08-25T14:02:59.000Z,2026-08-25T16:13:31.923Z,A,6,55,"Filters: Season 9.5, Competitive, Platinum. Percentages are displayed by RivalsTracker to two decimal places and converted to ratios without further precision. sample_matches repeats the source Matches field for each metric row. hero_rank is the displayed table order (win rate descending); tier_label is source-provided. Platform, region, and sample_players are not stated by the source and are left empty."
daredevil-s9-5-platinum,daredevil,Daredevil,seasonalRank,9.5,competitive,platinum,,,pickRate,0.0392,ratio,5813,,rivalstracker,primary,https://rivalstracker.com/heroes/daredevil,2026-08-25T14:02:59.000Z,2026-08-25T16:13:31.923Z,A,6,55,"Filters: Season 9.5, Competitive, Platinum. Percentages are displayed by RivalsTracker to two decimal places and converted to ratios without further precision. sample_matches repeats the source Matches field for each metric row. hero_rank is the displayed table order (win rate descending); tier_label is source-provided. Platform, region, and sample_players are not stated by the source and are left empty."
daredevil-s9-5-platinum,daredevil,Daredevil,seasonalRank,9.5,competitive,platinum,,,banRate,0.0329,ratio,5813,,rivalstracker,primary,https://rivalstracker.com/heroes/daredevil,2026-08-25T14:02:59.000Z,2026-08-25T16:13:31.923Z,A,6,55,"Filters: Season 9.5, Competitive, Platinum. Percentages are displayed by RivalsTracker to two decimal places and converted to ratios without further precision. sample_matches repeats the source Matches field for each metric row. hero_rank is the displayed table order (win rate descending); tier_label is source-provided. Platform, region, and sample_players are not stated by the source and are left empty."
the-thing-s9-5-platinum,the-thing,The Thing,seasonalRank,9.5,competitive,platinum,,,winRate,0.5520,ratio,19866,,rivalstracker,primary,https://rivalstracker.com/heroes/the-thing,2026-08-25T14:02:59.000Z,2026-08-25T16:13:31.923Z,S,7,55,"Filters: Season 9.5, Competitive, Platinum. Percentages are displayed by RivalsTracker to two decimal places and converted to ratios without further precision. sample_matches repeats the source Matches field for each metric row. hero_rank is the displayed table order (win rate descending); tier_label is source-provided. Platform, region, and sample_players are not stated by the source and are left empty."
the-thing-s9-5-platinum,the-thing,The Thing,seasonalRank,9.5,competitive,platinum,,,pickRate,0.1339,ratio,19866,,rivalstracker,primary,https://rivalstracker.com/heroes/the-thing,2026-08-25T14:02:59.000Z,2026-08-25T16:13:31.923Z,S,7,55,"Filters: Season 9.5, Competitive, Platinum. Percentages are displayed by RivalsTracker to two decimal places and converted to ratios without further precision. sample_matches repeats the source Matches field for each metric row. hero_rank is the displayed table order (win rate descending); tier_label is source-provided. Platform, region, and sample_players are not stated by the source and are left empty."
the-thing-s9-5-platinum,the-thing,The Thing,seasonalRank,9.5,competitive,platinum,,,banRate,0.2085,ratio,19866,,rivalstracker,primary,https://rivalstracker.com/heroes/the-thing,2026-08-25T14:02:59.000Z,2026-08-25T16:13:31.923Z,S,7,55,"Filters: Season 9.5, Competitive, Platinum. Percentages are displayed by RivalsTracker to two decimal places and converted to ratios without further precision. sample_matches repeats the source Matches field for each metric row. hero_rank is the displayed table order (win rate descending); tier_label is source-provided. Platform, region, and sample_players are not stated by the source and are left empty."
black-cat-s9-5-platinum,black-cat,Black Cat,seasonalRank,9.5,competitive,platinum,,,winRate,0.5461,ratio,6996,,rivalstracker,primary,https://rivalstracker.com/heroes/black-cat,2026-08-25T14:02:59.000Z,2026-08-25T16:13:31.923Z,A,8,55,"Filters: Season 9.5, Competitive, Platinum. Percentages are displayed by RivalsTracker to two decimal places and converted to ratios without further precision. sample_matches repeats the source Matches field for each metric row. hero_rank is the displayed table order (win rate descending); tier_label is source-provided. Platform, region, and sample_players are not stated by the source and are left empty."
black-cat-s9-5-platinum,black-cat,Black Cat,seasonalRank,9.5,competitive,platinum,,,pickRate,0.0472,ratio,6996,,rivalstracker,primary,https://rivalstracker.com/heroes/black-cat,2026-08-25T14:02:59.000Z,2026-08-25T16:13:31.923Z,A,8,55,"Filters: Season 9.5, Competitive, Platinum. Percentages are displayed by RivalsTracker to two decimal places and converted to ratios without further precision. sample_matches repeats the source Matches field for each metric row. hero_rank is the displayed table order (win rate descending); tier_label is source-provided. Platform, region, and sample_players are not stated by the source and are left empty."
black-cat-s9-5-platinum,black-cat,Black Cat,seasonalRank,9.5,competitive,platinum,,,banRate,0.2064,ratio,6996,,rivalstracker,primary,https://rivalstracker.com/heroes/black-cat,2026-08-25T14:02:59.000Z,2026-08-25T16:13:31.923Z,A,8,55,"Filters: Season 9.5, Competitive, Platinum. Percentages are displayed by RivalsTracker to two decimal places and converted to ratios without further precision. sample_matches repeats the source Matches field for each metric row. hero_rank is the displayed table order (win rate descending); tier_label is source-provided. Platform, region, and sample_players are not stated by the source and are left empty."
rocket-raccoon-s9-5-platinum,rocket-raccoon,Rocket Raccoon,seasonalRank,9.5,competitive,platinum,,,winRate,0.5459,ratio,31804,,rivalstracker,primary,https://rivalstracker.com/heroes/rocket-raccoon,2026-08-25T14:02:59.000Z,2026-08-25T16:13:31.923Z,S,9,55,"Filters: Season 9.5, Competitive, Platinum. Percentages are displayed by RivalsTracker to two decimal places and converted to ratios without further precision. sample_matches repeats the source Matches field for each metric row. hero_rank is the displayed table order (win rate descending); tier_label is source-provided. Platform, region, and sample_players are not stated by the source and are left empty."
rocket-raccoon-s9-5-platinum,rocket-raccoon,Rocket Raccoon,seasonalRank,9.5,competitive,platinum,,,pickRate,0.2144,ratio,31804,,rivalstracker,primary,https://rivalstracker.com/heroes/rocket-raccoon,2026-08-25T14:02:59.000Z,2026-08-25T16:13:31.923Z,S,9,55,"Filters: Season 9.5, Competitive, Platinum. Percentages are displayed by RivalsTracker to two decimal places and converted to ratios without further precision. sample_matches repeats the source Matches field for each metric row. hero_rank is the displayed table order (win rate descending); tier_label is source-provided. Platform, region, and sample_players are not stated by the source and are left empty."
rocket-raccoon-s9-5-platinum,rocket-raccoon,Rocket Raccoon,seasonalRank,9.5,competitive,platinum,,,banRate,0.0086,ratio,31804,,rivalstracker,primary,https://rivalstracker.com/heroes/rocket-raccoon,2026-08-25T14:02:59.000Z,2026-08-25T16:13:31.923Z,S,9,55,"Filters: Season 9.5, Competitive, Platinum. Percentages are displayed by RivalsTracker to two decimal places and converted to ratios without further precision. sample_matches repeats the source Matches field for each metric row. hero_rank is the displayed table order (win rate descending); tier_label is source-provided. Platform, region, and sample_players are not stated by the source and are left empty."
black-panther-s9-5-platinum,black-panther,Black Panther,seasonalRank,9.5,competitive,platinum,,,winRate,0.5442,ratio,5567,,rivalstracker,primary,https://rivalstracker.com/heroes/black-panther,2026-08-25T14:02:59.000Z,2026-08-25T16:13:31.923Z,A,10,55,"Filters: Season 9.5, Competitive, Platinum. Percentages are displayed by RivalsTracker to two decimal places and converted to ratios without further precision. sample_matches repeats the source Matches field for each metric row. hero_rank is the displayed table order (win rate descending); tier_label is source-provided. Platform, region, and sample_players are not stated by the source and are left empty."
black-panther-s9-5-platinum,black-panther,Black Panther,seasonalRank,9.5,competitive,platinum,,,pickRate,0.0375,ratio,5567,,rivalstracker,primary,https://rivalstracker.com/heroes/black-panther,2026-08-25T14:02:59.000Z,2026-08-25T16:13:31.923Z,A,10,55,"Filters: Season 9.5, Competitive, Platinum. Percentages are displayed by RivalsTracker to two decimal places and converted to ratios without further precision. sample_matches repeats the source Matches field for each metric row. hero_rank is the displayed table order (win rate descending); tier_label is source-provided. Platform, region, and sample_players are not stated by the source and are left empty."
black-panther-s9-5-platinum,black-panther,Black Panther,seasonalRank,9.5,competitive,platinum,,,banRate,0.3194,ratio,5567,,rivalstracker,primary,https://rivalstracker.com/heroes/black-panther,2026-08-25T14:02:59.000Z,2026-08-25T16:13:31.923Z,A,10,55,"Filters: Season 9.5, Competitive, Platinum. Percentages are displayed by RivalsTracker to two decimal places and converted to ratios without further precision. sample_matches repeats the source Matches field for each metric row. hero_rank is the displayed table order (win rate descending); tier_label is source-provided. Platform, region, and sample_players are not stated by the source and are left empty."
the-hood-s9-5-platinum,the-hood,The Hood,seasonalRank,9.5,competitive,platinum,,,winRate,0.5404,ratio,50165,,rivalstracker,primary,https://rivalstracker.com/heroes/the-hood,2026-08-25T14:02:59.000Z,2026-08-25T16:13:31.923Z,S,11,55,"Filters: Season 9.5, Competitive, Platinum. Percentages are displayed by RivalsTracker to two decimal places and converted to ratios without further precision. sample_matches repeats the source Matches field for each metric row. hero_rank is the displayed table order (win rate descending); tier_label is source-provided. Platform, region, and sample_players are not stated by the source and are left empty."
the-hood-s9-5-platinum,the-hood,The Hood,seasonalRank,9.5,competitive,platinum,,,pickRate,0.3381,ratio,50165,,rivalstracker,primary,https://rivalstracker.com/heroes/the-hood,2026-08-25T14:02:59.000Z,2026-08-25T16:13:31.923Z,S,11,55,"Filters: Season 9.5, Competitive, Platinum. Percentages are displayed by RivalsTracker to two decimal places and converted to ratios without further precision. sample_matches repeats the source Matches field for each metric row. hero_rank is the displayed table order (win rate descending); tier_label is source-provided. Platform, region, and sample_players are not stated by the source and are left empty."
the-hood-s9-5-platinum,the-hood,The Hood,seasonalRank,9.5,competitive,platinum,,,banRate,0.0808,ratio,50165,,rivalstracker,primary,https://rivalstracker.com/heroes/the-hood,2026-08-25T14:02:59.000Z,2026-08-25T16:13:31.923Z,S,11,55,"Filters: Season 9.5, Competitive, Platinum. Percentages are displayed by RivalsTracker to two decimal places and converted to ratios without further precision. sample_matches repeats the source Matches field for each metric row. hero_rank is the displayed table order (win rate descending); tier_label is source-provided. Platform, region, and sample_players are not stated by the source and are left empty."
iron-man-s9-5-platinum,iron-man,Iron Man,seasonalRank,9.5,competitive,platinum,,,winRate,0.5398,ratio,10365,,rivalstracker,primary,https://rivalstracker.com/heroes/iron-man,2026-08-25T14:02:59.000Z,2026-08-25T16:13:31.923Z,A,12,55,"Filters: Season 9.5, Competitive, Platinum. Percentages are displayed by RivalsTracker to two decimal places and converted to ratios without further precision. sample_matches repeats the source Matches field for each metric row. hero_rank is the displayed table order (win rate descending); tier_label is source-provided. Platform, region, and sample_players are not stated by the source and are left empty."
iron-man-s9-5-platinum,iron-man,Iron Man,seasonalRank,9.5,competitive,platinum,,,pickRate,0.0699,ratio,10365,,rivalstracker,primary,https://rivalstracker.com/heroes/iron-man,2026-08-25T14:02:59.000Z,2026-08-25T16:13:31.923Z,A,12,55,"Filters: Season 9.5, Competitive, Platinum. Percentages are displayed by RivalsTracker to two decimal places and converted to ratios without further precision. sample_matches repeats the source Matches field for each metric row. hero_rank is the displayed table order (win rate descending); tier_label is source-provided. Platform, region, and sample_players are not stated by the source and are left empty."
iron-man-s9-5-platinum,iron-man,Iron Man,seasonalRank,9.5,competitive,platinum,,,banRate,0.0125,ratio,10365,,rivalstracker,primary,https://rivalstracker.com/heroes/iron-man,2026-08-25T14:02:59.000Z,2026-08-25T16:13:31.923Z,A,12,55,"Filters: Season 9.5, Competitive, Platinum. Percentages are displayed by RivalsTracker to two decimal places and converted to ratios without further precision. sample_matches repeats the source Matches field for each metric row. hero_rank is the displayed table order (win rate descending); tier_label is source-provided. Platform, region, and sample_players are not stated by the source and are left empty."
human-torch-s9-5-platinum,human-torch,Human Torch,seasonalRank,9.5,competitive,platinum,,,winRate,0.5381,ratio,3943,,rivalstracker,primary,https://rivalstracker.com/heroes/human-torch,2026-08-25T14:02:59.000Z,2026-08-25T16:13:31.923Z,B,13,55,"Filters: Season 9.5, Competitive, Platinum. Percentages are displayed by RivalsTracker to two decimal places and converted to ratios without further precision. sample_matches repeats the source Matches field for each metric row. hero_rank is the displayed table order (win rate descending); tier_label is source-provided. Platform, region, and sample_players are not stated by the source and are left empty."
human-torch-s9-5-platinum,human-torch,Human Torch,seasonalRank,9.5,competitive,platinum,,,pickRate,0.0266,ratio,3943,,rivalstracker,primary,https://rivalstracker.com/heroes/human-torch,2026-08-25T14:02:59.000Z,2026-08-25T16:13:31.923Z,B,13,55,"Filters: Season 9.5, Competitive, Platinum. Percentages are displayed by RivalsTracker to two decimal places and converted to ratios without further precision. sample_matches repeats the source Matches field for each metric row. hero_rank is the displayed table order (win rate descending); tier_label is source-provided. Platform, region, and sample_players are not stated by the source and are left empty."
human-torch-s9-5-platinum,human-torch,Human Torch,seasonalRank,9.5,competitive,platinum,,,banRate,0.0026,ratio,3943,,rivalstracker,primary,https://rivalstracker.com/heroes/human-torch,2026-08-25T14:02:59.000Z,2026-08-25T16:13:31.923Z,B,13,55,"Filters: Season 9.5, Competitive, Platinum. Percentages are displayed by RivalsTracker to two decimal places and converted to ratios without further precision. sample_matches repeats the source Matches field for each metric row. hero_rank is the displayed table order (win rate descending); tier_label is source-provided. Platform, region, and sample_players are not stated by the source and are left empty."
iron-fist-s9-5-platinum,iron-fist,Iron Fist,seasonalRank,9.5,competitive,platinum,,,winRate,0.5353,ratio,8835,,rivalstracker,primary,https://rivalstracker.com/heroes/iron-fist,2026-08-25T14:02:59.000Z,2026-08-25T16:13:31.923Z,A,14,55,"Filters: Season 9.5, Competitive, Platinum. Percentages are displayed by RivalsTracker to two decimal places and converted to ratios without further precision. sample_matches repeats the source Matches field for each metric row. hero_rank is the displayed table order (win rate descending); tier_label is source-provided. Platform, region, and sample_players are not stated by the source and are left empty."
iron-fist-s9-5-platinum,iron-fist,Iron Fist,seasonalRank,9.5,competitive,platinum,,,pickRate,0.0596,ratio,8835,,rivalstracker,primary,https://rivalstracker.com/heroes/iron-fist,2026-08-25T14:02:59.000Z,2026-08-25T16:13:31.923Z,A,14,55,"Filters: Season 9.5, Competitive, Platinum. Percentages are displayed by RivalsTracker to two decimal places and converted to ratios without further precision. sample_matches repeats the source Matches field for each metric row. hero_rank is the displayed table order (win rate descending); tier_label is source-provided. Platform, region, and sample_players are not stated by the source and are left empty."
iron-fist-s9-5-platinum,iron-fist,Iron Fist,seasonalRank,9.5,competitive,platinum,,,banRate,0.0123,ratio,8835,,rivalstracker,primary,https://rivalstracker.com/heroes/iron-fist,2026-08-25T14:02:59.000Z,2026-08-25T16:13:31.923Z,A,14,55,"Filters: Season 9.5, Competitive, Platinum. Percentages are displayed by RivalsTracker to two decimal places and converted to ratios without further precision. sample_matches repeats the source Matches field for each metric row. hero_rank is the displayed table order (win rate descending); tier_label is source-provided. Platform, region, and sample_players are not stated by the source and are left empty."
mister-fantastic-s9-5-platinum,mister-fantastic,Mister Fantastic,seasonalRank,9.5,competitive,platinum,,,winRate,0.5218,ratio,7626,,rivalstracker,primary,https://rivalstracker.com/heroes/mister-fantastic,2026-08-25T14:02:59.000Z,2026-08-25T16:13:31.923Z,B,15,55,"Filters: Season 9.5, Competitive, Platinum. Percentages are displayed by RivalsTracker to two decimal places and converted to ratios without further precision. sample_matches repeats the source Matches field for each metric row. hero_rank is the displayed table order (win rate descending); tier_label is source-provided. Platform, region, and sample_players are not stated by the source and are left empty."
mister-fantastic-s9-5-platinum,mister-fantastic,Mister Fantastic,seasonalRank,9.5,competitive,platinum,,,pickRate,0.0514,ratio,7626,,rivalstracker,primary,https://rivalstracker.com/heroes/mister-fantastic,2026-08-25T14:02:59.000Z,2026-08-25T16:13:31.923Z,B,15,55,"Filters: Season 9.5, Competitive, Platinum. Percentages are displayed by RivalsTracker to two decimal places and converted to ratios without further precision. sample_matches repeats the source Matches field for each metric row. hero_rank is the displayed table order (win rate descending); tier_label is source-provided. Platform, region, and sample_players are not stated by the source and are left empty."
mister-fantastic-s9-5-platinum,mister-fantastic,Mister Fantastic,seasonalRank,9.5,competitive,platinum,,,banRate,0.0029,ratio,7626,,rivalstracker,primary,https://rivalstracker.com/heroes/mister-fantastic,2026-08-25T14:02:59.000Z,2026-08-25T16:13:31.923Z,B,15,55,"Filters: Season 9.5, Competitive, Platinum. Percentages are displayed by RivalsTracker to two decimal places and converted to ratios without further precision. sample_matches repeats the source Matches field for each metric row. hero_rank is the displayed table order (win rate descending); tier_label is source-provided. Platform, region, and sample_players are not stated by the source and are left empty."
blade-s9-5-platinum,blade,Blade,seasonalRank,9.5,competitive,platinum,,,winRate,0.5189,ratio,9526,,rivalstracker,primary,https://rivalstracker.com/heroes/blade,2026-08-25T14:02:59.000Z,2026-08-25T16:13:31.923Z,A,16,55,"Filters: Season 9.5, Competitive, Platinum. Percentages are displayed by RivalsTracker to two decimal places and converted to ratios without further precision. sample_matches repeats the source Matches field for each metric row. hero_rank is the displayed table order (win rate descending); tier_label is source-provided. Platform, region, and sample_players are not stated by the source and are left empty."
blade-s9-5-platinum,blade,Blade,seasonalRank,9.5,competitive,platinum,,,pickRate,0.0642,ratio,9526,,rivalstracker,primary,https://rivalstracker.com/heroes/blade,2026-08-25T14:02:59.000Z,2026-08-25T16:13:31.923Z,A,16,55,"Filters: Season 9.5, Competitive, Platinum. Percentages are displayed by RivalsTracker to two decimal places and converted to ratios without further precision. sample_matches repeats the source Matches field for each metric row. hero_rank is the displayed table order (win rate descending); tier_label is source-provided. Platform, region, and sample_players are not stated by the source and are left empty."
blade-s9-5-platinum,blade,Blade,seasonalRank,9.5,competitive,platinum,,,banRate,0.0192,ratio,9526,,rivalstracker,primary,https://rivalstracker.com/heroes/blade,2026-08-25T14:02:59.000Z,2026-08-25T16:13:31.923Z,A,16,55,"Filters: Season 9.5, Competitive, Platinum. Percentages are displayed by RivalsTracker to two decimal places and converted to ratios without further precision. sample_matches repeats the source Matches field for each metric row. hero_rank is the displayed table order (win rate descending); tier_label is source-provided. Platform, region, and sample_players are not stated by the source and are left empty."
hulk-s9-5-platinum,hulk,Hulk,seasonalRank,9.5,competitive,platinum,,,winRate,0.5182,ratio,8093,,rivalstracker,primary,https://rivalstracker.com/heroes/hulk,2026-08-25T14:02:59.000Z,2026-08-25T16:13:31.923Z,B,17,55,"Filters: Season 9.5, Competitive, Platinum. Percentages are displayed by RivalsTracker to two decimal places and converted to ratios without further precision. sample_matches repeats the source Matches field for each metric row. hero_rank is the displayed table order (win rate descending); tier_label is source-provided. Platform, region, and sample_players are not stated by the source and are left empty."
hulk-s9-5-platinum,hulk,Hulk,seasonalRank,9.5,competitive,platinum,,,pickRate,0.0546,ratio,8093,,rivalstracker,primary,https://rivalstracker.com/heroes/hulk,2026-08-25T14:02:59.000Z,2026-08-25T16:13:31.923Z,B,17,55,"Filters: Season 9.5, Competitive, Platinum. Percentages are displayed by RivalsTracker to two decimal places and converted to ratios without further precision. sample_matches repeats the source Matches field for each metric row. hero_rank is the displayed table order (win rate descending); tier_label is source-provided. Platform, region, and sample_players are not stated by the source and are left empty."
hulk-s9-5-platinum,hulk,Hulk,seasonalRank,9.5,competitive,platinum,,,banRate,0.0034,ratio,8093,,rivalstracker,primary,https://rivalstracker.com/heroes/hulk,2026-08-25T14:02:59.000Z,2026-08-25T16:13:31.923Z,B,17,55,"Filters: Season 9.5, Competitive, Platinum. Percentages are displayed by RivalsTracker to two decimal places and converted to ratios without further precision. sample_matches repeats the source Matches field for each metric row. hero_rank is the displayed table order (win rate descending); tier_label is source-provided. Platform, region, and sample_players are not stated by the source and are left empty."
thor-s9-5-platinum,thor,Thor,seasonalRank,9.5,competitive,platinum,,,winRate,0.5158,ratio,13224,,rivalstracker,primary,https://rivalstracker.com/heroes/thor,2026-08-25T14:02:59.000Z,2026-08-25T16:13:31.923Z,A,18,55,"Filters: Season 9.5, Competitive, Platinum. Percentages are displayed by RivalsTracker to two decimal places and converted to ratios without further precision. sample_matches repeats the source Matches field for each metric row. hero_rank is the displayed table order (win rate descending); tier_label is source-provided. Platform, region, and sample_players are not stated by the source and are left empty."
thor-s9-5-platinum,thor,Thor,seasonalRank,9.5,competitive,platinum,,,pickRate,0.0891,ratio,13224,,rivalstracker,primary,https://rivalstracker.com/heroes/thor,2026-08-25T14:02:59.000Z,2026-08-25T16:13:31.923Z,A,18,55,"Filters: Season 9.5, Competitive, Platinum. Percentages are displayed by RivalsTracker to two decimal places and converted to ratios without further precision. sample_matches repeats the source Matches field for each metric row. hero_rank is the displayed table order (win rate descending); tier_label is source-provided. Platform, region, and sample_players are not stated by the source and are left empty."
thor-s9-5-platinum,thor,Thor,seasonalRank,9.5,competitive,platinum,,,banRate,0.0059,ratio,13224,,rivalstracker,primary,https://rivalstracker.com/heroes/thor,2026-08-25T14:02:59.000Z,2026-08-25T16:13:31.923Z,A,18,55,"Filters: Season 9.5, Competitive, Platinum. Percentages are displayed by RivalsTracker to two decimal places and converted to ratios without further precision. sample_matches repeats the source Matches field for each metric row. hero_rank is the displayed table order (win rate descending); tier_label is source-provided. Platform, region, and sample_players are not stated by the source and are left empty."
spider-man-s9-5-platinum,spider-man,Spider-man,seasonalRank,9.5,competitive,platinum,,,winRate,0.5153,ratio,14210,,rivalstracker,primary,https://rivalstracker.com/heroes/spider-man,2026-08-25T14:02:59.000Z,2026-08-25T16:13:31.923Z,A,19,55,"Filters: Season 9.5, Competitive, Platinum. Percentages are displayed by RivalsTracker to two decimal places and converted to ratios without further precision. sample_matches repeats the source Matches field for each metric row. hero_rank is the displayed table order (win rate descending); tier_label is source-provided. Platform, region, and sample_players are not stated by the source and are left empty."
spider-man-s9-5-platinum,spider-man,Spider-man,seasonalRank,9.5,competitive,platinum,,,pickRate,0.0958,ratio,14210,,rivalstracker,primary,https://rivalstracker.com/heroes/spider-man,2026-08-25T14:02:59.000Z,2026-08-25T16:13:31.923Z,A,19,55,"Filters: Season 9.5, Competitive, Platinum. Percentages are displayed by RivalsTracker to two decimal places and converted to ratios without further precision. sample_matches repeats the source Matches field for each metric row. hero_rank is the displayed table order (win rate descending); tier_label is source-provided. Platform, region, and sample_players are not stated by the source and are left empty."
spider-man-s9-5-platinum,spider-man,Spider-man,seasonalRank,9.5,competitive,platinum,,,banRate,0.2199,ratio,14210,,rivalstracker,primary,https://rivalstracker.com/heroes/spider-man,2026-08-25T14:02:59.000Z,2026-08-25T16:13:31.923Z,A,19,55,"Filters: Season 9.5, Competitive, Platinum. Percentages are displayed by RivalsTracker to two decimal places and converted to ratios without further precision. sample_matches repeats the source Matches field for each metric row. hero_rank is the displayed table order (win rate descending); tier_label is source-provided. Platform, region, and sample_players are not stated by the source and are left empty."
angela-s9-5-platinum,angela,Angela,seasonalRank,9.5,competitive,platinum,,,winRate,0.5150,ratio,5499,,rivalstracker,primary,https://rivalstracker.com/heroes/angela,2026-08-25T14:02:59.000Z,2026-08-25T16:13:31.923Z,B,20,55,"Filters: Season 9.5, Competitive, Platinum. Percentages are displayed by RivalsTracker to two decimal places and converted to ratios without further precision. sample_matches repeats the source Matches field for each metric row. hero_rank is the displayed table order (win rate descending); tier_label is source-provided. Platform, region, and sample_players are not stated by the source and are left empty."
angela-s9-5-platinum,angela,Angela,seasonalRank,9.5,competitive,platinum,,,pickRate,0.0371,ratio,5499,,rivalstracker,primary,https://rivalstracker.com/heroes/angela,2026-08-25T14:02:59.000Z,2026-08-25T16:13:31.923Z,B,20,55,"Filters: Season 9.5, Competitive, Platinum. Percentages are displayed by RivalsTracker to two decimal places and converted to ratios without further precision. sample_matches repeats the source Matches field for each metric row. hero_rank is the displayed table order (win rate descending); tier_label is source-provided. Platform, region, and sample_players are not stated by the source and are left empty."
angela-s9-5-platinum,angela,Angela,seasonalRank,9.5,competitive,platinum,,,banRate,0.0069,ratio,5499,,rivalstracker,primary,https://rivalstracker.com/heroes/angela,2026-08-25T14:02:59.000Z,2026-08-25T16:13:31.923Z,B,20,55,"Filters: Season 9.5, Competitive, Platinum. Percentages are displayed by RivalsTracker to two decimal places and converted to ratios without further precision. sample_matches repeats the source Matches field for each metric row. hero_rank is the displayed table order (win rate descending); tier_label is source-provided. Platform, region, and sample_players are not stated by the source and are left empty."
loki-s9-5-platinum,loki,Loki,seasonalRank,9.5,competitive,platinum,,,winRate,0.5119,ratio,6249,,rivalstracker,primary,https://rivalstracker.com/heroes/loki,2026-08-25T14:02:59.000Z,2026-08-25T16:13:31.923Z,B,21,55,"Filters: Season 9.5, Competitive, Platinum. Percentages are displayed by RivalsTracker to two decimal places and converted to ratios without further precision. sample_matches repeats the source Matches field for each metric row. hero_rank is the displayed table order (win rate descending); tier_label is source-provided. Platform, region, and sample_players are not stated by the source and are left empty."
loki-s9-5-platinum,loki,Loki,seasonalRank,9.5,competitive,platinum,,,pickRate,0.0421,ratio,6249,,rivalstracker,primary,https://rivalstracker.com/heroes/loki,2026-08-25T14:02:59.000Z,2026-08-25T16:13:31.923Z,B,21,55,"Filters: Season 9.5, Competitive, Platinum. Percentages are displayed by RivalsTracker to two decimal places and converted to ratios without further precision. sample_matches repeats the source Matches field for each metric row. hero_rank is the displayed table order (win rate descending); tier_label is source-provided. Platform, region, and sample_players are not stated by the source and are left empty."
loki-s9-5-platinum,loki,Loki,seasonalRank,9.5,competitive,platinum,,,banRate,0.0021,ratio,6249,,rivalstracker,primary,https://rivalstracker.com/heroes/loki,2026-08-25T14:02:59.000Z,2026-08-25T16:13:31.923Z,B,21,55,"Filters: Season 9.5, Competitive, Platinum. Percentages are displayed by RivalsTracker to two decimal places and converted to ratios without further precision. sample_matches repeats the source Matches field for each metric row. hero_rank is the displayed table order (win rate descending); tier_label is source-provided. Platform, region, and sample_players are not stated by the source and are left empty."
winter-soldier-s9-5-platinum,winter-soldier,Winter Soldier,seasonalRank,9.5,competitive,platinum,,,winRate,0.5117,ratio,29801,,rivalstracker,primary,https://rivalstracker.com/heroes/winter-soldier,2026-08-25T14:02:59.000Z,2026-08-25T16:13:31.923Z,A,22,55,"Filters: Season 9.5, Competitive, Platinum. Percentages are displayed by RivalsTracker to two decimal places and converted to ratios without further precision. sample_matches repeats the source Matches field for each metric row. hero_rank is the displayed table order (win rate descending); tier_label is source-provided. Platform, region, and sample_players are not stated by the source and are left empty."
winter-soldier-s9-5-platinum,winter-soldier,Winter Soldier,seasonalRank,9.5,competitive,platinum,,,pickRate,0.2009,ratio,29801,,rivalstracker,primary,https://rivalstracker.com/heroes/winter-soldier,2026-08-25T14:02:59.000Z,2026-08-25T16:13:31.923Z,A,22,55,"Filters: Season 9.5, Competitive, Platinum. Percentages are displayed by RivalsTracker to two decimal places and converted to ratios without further precision. sample_matches repeats the source Matches field for each metric row. hero_rank is the displayed table order (win rate descending); tier_label is source-provided. Platform, region, and sample_players are not stated by the source and are left empty."
winter-soldier-s9-5-platinum,winter-soldier,Winter Soldier,seasonalRank,9.5,competitive,platinum,,,banRate,0.0575,ratio,29801,,rivalstracker,primary,https://rivalstracker.com/heroes/winter-soldier,2026-08-25T14:02:59.000Z,2026-08-25T16:13:31.923Z,A,22,55,"Filters: Season 9.5, Competitive, Platinum. Percentages are displayed by RivalsTracker to two decimal places and converted to ratios without further precision. sample_matches repeats the source Matches field for each metric row. hero_rank is the displayed table order (win rate descending); tier_label is source-provided. Platform, region, and sample_players are not stated by the source and are left empty."
magneto-s9-5-platinum,magneto,Magneto,seasonalRank,9.5,competitive,platinum,,,winRate,0.5038,ratio,53624,,rivalstracker,primary,https://rivalstracker.com/heroes/magneto,2026-08-25T14:02:59.000Z,2026-08-25T16:13:31.923Z,A,23,55,"Filters: Season 9.5, Competitive, Platinum. Percentages are displayed by RivalsTracker to two decimal places and converted to ratios without further precision. sample_matches repeats the source Matches field for each metric row. hero_rank is the displayed table order (win rate descending); tier_label is source-provided. Platform, region, and sample_players are not stated by the source and are left empty."
magneto-s9-5-platinum,magneto,Magneto,seasonalRank,9.5,competitive,platinum,,,pickRate,0.3615,ratio,53624,,rivalstracker,primary,https://rivalstracker.com/heroes/magneto,2026-08-25T14:02:59.000Z,2026-08-25T16:13:31.923Z,A,23,55,"Filters: Season 9.5, Competitive, Platinum. Percentages are displayed by RivalsTracker to two decimal places and converted to ratios without further precision. sample_matches repeats the source Matches field for each metric row. hero_rank is the displayed table order (win rate descending); tier_label is source-provided. Platform, region, and sample_players are not stated by the source and are left empty."
magneto-s9-5-platinum,magneto,Magneto,seasonalRank,9.5,competitive,platinum,,,banRate,0.0823,ratio,53624,,rivalstracker,primary,https://rivalstracker.com/heroes/magneto,2026-08-25T14:02:59.000Z,2026-08-25T16:13:31.923Z,A,23,55,"Filters: Season 9.5, Competitive, Platinum. Percentages are displayed by RivalsTracker to two decimal places and converted to ratios without further precision. sample_matches repeats the source Matches field for each metric row. hero_rank is the displayed table order (win rate descending); tier_label is source-provided. Platform, region, and sample_players are not stated by the source and are left empty."
groot-s9-5-platinum,groot,Groot,seasonalRank,9.5,competitive,platinum,,,winRate,0.5028,ratio,8545,,rivalstracker,primary,https://rivalstracker.com/heroes/groot,2026-08-25T14:02:59.000Z,2026-08-25T16:13:31.923Z,B,24,55,"Filters: Season 9.5, Competitive, Platinum. Percentages are displayed by RivalsTracker to two decimal places and converted to ratios without further precision. sample_matches repeats the source Matches field for each metric row. hero_rank is the displayed table order (win rate descending); tier_label is source-provided. Platform, region, and sample_players are not stated by the source and are left empty."
groot-s9-5-platinum,groot,Groot,seasonalRank,9.5,competitive,platinum,,,pickRate,0.0576,ratio,8545,,rivalstracker,primary,https://rivalstracker.com/heroes/groot,2026-08-25T14:02:59.000Z,2026-08-25T16:13:31.923Z,B,24,55,"Filters: Season 9.5, Competitive, Platinum. Percentages are displayed by RivalsTracker to two decimal places and converted to ratios without further precision. sample_matches repeats the source Matches field for each metric row. hero_rank is the displayed table order (win rate descending); tier_label is source-provided. Platform, region, and sample_players are not stated by the source and are left empty."
groot-s9-5-platinum,groot,Groot,seasonalRank,9.5,competitive,platinum,,,banRate,0.1001,ratio,8545,,rivalstracker,primary,https://rivalstracker.com/heroes/groot,2026-08-25T14:02:59.000Z,2026-08-25T16:13:31.923Z,B,24,55,"Filters: Season 9.5, Competitive, Platinum. Percentages are displayed by RivalsTracker to two decimal places and converted to ratios without further precision. sample_matches repeats the source Matches field for each metric row. hero_rank is the displayed table order (win rate descending); tier_label is source-provided. Platform, region, and sample_players are not stated by the source and are left empty."
adam-warlock-s9-5-platinum,adam-warlock,Adam Warlock,seasonalRank,9.5,competitive,platinum,,,winRate,0.5020,ratio,3695,,rivalstracker,primary,https://rivalstracker.com/heroes/adam-warlock,2026-08-25T14:02:59.000Z,2026-08-25T16:13:31.923Z,C,25,55,"Filters: Season 9.5, Competitive, Platinum. Percentages are displayed by RivalsTracker to two decimal places and converted to ratios without further precision. sample_matches repeats the source Matches field for each metric row. hero_rank is the displayed table order (win rate descending); tier_label is source-provided. Platform, region, and sample_players are not stated by the source and are left empty."
adam-warlock-s9-5-platinum,adam-warlock,Adam Warlock,seasonalRank,9.5,competitive,platinum,,,pickRate,0.0249,ratio,3695,,rivalstracker,primary,https://rivalstracker.com/heroes/adam-warlock,2026-08-25T14:02:59.000Z,2026-08-25T16:13:31.923Z,C,25,55,"Filters: Season 9.5, Competitive, Platinum. Percentages are displayed by RivalsTracker to two decimal places and converted to ratios without further precision. sample_matches repeats the source Matches field for each metric row. hero_rank is the displayed table order (win rate descending); tier_label is source-provided. Platform, region, and sample_players are not stated by the source and are left empty."
adam-warlock-s9-5-platinum,adam-warlock,Adam Warlock,seasonalRank,9.5,competitive,platinum,,,banRate,0.0012,ratio,3695,,rivalstracker,primary,https://rivalstracker.com/heroes/adam-warlock,2026-08-25T14:02:59.000Z,2026-08-25T16:13:31.923Z,C,25,55,"Filters: Season 9.5, Competitive, Platinum. Percentages are displayed by RivalsTracker to two decimal places and converted to ratios without further precision. sample_matches repeats the source Matches field for each metric row. hero_rank is the displayed table order (win rate descending); tier_label is source-provided. Platform, region, and sample_players are not stated by the source and are left empty."
cloak-and-dagger-s9-5-platinum,cloak-and-dagger,Cloak & Dagger,seasonalRank,9.5,competitive,platinum,,,winRate,0.5019,ratio,59344,,rivalstracker,primary,https://rivalstracker.com/heroes/cloak-&-dagger,2026-08-25T14:02:59.000Z,2026-08-25T16:13:31.923Z,A,26,55,"Filters: Season 9.5, Competitive, Platinum. Percentages are displayed by RivalsTracker to two decimal places and converted to ratios without further precision. sample_matches repeats the source Matches field for each metric row. hero_rank is the displayed table order (win rate descending); tier_label is source-provided. Platform, region, and sample_players are not stated by the source and are left empty."
cloak-and-dagger-s9-5-platinum,cloak-and-dagger,Cloak & Dagger,seasonalRank,9.5,competitive,platinum,,,pickRate,0.4000,ratio,59344,,rivalstracker,primary,https://rivalstracker.com/heroes/cloak-&-dagger,2026-08-25T14:02:59.000Z,2026-08-25T16:13:31.923Z,A,26,55,"Filters: Season 9.5, Competitive, Platinum. Percentages are displayed by RivalsTracker to two decimal places and converted to ratios without further precision. sample_matches repeats the source Matches field for each metric row. hero_rank is the displayed table order (win rate descending); tier_label is source-provided. Platform, region, and sample_players are not stated by the source and are left empty."
cloak-and-dagger-s9-5-platinum,cloak-and-dagger,Cloak & Dagger,seasonalRank,9.5,competitive,platinum,,,banRate,0.1653,ratio,59344,,rivalstracker,primary,https://rivalstracker.com/heroes/cloak-&-dagger,2026-08-25T14:02:59.000Z,2026-08-25T16:13:31.923Z,A,26,55,"Filters: Season 9.5, Competitive, Platinum. Percentages are displayed by RivalsTracker to two decimal places and converted to ratios without further precision. sample_matches repeats the source Matches field for each metric row. hero_rank is the displayed table order (win rate descending); tier_label is source-provided. Platform, region, and sample_players are not stated by the source and are left empty."
wolverine-s9-5-platinum,wolverine,Wolverine,seasonalRank,9.5,competitive,platinum,,,winRate,0.4997,ratio,4445,,rivalstracker,primary,https://rivalstracker.com/heroes/wolverine,2026-08-25T14:02:59.000Z,2026-08-25T16:13:31.923Z,B,27,55,"Filters: Season 9.5, Competitive, Platinum. Percentages are displayed by RivalsTracker to two decimal places and converted to ratios without further precision. sample_matches repeats the source Matches field for each metric row. hero_rank is the displayed table order (win rate descending); tier_label is source-provided. Platform, region, and sample_players are not stated by the source and are left empty."
wolverine-s9-5-platinum,wolverine,Wolverine,seasonalRank,9.5,competitive,platinum,,,pickRate,0.0300,ratio,4445,,rivalstracker,primary,https://rivalstracker.com/heroes/wolverine,2026-08-25T14:02:59.000Z,2026-08-25T16:13:31.923Z,B,27,55,"Filters: Season 9.5, Competitive, Platinum. Percentages are displayed by RivalsTracker to two decimal places and converted to ratios without further precision. sample_matches repeats the source Matches field for each metric row. hero_rank is the displayed table order (win rate descending); tier_label is source-provided. Platform, region, and sample_players are not stated by the source and are left empty."
wolverine-s9-5-platinum,wolverine,Wolverine,seasonalRank,9.5,competitive,platinum,,,banRate,0.0051,ratio,4445,,rivalstracker,primary,https://rivalstracker.com/heroes/wolverine,2026-08-25T14:02:59.000Z,2026-08-25T16:13:31.923Z,B,27,55,"Filters: Season 9.5, Competitive, Platinum. Percentages are displayed by RivalsTracker to two decimal places and converted to ratios without further precision. sample_matches repeats the source Matches field for each metric row. hero_rank is the displayed table order (win rate descending); tier_label is source-provided. Platform, region, and sample_players are not stated by the source and are left empty."
psylocke-s9-5-platinum,psylocke,Psylocke,seasonalRank,9.5,competitive,platinum,,,winRate,0.4994,ratio,5366,,rivalstracker,primary,https://rivalstracker.com/heroes/psylocke,2026-08-25T14:02:59.000Z,2026-08-25T16:13:31.923Z,B,28,55,"Filters: Season 9.5, Competitive, Platinum. Percentages are displayed by RivalsTracker to two decimal places and converted to ratios without further precision. sample_matches repeats the source Matches field for each metric row. hero_rank is the displayed table order (win rate descending); tier_label is source-provided. Platform, region, and sample_players are not stated by the source and are left empty."
psylocke-s9-5-platinum,psylocke,Psylocke,seasonalRank,9.5,competitive,platinum,,,pickRate,0.0362,ratio,5366,,rivalstracker,primary,https://rivalstracker.com/heroes/psylocke,2026-08-25T14:02:59.000Z,2026-08-25T16:13:31.923Z,B,28,55,"Filters: Season 9.5, Competitive, Platinum. Percentages are displayed by RivalsTracker to two decimal places and converted to ratios without further precision. sample_matches repeats the source Matches field for each metric row. hero_rank is the displayed table order (win rate descending); tier_label is source-provided. Platform, region, and sample_players are not stated by the source and are left empty."
psylocke-s9-5-platinum,psylocke,Psylocke,seasonalRank,9.5,competitive,platinum,,,banRate,0.0029,ratio,5366,,rivalstracker,primary,https://rivalstracker.com/heroes/psylocke,2026-08-25T14:02:59.000Z,2026-08-25T16:13:31.923Z,B,28,55,"Filters: Season 9.5, Competitive, Platinum. Percentages are displayed by RivalsTracker to two decimal places and converted to ratios without further precision. sample_matches repeats the source Matches field for each metric row. hero_rank is the displayed table order (win rate descending); tier_label is source-provided. Platform, region, and sample_players are not stated by the source and are left empty."
hela-s9-5-platinum,hela,Hela,seasonalRank,9.5,competitive,platinum,,,winRate,0.4985,ratio,13435,,rivalstracker,primary,https://rivalstracker.com/heroes/hela,2026-08-25T14:02:59.000Z,2026-08-25T16:13:31.923Z,B,29,55,"Filters: Season 9.5, Competitive, Platinum. Percentages are displayed by RivalsTracker to two decimal places and converted to ratios without further precision. sample_matches repeats the source Matches field for each metric row. hero_rank is the displayed table order (win rate descending); tier_label is source-provided. Platform, region, and sample_players are not stated by the source and are left empty."
hela-s9-5-platinum,hela,Hela,seasonalRank,9.5,competitive,platinum,,,pickRate,0.0906,ratio,13435,,rivalstracker,primary,https://rivalstracker.com/heroes/hela,2026-08-25T14:02:59.000Z,2026-08-25T16:13:31.923Z,B,29,55,"Filters: Season 9.5, Competitive, Platinum. Percentages are displayed by RivalsTracker to two decimal places and converted to ratios without further precision. sample_matches repeats the source Matches field for each metric row. hero_rank is the displayed table order (win rate descending); tier_label is source-provided. Platform, region, and sample_players are not stated by the source and are left empty."
hela-s9-5-platinum,hela,Hela,seasonalRank,9.5,competitive,platinum,,,banRate,0.0655,ratio,13435,,rivalstracker,primary,https://rivalstracker.com/heroes/hela,2026-08-25T14:02:59.000Z,2026-08-25T16:13:31.923Z,B,29,55,"Filters: Season 9.5, Competitive, Platinum. Percentages are displayed by RivalsTracker to two decimal places and converted to ratios without further precision. sample_matches repeats the source Matches field for each metric row. hero_rank is the displayed table order (win rate descending); tier_label is source-provided. Platform, region, and sample_players are not stated by the source and are left empty."
venom-s9-5-platinum,venom,Venom,seasonalRank,9.5,competitive,platinum,,,winRate,0.4980,ratio,15384,,rivalstracker,primary,https://rivalstracker.com/heroes/venom,2026-08-25T14:02:59.000Z,2026-08-25T16:13:31.923Z,B,30,55,"Filters: Season 9.5, Competitive, Platinum. Percentages are displayed by RivalsTracker to two decimal places and converted to ratios without further precision. sample_matches repeats the source Matches field for each metric row. hero_rank is the displayed table order (win rate descending); tier_label is source-provided. Platform, region, and sample_players are not stated by the source and are left empty."
venom-s9-5-platinum,venom,Venom,seasonalRank,9.5,competitive,platinum,,,pickRate,0.1037,ratio,15384,,rivalstracker,primary,https://rivalstracker.com/heroes/venom,2026-08-25T14:02:59.000Z,2026-08-25T16:13:31.923Z,B,30,55,"Filters: Season 9.5, Competitive, Platinum. Percentages are displayed by RivalsTracker to two decimal places and converted to ratios without further precision. sample_matches repeats the source Matches field for each metric row. hero_rank is the displayed table order (win rate descending); tier_label is source-provided. Platform, region, and sample_players are not stated by the source and are left empty."
venom-s9-5-platinum,venom,Venom,seasonalRank,9.5,competitive,platinum,,,banRate,0.1052,ratio,15384,,rivalstracker,primary,https://rivalstracker.com/heroes/venom,2026-08-25T14:02:59.000Z,2026-08-25T16:13:31.923Z,B,30,55,"Filters: Season 9.5, Competitive, Platinum. Percentages are displayed by RivalsTracker to two decimal places and converted to ratios without further precision. sample_matches repeats the source Matches field for each metric row. hero_rank is the displayed table order (win rate descending); tier_label is source-provided. Platform, region, and sample_players are not stated by the source and are left empty."
rogue-s9-5-platinum,rogue,Rogue,seasonalRank,9.5,competitive,platinum,,,winRate,0.4935,ratio,8313,,rivalstracker,primary,https://rivalstracker.com/heroes/rogue,2026-08-25T14:02:59.000Z,2026-08-25T16:13:31.923Z,B,31,55,"Filters: Season 9.5, Competitive, Platinum. Percentages are displayed by RivalsTracker to two decimal places and converted to ratios without further precision. sample_matches repeats the source Matches field for each metric row. hero_rank is the displayed table order (win rate descending); tier_label is source-provided. Platform, region, and sample_players are not stated by the source and are left empty."
rogue-s9-5-platinum,rogue,Rogue,seasonalRank,9.5,competitive,platinum,,,pickRate,0.0560,ratio,8313,,rivalstracker,primary,https://rivalstracker.com/heroes/rogue,2026-08-25T14:02:59.000Z,2026-08-25T16:13:31.923Z,B,31,55,"Filters: Season 9.5, Competitive, Platinum. Percentages are displayed by RivalsTracker to two decimal places and converted to ratios without further precision. sample_matches repeats the source Matches field for each metric row. hero_rank is the displayed table order (win rate descending); tier_label is source-provided. Platform, region, and sample_players are not stated by the source and are left empty."
rogue-s9-5-platinum,rogue,Rogue,seasonalRank,9.5,competitive,platinum,,,banRate,0.0033,ratio,8313,,rivalstracker,primary,https://rivalstracker.com/heroes/rogue,2026-08-25T14:02:59.000Z,2026-08-25T16:13:31.923Z,B,31,55,"Filters: Season 9.5, Competitive, Platinum. Percentages are displayed by RivalsTracker to two decimal places and converted to ratios without further precision. sample_matches repeats the source Matches field for each metric row. hero_rank is the displayed table order (win rate descending); tier_label is source-provided. Platform, region, and sample_players are not stated by the source and are left empty."
jubilee-s9-5-platinum,jubilee,Jubilee,seasonalRank,9.5,competitive,platinum,,,winRate,0.4933,ratio,51086,,rivalstracker,primary,https://rivalstracker.com/heroes/jubilee,2026-08-25T14:02:59.000Z,2026-08-25T16:13:31.923Z,B,32,55,"Filters: Season 9.5, Competitive, Platinum. Percentages are displayed by RivalsTracker to two decimal places and converted to ratios without further precision. sample_matches repeats the source Matches field for each metric row. hero_rank is the displayed table order (win rate descending); tier_label is source-provided. Platform, region, and sample_players are not stated by the source and are left empty."
jubilee-s9-5-platinum,jubilee,Jubilee,seasonalRank,9.5,competitive,platinum,,,pickRate,0.3443,ratio,51086,,rivalstracker,primary,https://rivalstracker.com/heroes/jubilee,2026-08-25T14:02:59.000Z,2026-08-25T16:13:31.923Z,B,32,55,"Filters: Season 9.5, Competitive, Platinum. Percentages are displayed by RivalsTracker to two decimal places and converted to ratios without further precision. sample_matches repeats the source Matches field for each metric row. hero_rank is the displayed table order (win rate descending); tier_label is source-provided. Platform, region, and sample_players are not stated by the source and are left empty."
jubilee-s9-5-platinum,jubilee,Jubilee,seasonalRank,9.5,competitive,platinum,,,banRate,0.0270,ratio,51086,,rivalstracker,primary,https://rivalstracker.com/heroes/jubilee,2026-08-25T14:02:59.000Z,2026-08-25T16:13:31.923Z,B,32,55,"Filters: Season 9.5, Competitive, Platinum. Percentages are displayed by RivalsTracker to two decimal places and converted to ratios without further precision. sample_matches repeats the source Matches field for each metric row. hero_rank is the displayed table order (win rate descending); tier_label is source-provided. Platform, region, and sample_players are not stated by the source and are left empty."
black-widow-s9-5-platinum,black-widow,Black Widow,seasonalRank,9.5,competitive,platinum,,,winRate,0.4926,ratio,9566,,rivalstracker,primary,https://rivalstracker.com/heroes/black-widow,2026-08-25T14:02:59.000Z,2026-08-25T16:13:31.923Z,B,33,55,"Filters: Season 9.5, Competitive, Platinum. Percentages are displayed by RivalsTracker to two decimal places and converted to ratios without further precision. sample_matches repeats the source Matches field for each metric row. hero_rank is the displayed table order (win rate descending); tier_label is source-provided. Platform, region, and sample_players are not stated by the source and are left empty."
black-widow-s9-5-platinum,black-widow,Black Widow,seasonalRank,9.5,competitive,platinum,,,pickRate,0.0645,ratio,9566,,rivalstracker,primary,https://rivalstracker.com/heroes/black-widow,2026-08-25T14:02:59.000Z,2026-08-25T16:13:31.923Z,B,33,55,"Filters: Season 9.5, Competitive, Platinum. Percentages are displayed by RivalsTracker to two decimal places and converted to ratios without further precision. sample_matches repeats the source Matches field for each metric row. hero_rank is the displayed table order (win rate descending); tier_label is source-provided. Platform, region, and sample_players are not stated by the source and are left empty."
black-widow-s9-5-platinum,black-widow,Black Widow,seasonalRank,9.5,competitive,platinum,,,banRate,0.0076,ratio,9566,,rivalstracker,primary,https://rivalstracker.com/heroes/black-widow,2026-08-25T14:02:59.000Z,2026-08-25T16:13:31.923Z,B,33,55,"Filters: Season 9.5, Competitive, Platinum. Percentages are displayed by RivalsTracker to two decimal places and converted to ratios without further precision. sample_matches repeats the source Matches field for each metric row. hero_rank is the displayed table order (win rate descending); tier_label is source-provided. Platform, region, and sample_players are not stated by the source and are left empty."
hawkeye-s9-5-platinum,hawkeye,Hawkeye,seasonalRank,9.5,competitive,platinum,,,winRate,0.4924,ratio,4117,,rivalstracker,primary,https://rivalstracker.com/heroes/hawkeye,2026-08-25T14:02:59.000Z,2026-08-25T16:13:31.923Z,C,34,55,"Filters: Season 9.5, Competitive, Platinum. Percentages are displayed by RivalsTracker to two decimal places and converted to ratios without further precision. sample_matches repeats the source Matches field for each metric row. hero_rank is the displayed table order (win rate descending); tier_label is source-provided. Platform, region, and sample_players are not stated by the source and are left empty."
hawkeye-s9-5-platinum,hawkeye,Hawkeye,seasonalRank,9.5,competitive,platinum,,,pickRate,0.0278,ratio,4117,,rivalstracker,primary,https://rivalstracker.com/heroes/hawkeye,2026-08-25T14:02:59.000Z,2026-08-25T16:13:31.923Z,C,34,55,"Filters: Season 9.5, Competitive, Platinum. Percentages are displayed by RivalsTracker to two decimal places and converted to ratios without further precision. sample_matches repeats the source Matches field for each metric row. hero_rank is the displayed table order (win rate descending); tier_label is source-provided. Platform, region, and sample_players are not stated by the source and are left empty."
hawkeye-s9-5-platinum,hawkeye,Hawkeye,seasonalRank,9.5,competitive,platinum,,,banRate,0.0034,ratio,4117,,rivalstracker,primary,https://rivalstracker.com/heroes/hawkeye,2026-08-25T14:02:59.000Z,2026-08-25T16:13:31.923Z,C,34,55,"Filters: Season 9.5, Competitive, Platinum. Percentages are displayed by RivalsTracker to two decimal places and converted to ratios without further precision. sample_matches repeats the source Matches field for each metric row. hero_rank is the displayed table order (win rate descending); tier_label is source-provided. Platform, region, and sample_players are not stated by the source and are left empty."
doctor-strange-s9-5-platinum,doctor-strange,Doctor Strange,seasonalRank,9.5,competitive,platinum,,,winRate,0.4916,ratio,25324,,rivalstracker,primary,https://rivalstracker.com/heroes/doctor-strange,2026-08-25T14:02:59.000Z,2026-08-25T16:13:31.923Z,B,35,55,"Filters: Season 9.5, Competitive, Platinum. Percentages are displayed by RivalsTracker to two decimal places and converted to ratios without further precision. sample_matches repeats the source Matches field for each metric row. hero_rank is the displayed table order (win rate descending); tier_label is source-provided. Platform, region, and sample_players are not stated by the source and are left empty."
doctor-strange-s9-5-platinum,doctor-strange,Doctor Strange,seasonalRank,9.5,competitive,platinum,,,pickRate,0.1707,ratio,25324,,rivalstracker,primary,https://rivalstracker.com/heroes/doctor-strange,2026-08-25T14:02:59.000Z,2026-08-25T16:13:31.923Z,B,35,55,"Filters: Season 9.5, Competitive, Platinum. Percentages are displayed by RivalsTracker to two decimal places and converted to ratios without further precision. sample_matches repeats the source Matches field for each metric row. hero_rank is the displayed table order (win rate descending); tier_label is source-provided. Platform, region, and sample_players are not stated by the source and are left empty."
doctor-strange-s9-5-platinum,doctor-strange,Doctor Strange,seasonalRank,9.5,competitive,platinum,,,banRate,0.0087,ratio,25324,,rivalstracker,primary,https://rivalstracker.com/heroes/doctor-strange,2026-08-25T14:02:59.000Z,2026-08-25T16:13:31.923Z,B,35,55,"Filters: Season 9.5, Competitive, Platinum. Percentages are displayed by RivalsTracker to two decimal places and converted to ratios without further precision. sample_matches repeats the source Matches field for each metric row. hero_rank is the displayed table order (win rate descending); tier_label is source-provided. Platform, region, and sample_players are not stated by the source and are left empty."
devil-dinosaur-s9-5-platinum,devil-dinosaur,Devil Dinosaur,seasonalRank,9.5,competitive,platinum,,,winRate,0.4872,ratio,15218,,rivalstracker,primary,https://rivalstracker.com/heroes/devil-dinosaur,2026-08-25T14:02:59.000Z,2026-08-25T16:13:31.923Z,B,36,55,"Filters: Season 9.5, Competitive, Platinum. Percentages are displayed by RivalsTracker to two decimal places and converted to ratios without further precision. sample_matches repeats the source Matches field for each metric row. hero_rank is the displayed table order (win rate descending); tier_label is source-provided. Platform, region, and sample_players are not stated by the source and are left empty."
devil-dinosaur-s9-5-platinum,devil-dinosaur,Devil Dinosaur,seasonalRank,9.5,competitive,platinum,,,pickRate,0.1026,ratio,15218,,rivalstracker,primary,https://rivalstracker.com/heroes/devil-dinosaur,2026-08-25T14:02:59.000Z,2026-08-25T16:13:31.923Z,B,36,55,"Filters: Season 9.5, Competitive, Platinum. Percentages are displayed by RivalsTracker to two decimal places and converted to ratios without further precision. sample_matches repeats the source Matches field for each metric row. hero_rank is the displayed table order (win rate descending); tier_label is source-provided. Platform, region, and sample_players are not stated by the source and are left empty."
devil-dinosaur-s9-5-platinum,devil-dinosaur,Devil Dinosaur,seasonalRank,9.5,competitive,platinum,,,banRate,0.0350,ratio,15218,,rivalstracker,primary,https://rivalstracker.com/heroes/devil-dinosaur,2026-08-25T14:02:59.000Z,2026-08-25T16:13:31.923Z,B,36,55,"Filters: Season 9.5, Competitive, Platinum. Percentages are displayed by RivalsTracker to two decimal places and converted to ratios without further precision. sample_matches repeats the source Matches field for each metric row. hero_rank is the displayed table order (win rate descending); tier_label is source-provided. Platform, region, and sample_players are not stated by the source and are left empty."
moon-knight-s9-5-platinum,moon-knight,Moon Knight,seasonalRank,9.5,competitive,platinum,,,winRate,0.4870,ratio,16108,,rivalstracker,primary,https://rivalstracker.com/heroes/moon-knight,2026-08-25T14:02:59.000Z,2026-08-25T16:13:31.923Z,B,37,55,"Filters: Season 9.5, Competitive, Platinum. Percentages are displayed by RivalsTracker to two decimal places and converted to ratios without further precision. sample_matches repeats the source Matches field for each metric row. hero_rank is the displayed table order (win rate descending); tier_label is source-provided. Platform, region, and sample_players are not stated by the source and are left empty."
moon-knight-s9-5-platinum,moon-knight,Moon Knight,seasonalRank,9.5,competitive,platinum,,,pickRate,0.1086,ratio,16108,,rivalstracker,primary,https://rivalstracker.com/heroes/moon-knight,2026-08-25T14:02:59.000Z,2026-08-25T16:13:31.923Z,B,37,55,"Filters: Season 9.5, Competitive, Platinum. Percentages are displayed by RivalsTracker to two decimal places and converted to ratios without further precision. sample_matches repeats the source Matches field for each metric row. hero_rank is the displayed table order (win rate descending); tier_label is source-provided. Platform, region, and sample_players are not stated by the source and are left empty."
moon-knight-s9-5-platinum,moon-knight,Moon Knight,seasonalRank,9.5,competitive,platinum,,,banRate,0.0195,ratio,16108,,rivalstracker,primary,https://rivalstracker.com/heroes/moon-knight,2026-08-25T14:02:59.000Z,2026-08-25T16:13:31.923Z,B,37,55,"Filters: Season 9.5, Competitive, Platinum. Percentages are displayed by RivalsTracker to two decimal places and converted to ratios without further precision. sample_matches repeats the source Matches field for each metric row. hero_rank is the displayed table order (win rate descending); tier_label is source-provided. Platform, region, and sample_players are not stated by the source and are left empty."
star-lord-s9-5-platinum,star-lord,Star-lord,seasonalRank,9.5,competitive,platinum,,,winRate,0.4854,ratio,7978,,rivalstracker,primary,https://rivalstracker.com/heroes/star-lord,2026-08-25T14:02:59.000Z,2026-08-25T16:13:31.923Z,C,38,55,"Filters: Season 9.5, Competitive, Platinum. Percentages are displayed by RivalsTracker to two decimal places and converted to ratios without further precision. sample_matches repeats the source Matches field for each metric row. hero_rank is the displayed table order (win rate descending); tier_label is source-provided. Platform, region, and sample_players are not stated by the source and are left empty."
star-lord-s9-5-platinum,star-lord,Star-lord,seasonalRank,9.5,competitive,platinum,,,pickRate,0.0538,ratio,7978,,rivalstracker,primary,https://rivalstracker.com/heroes/star-lord,2026-08-25T14:02:59.000Z,2026-08-25T16:13:31.923Z,C,38,55,"Filters: Season 9.5, Competitive, Platinum. Percentages are displayed by RivalsTracker to two decimal places and converted to ratios without further precision. sample_matches repeats the source Matches field for each metric row. hero_rank is the displayed table order (win rate descending); tier_label is source-provided. Platform, region, and sample_players are not stated by the source and are left empty."
star-lord-s9-5-platinum,star-lord,Star-lord,seasonalRank,9.5,competitive,platinum,,,banRate,0.0035,ratio,7978,,rivalstracker,primary,https://rivalstracker.com/heroes/star-lord,2026-08-25T14:02:59.000Z,2026-08-25T16:13:31.923Z,C,38,55,"Filters: Season 9.5, Competitive, Platinum. Percentages are displayed by RivalsTracker to two decimal places and converted to ratios without further precision. sample_matches repeats the source Matches field for each metric row. hero_rank is the displayed table order (win rate descending); tier_label is source-provided. Platform, region, and sample_players are not stated by the source and are left empty."
elsa-bloodstone-s9-5-platinum,elsa-bloodstone,Elsa Bloodstone,seasonalRank,9.5,competitive,platinum,,,winRate,0.4843,ratio,11922,,rivalstracker,primary,https://rivalstracker.com/heroes/elsa-bloodstone,2026-08-25T14:02:59.000Z,2026-08-25T16:13:31.923Z,C,39,55,"Filters: Season 9.5, Competitive, Platinum. Percentages are displayed by RivalsTracker to two decimal places and converted to ratios without further precision. sample_matches repeats the source Matches field for each metric row. hero_rank is the displayed table order (win rate descending); tier_label is source-provided. Platform, region, and sample_players are not stated by the source and are left empty."
elsa-bloodstone-s9-5-platinum,elsa-bloodstone,Elsa Bloodstone,seasonalRank,9.5,competitive,platinum,,,pickRate,0.0804,ratio,11922,,rivalstracker,primary,https://rivalstracker.com/heroes/elsa-bloodstone,2026-08-25T14:02:59.000Z,2026-08-25T16:13:31.923Z,C,39,55,"Filters: Season 9.5, Competitive, Platinum. Percentages are displayed by RivalsTracker to two decimal places and converted to ratios without further precision. sample_matches repeats the source Matches field for each metric row. hero_rank is the displayed table order (win rate descending); tier_label is source-provided. Platform, region, and sample_players are not stated by the source and are left empty."
elsa-bloodstone-s9-5-platinum,elsa-bloodstone,Elsa Bloodstone,seasonalRank,9.5,competitive,platinum,,,banRate,0.0625,ratio,11922,,rivalstracker,primary,https://rivalstracker.com/heroes/elsa-bloodstone,2026-08-25T14:02:59.000Z,2026-08-25T16:13:31.923Z,C,39,55,"Filters: Season 9.5, Competitive, Platinum. Percentages are displayed by RivalsTracker to two decimal places and converted to ratios without further precision. sample_matches repeats the source Matches field for each metric row. hero_rank is the displayed table order (win rate descending); tier_label is source-provided. Platform, region, and sample_players are not stated by the source and are left empty."
captain-america-s9-5-platinum,captain-america,Captain America,seasonalRank,9.5,competitive,platinum,,,winRate,0.4843,ratio,4171,,rivalstracker,primary,https://rivalstracker.com/heroes/captain-america,2026-08-25T14:02:59.000Z,2026-08-25T16:13:31.923Z,D,40,55,"Filters: Season 9.5, Competitive, Platinum. Percentages are displayed by RivalsTracker to two decimal places and converted to ratios without further precision. sample_matches repeats the source Matches field for each metric row. hero_rank is the displayed table order (win rate descending); tier_label is source-provided. Platform, region, and sample_players are not stated by the source and are left empty."
captain-america-s9-5-platinum,captain-america,Captain America,seasonalRank,9.5,competitive,platinum,,,pickRate,0.0281,ratio,4171,,rivalstracker,primary,https://rivalstracker.com/heroes/captain-america,2026-08-25T14:02:59.000Z,2026-08-25T16:13:31.923Z,D,40,55,"Filters: Season 9.5, Competitive, Platinum. Percentages are displayed by RivalsTracker to two decimal places and converted to ratios without further precision. sample_matches repeats the source Matches field for each metric row. hero_rank is the displayed table order (win rate descending); tier_label is source-provided. Platform, region, and sample_players are not stated by the source and are left empty."
captain-america-s9-5-platinum,captain-america,Captain America,seasonalRank,9.5,competitive,platinum,,,banRate,0.0017,ratio,4171,,rivalstracker,primary,https://rivalstracker.com/heroes/captain-america,2026-08-25T14:02:59.000Z,2026-08-25T16:13:31.923Z,D,40,55,"Filters: Season 9.5, Competitive, Platinum. Percentages are displayed by RivalsTracker to two decimal places and converted to ratios without further precision. sample_matches repeats the source Matches field for each metric row. hero_rank is the displayed table order (win rate descending); tier_label is source-provided. Platform, region, and sample_players are not stated by the source and are left empty."
white-fox-s9-5-platinum,white-fox,White Fox,seasonalRank,9.5,competitive,platinum,,,winRate,0.4727,ratio,24460,,rivalstracker,primary,https://rivalstracker.com/heroes/white-fox,2026-08-25T14:02:59.000Z,2026-08-25T16:13:31.923Z,C,41,55,"Filters: Season 9.5, Competitive, Platinum. Percentages are displayed by RivalsTracker to two decimal places and converted to ratios without further precision. sample_matches repeats the source Matches field for each metric row. hero_rank is the displayed table order (win rate descending); tier_label is source-provided. Platform, region, and sample_players are not stated by the source and are left empty."
white-fox-s9-5-platinum,white-fox,White Fox,seasonalRank,9.5,competitive,platinum,,,pickRate,0.1649,ratio,24460,,rivalstracker,primary,https://rivalstracker.com/heroes/white-fox,2026-08-25T14:02:59.000Z,2026-08-25T16:13:31.923Z,C,41,55,"Filters: Season 9.5, Competitive, Platinum. Percentages are displayed by RivalsTracker to two decimal places and converted to ratios without further precision. sample_matches repeats the source Matches field for each metric row. hero_rank is the displayed table order (win rate descending); tier_label is source-provided. Platform, region, and sample_players are not stated by the source and are left empty."
white-fox-s9-5-platinum,white-fox,White Fox,seasonalRank,9.5,competitive,platinum,,,banRate,0.0085,ratio,24460,,rivalstracker,primary,https://rivalstracker.com/heroes/white-fox,2026-08-25T14:02:59.000Z,2026-08-25T16:13:31.923Z,C,41,55,"Filters: Season 9.5, Competitive, Platinum. Percentages are displayed by RivalsTracker to two decimal places and converted to ratios without further precision. sample_matches repeats the source Matches field for each metric row. hero_rank is the displayed table order (win rate descending); tier_label is source-provided. Platform, region, and sample_players are not stated by the source and are left empty."
scarlet-witch-s9-5-platinum,scarlet-witch,Scarlet Witch,seasonalRank,9.5,competitive,platinum,,,winRate,0.4714,ratio,17416,,rivalstracker,primary,https://rivalstracker.com/heroes/scarlet-witch,2026-08-25T14:02:59.000Z,2026-08-25T16:13:31.923Z,C,42,55,"Filters: Season 9.5, Competitive, Platinum. Percentages are displayed by RivalsTracker to two decimal places and converted to ratios without further precision. sample_matches repeats the source Matches field for each metric row. hero_rank is the displayed table order (win rate descending); tier_label is source-provided. Platform, region, and sample_players are not stated by the source and are left empty."
scarlet-witch-s9-5-platinum,scarlet-witch,Scarlet Witch,seasonalRank,9.5,competitive,platinum,,,pickRate,0.1174,ratio,17416,,rivalstracker,primary,https://rivalstracker.com/heroes/scarlet-witch,2026-08-25T14:02:59.000Z,2026-08-25T16:13:31.923Z,C,42,55,"Filters: Season 9.5, Competitive, Platinum. Percentages are displayed by RivalsTracker to two decimal places and converted to ratios without further precision. sample_matches repeats the source Matches field for each metric row. hero_rank is the displayed table order (win rate descending); tier_label is source-provided. Platform, region, and sample_players are not stated by the source and are left empty."
scarlet-witch-s9-5-platinum,scarlet-witch,Scarlet Witch,seasonalRank,9.5,competitive,platinum,,,banRate,0.0090,ratio,17416,,rivalstracker,primary,https://rivalstracker.com/heroes/scarlet-witch,2026-08-25T14:02:59.000Z,2026-08-25T16:13:31.923Z,C,42,55,"Filters: Season 9.5, Competitive, Platinum. Percentages are displayed by RivalsTracker to two decimal places and converted to ratios without further precision. sample_matches repeats the source Matches field for each metric row. hero_rank is the displayed table order (win rate descending); tier_label is source-provided. Platform, region, and sample_players are not stated by the source and are left empty."
invisible-woman-s9-5-platinum,invisible-woman,Invisible Woman,seasonalRank,9.5,competitive,platinum,,,winRate,0.4696,ratio,35301,,rivalstracker,primary,https://rivalstracker.com/heroes/invisible-woman,2026-08-25T14:02:59.000Z,2026-08-25T16:13:31.923Z,B,43,55,"Filters: Season 9.5, Competitive, Platinum. Percentages are displayed by RivalsTracker to two decimal places and converted to ratios without further precision. sample_matches repeats the source Matches field for each metric row. hero_rank is the displayed table order (win rate descending); tier_label is source-provided. Platform, region, and sample_players are not stated by the source and are left empty."
invisible-woman-s9-5-platinum,invisible-woman,Invisible Woman,seasonalRank,9.5,competitive,platinum,,,pickRate,0.2379,ratio,35301,,rivalstracker,primary,https://rivalstracker.com/heroes/invisible-woman,2026-08-25T14:02:59.000Z,2026-08-25T16:13:31.923Z,B,43,55,"Filters: Season 9.5, Competitive, Platinum. Percentages are displayed by RivalsTracker to two decimal places and converted to ratios without further precision. sample_matches repeats the source Matches field for each metric row. hero_rank is the displayed table order (win rate descending); tier_label is source-provided. Platform, region, and sample_players are not stated by the source and are left empty."
invisible-woman-s9-5-platinum,invisible-woman,Invisible Woman,seasonalRank,9.5,competitive,platinum,,,banRate,0.0124,ratio,35301,,rivalstracker,primary,https://rivalstracker.com/heroes/invisible-woman,2026-08-25T14:02:59.000Z,2026-08-25T16:13:31.923Z,B,43,55,"Filters: Season 9.5, Competitive, Platinum. Percentages are displayed by RivalsTracker to two decimal places and converted to ratios without further precision. sample_matches repeats the source Matches field for each metric row. hero_rank is the displayed table order (win rate descending); tier_label is source-provided. Platform, region, and sample_players are not stated by the source and are left empty."
gambit-s9-5-platinum,gambit,Gambit,seasonalRank,9.5,competitive,platinum,,,winRate,0.4688,ratio,27325,,rivalstracker,primary,https://rivalstracker.com/heroes/gambit,2026-08-25T14:02:59.000Z,2026-08-25T16:13:31.923Z,B,44,55,"Filters: Season 9.5, Competitive, Platinum. Percentages are displayed by RivalsTracker to two decimal places and converted to ratios without further precision. sample_matches repeats the source Matches field for each metric row. hero_rank is the displayed table order (win rate descending); tier_label is source-provided. Platform, region, and sample_players are not stated by the source and are left empty."
gambit-s9-5-platinum,gambit,Gambit,seasonalRank,9.5,competitive,platinum,,,pickRate,0.1842,ratio,27325,,rivalstracker,primary,https://rivalstracker.com/heroes/gambit,2026-08-25T14:02:59.000Z,2026-08-25T16:13:31.923Z,B,44,55,"Filters: Season 9.5, Competitive, Platinum. Percentages are displayed by RivalsTracker to two decimal places and converted to ratios without further precision. sample_matches repeats the source Matches field for each metric row. hero_rank is the displayed table order (win rate descending); tier_label is source-provided. Platform, region, and sample_players are not stated by the source and are left empty."
gambit-s9-5-platinum,gambit,Gambit,seasonalRank,9.5,competitive,platinum,,,banRate,0.1347,ratio,27325,,rivalstracker,primary,https://rivalstracker.com/heroes/gambit,2026-08-25T14:02:59.000Z,2026-08-25T16:13:31.923Z,B,44,55,"Filters: Season 9.5, Competitive, Platinum. Percentages are displayed by RivalsTracker to two decimal places and converted to ratios without further precision. sample_matches repeats the source Matches field for each metric row. hero_rank is the displayed table order (win rate descending); tier_label is source-provided. Platform, region, and sample_players are not stated by the source and are left empty."
namor-s9-5-platinum,namor,Namor,seasonalRank,9.5,competitive,platinum,,,winRate,0.4680,ratio,17404,,rivalstracker,primary,https://rivalstracker.com/heroes/namor,2026-08-25T14:02:59.000Z,2026-08-25T16:13:31.923Z,C,45,55,"Filters: Season 9.5, Competitive, Platinum. Percentages are displayed by RivalsTracker to two decimal places and converted to ratios without further precision. sample_matches repeats the source Matches field for each metric row. hero_rank is the displayed table order (win rate descending); tier_label is source-provided. Platform, region, and sample_players are not stated by the source and are left empty."
namor-s9-5-platinum,namor,Namor,seasonalRank,9.5,competitive,platinum,,,pickRate,0.1173,ratio,17404,,rivalstracker,primary,https://rivalstracker.com/heroes/namor,2026-08-25T14:02:59.000Z,2026-08-25T16:13:31.923Z,C,45,55,"Filters: Season 9.5, Competitive, Platinum. Percentages are displayed by RivalsTracker to two decimal places and converted to ratios without further precision. sample_matches repeats the source Matches field for each metric row. hero_rank is the displayed table order (win rate descending); tier_label is source-provided. Platform, region, and sample_players are not stated by the source and are left empty."
namor-s9-5-platinum,namor,Namor,seasonalRank,9.5,competitive,platinum,,,banRate,0.2020,ratio,17404,,rivalstracker,primary,https://rivalstracker.com/heroes/namor,2026-08-25T14:02:59.000Z,2026-08-25T16:13:31.923Z,C,45,55,"Filters: Season 9.5, Competitive, Platinum. Percentages are displayed by RivalsTracker to two decimal places and converted to ratios without further precision. sample_matches repeats the source Matches field for each metric row. hero_rank is the displayed table order (win rate descending); tier_label is source-provided. Platform, region, and sample_players are not stated by the source and are left empty."
emma-frost-s9-5-platinum,emma-frost,Emma Frost,seasonalRank,9.5,competitive,platinum,,,winRate,0.4668,ratio,32912,,rivalstracker,primary,https://rivalstracker.com/heroes/emma-frost,2026-08-25T14:02:59.000Z,2026-08-25T16:13:31.923Z,C,46,55,"Filters: Season 9.5, Competitive, Platinum. Percentages are displayed by RivalsTracker to two decimal places and converted to ratios without further precision. sample_matches repeats the source Matches field for each metric row. hero_rank is the displayed table order (win rate descending); tier_label is source-provided. Platform, region, and sample_players are not stated by the source and are left empty."
emma-frost-s9-5-platinum,emma-frost,Emma Frost,seasonalRank,9.5,competitive,platinum,,,pickRate,0.2218,ratio,32912,,rivalstracker,primary,https://rivalstracker.com/heroes/emma-frost,2026-08-25T14:02:59.000Z,2026-08-25T16:13:31.923Z,C,46,55,"Filters: Season 9.5, Competitive, Platinum. Percentages are displayed by RivalsTracker to two decimal places and converted to ratios without further precision. sample_matches repeats the source Matches field for each metric row. hero_rank is the displayed table order (win rate descending); tier_label is source-provided. Platform, region, and sample_players are not stated by the source and are left empty."
emma-frost-s9-5-platinum,emma-frost,Emma Frost,seasonalRank,9.5,competitive,platinum,,,banRate,0.0220,ratio,32912,,rivalstracker,primary,https://rivalstracker.com/heroes/emma-frost,2026-08-25T14:02:59.000Z,2026-08-25T16:13:31.923Z,C,46,55,"Filters: Season 9.5, Competitive, Platinum. Percentages are displayed by RivalsTracker to two decimal places and converted to ratios without further precision. sample_matches repeats the source Matches field for each metric row. hero_rank is the displayed table order (win rate descending); tier_label is source-provided. Platform, region, and sample_players are not stated by the source and are left empty."
deadpool-duelist-s9-5-platinum,deadpool-duelist,Deadpool (Duelist),seasonalRank,9.5,competitive,platinum,,,winRate,0.4630,ratio,4950,,rivalstracker,primary,https://rivalstracker.com/heroes/deadpool-duelist,2026-08-25T14:02:59.000Z,2026-08-25T16:13:31.923Z,D,47,55,"Filters: Season 9.5, Competitive, Platinum. Percentages are displayed by RivalsTracker to two decimal places and converted to ratios without further precision. sample_matches repeats the source Matches field for each metric row. hero_rank is the displayed table order (win rate descending); tier_label is source-provided. Platform, region, and sample_players are not stated by the source and are left empty."
deadpool-duelist-s9-5-platinum,deadpool-duelist,Deadpool (Duelist),seasonalRank,9.5,competitive,platinum,,,pickRate,0.0334,ratio,4950,,rivalstracker,primary,https://rivalstracker.com/heroes/deadpool-duelist,2026-08-25T14:02:59.000Z,2026-08-25T16:13:31.923Z,D,47,55,"Filters: Season 9.5, Competitive, Platinum. Percentages are displayed by RivalsTracker to two decimal places and converted to ratios without further precision. sample_matches repeats the source Matches field for each metric row. hero_rank is the displayed table order (win rate descending); tier_label is source-provided. Platform, region, and sample_players are not stated by the source and are left empty."
deadpool-duelist-s9-5-platinum,deadpool-duelist,Deadpool (Duelist),seasonalRank,9.5,competitive,platinum,,,banRate,0.0018,ratio,4950,,rivalstracker,primary,https://rivalstracker.com/heroes/deadpool-duelist,2026-08-25T14:02:59.000Z,2026-08-25T16:13:31.923Z,D,47,55,"Filters: Season 9.5, Competitive, Platinum. Percentages are displayed by RivalsTracker to two decimal places and converted to ratios without further precision. sample_matches repeats the source Matches field for each metric row. hero_rank is the displayed table order (win rate descending); tier_label is source-provided. Platform, region, and sample_players are not stated by the source and are left empty."
the-punisher-s9-5-platinum,the-punisher,The Punisher,seasonalRank,9.5,competitive,platinum,,,winRate,0.4581,ratio,17978,,rivalstracker,primary,https://rivalstracker.com/heroes/the-punisher,2026-08-25T14:02:59.000Z,2026-08-25T16:13:31.923Z,C,48,55,"Filters: Season 9.5, Competitive, Platinum. Percentages are displayed by RivalsTracker to two decimal places and converted to ratios without further precision. sample_matches repeats the source Matches field for each metric row. hero_rank is the displayed table order (win rate descending); tier_label is source-provided. Platform, region, and sample_players are not stated by the source and are left empty."
the-punisher-s9-5-platinum,the-punisher,The Punisher,seasonalRank,9.5,competitive,platinum,,,pickRate,0.1212,ratio,17978,,rivalstracker,primary,https://rivalstracker.com/heroes/the-punisher,2026-08-25T14:02:59.000Z,2026-08-25T16:13:31.923Z,C,48,55,"Filters: Season 9.5, Competitive, Platinum. Percentages are displayed by RivalsTracker to two decimal places and converted to ratios without further precision. sample_matches repeats the source Matches field for each metric row. hero_rank is the displayed table order (win rate descending); tier_label is source-provided. Platform, region, and sample_players are not stated by the source and are left empty."
the-punisher-s9-5-platinum,the-punisher,The Punisher,seasonalRank,9.5,competitive,platinum,,,banRate,0.0699,ratio,17978,,rivalstracker,primary,https://rivalstracker.com/heroes/the-punisher,2026-08-25T14:02:59.000Z,2026-08-25T16:13:31.923Z,C,48,55,"Filters: Season 9.5, Competitive, Platinum. Percentages are displayed by RivalsTracker to two decimal places and converted to ratios without further precision. sample_matches repeats the source Matches field for each metric row. hero_rank is the displayed table order (win rate descending); tier_label is source-provided. Platform, region, and sample_players are not stated by the source and are left empty."
cyclops-s9-5-platinum,cyclops,Cyclops,seasonalRank,9.5,competitive,platinum,,,winRate,0.4557,ratio,23711,,rivalstracker,primary,https://rivalstracker.com/heroes/cyclops,2026-08-25T14:02:59.000Z,2026-08-25T16:13:31.923Z,C,49,55,"Filters: Season 9.5, Competitive, Platinum. Percentages are displayed by RivalsTracker to two decimal places and converted to ratios without further precision. sample_matches repeats the source Matches field for each metric row. hero_rank is the displayed table order (win rate descending); tier_label is source-provided. Platform, region, and sample_players are not stated by the source and are left empty."
cyclops-s9-5-platinum,cyclops,Cyclops,seasonalRank,9.5,competitive,platinum,,,pickRate,0.1598,ratio,23711,,rivalstracker,primary,https://rivalstracker.com/heroes/cyclops,2026-08-25T14:02:59.000Z,2026-08-25T16:13:31.923Z,C,49,55,"Filters: Season 9.5, Competitive, Platinum. Percentages are displayed by RivalsTracker to two decimal places and converted to ratios without further precision. sample_matches repeats the source Matches field for each metric row. hero_rank is the displayed table order (win rate descending); tier_label is source-provided. Platform, region, and sample_players are not stated by the source and are left empty."
cyclops-s9-5-platinum,cyclops,Cyclops,seasonalRank,9.5,competitive,platinum,,,banRate,0.0350,ratio,23711,,rivalstracker,primary,https://rivalstracker.com/heroes/cyclops,2026-08-25T14:02:59.000Z,2026-08-25T16:13:31.923Z,C,49,55,"Filters: Season 9.5, Competitive, Platinum. Percentages are displayed by RivalsTracker to two decimal places and converted to ratios without further precision. sample_matches repeats the source Matches field for each metric row. hero_rank is the displayed table order (win rate descending); tier_label is source-provided. Platform, region, and sample_players are not stated by the source and are left empty."
luna-snow-s9-5-platinum,luna-snow,Luna Snow,seasonalRank,9.5,competitive,platinum,,,winRate,0.4506,ratio,26431,,rivalstracker,primary,https://rivalstracker.com/heroes/luna-snow,2026-08-25T14:02:59.000Z,2026-08-25T16:13:31.923Z,C,50,55,"Filters: Season 9.5, Competitive, Platinum. Percentages are displayed by RivalsTracker to two decimal places and converted to ratios without further precision. sample_matches repeats the source Matches field for each metric row. hero_rank is the displayed table order (win rate descending); tier_label is source-provided. Platform, region, and sample_players are not stated by the source and are left empty."
luna-snow-s9-5-platinum,luna-snow,Luna Snow,seasonalRank,9.5,competitive,platinum,,,pickRate,0.1782,ratio,26431,,rivalstracker,primary,https://rivalstracker.com/heroes/luna-snow,2026-08-25T14:02:59.000Z,2026-08-25T16:13:31.923Z,C,50,55,"Filters: Season 9.5, Competitive, Platinum. Percentages are displayed by RivalsTracker to two decimal places and converted to ratios without further precision. sample_matches repeats the source Matches field for each metric row. hero_rank is the displayed table order (win rate descending); tier_label is source-provided. Platform, region, and sample_players are not stated by the source and are left empty."
luna-snow-s9-5-platinum,luna-snow,Luna Snow,seasonalRank,9.5,competitive,platinum,,,banRate,0.0101,ratio,26431,,rivalstracker,primary,https://rivalstracker.com/heroes/luna-snow,2026-08-25T14:02:59.000Z,2026-08-25T16:13:31.923Z,C,50,55,"Filters: Season 9.5, Competitive, Platinum. Percentages are displayed by RivalsTracker to two decimal places and converted to ratios without further precision. sample_matches repeats the source Matches field for each metric row. hero_rank is the displayed table order (win rate descending); tier_label is source-provided. Platform, region, and sample_players are not stated by the source and are left empty."
squirrel-girl-s9-5-platinum,squirrel-girl,Squirrel Girl,seasonalRank,9.5,competitive,platinum,,,winRate,0.4418,ratio,13638,,rivalstracker,primary,https://rivalstracker.com/heroes/squirrel-girl,2026-08-25T14:02:59.000Z,2026-08-25T16:13:31.923Z,D,51,55,"Filters: Season 9.5, Competitive, Platinum. Percentages are displayed by RivalsTracker to two decimal places and converted to ratios without further precision. sample_matches repeats the source Matches field for each metric row. hero_rank is the displayed table order (win rate descending); tier_label is source-provided. Platform, region, and sample_players are not stated by the source and are left empty."
squirrel-girl-s9-5-platinum,squirrel-girl,Squirrel Girl,seasonalRank,9.5,competitive,platinum,,,pickRate,0.0919,ratio,13638,,rivalstracker,primary,https://rivalstracker.com/heroes/squirrel-girl,2026-08-25T14:02:59.000Z,2026-08-25T16:13:31.923Z,D,51,55,"Filters: Season 9.5, Competitive, Platinum. Percentages are displayed by RivalsTracker to two decimal places and converted to ratios without further precision. sample_matches repeats the source Matches field for each metric row. hero_rank is the displayed table order (win rate descending); tier_label is source-provided. Platform, region, and sample_players are not stated by the source and are left empty."
squirrel-girl-s9-5-platinum,squirrel-girl,Squirrel Girl,seasonalRank,9.5,competitive,platinum,,,banRate,0.0203,ratio,13638,,rivalstracker,primary,https://rivalstracker.com/heroes/squirrel-girl,2026-08-25T14:02:59.000Z,2026-08-25T16:13:31.923Z,D,51,55,"Filters: Season 9.5, Competitive, Platinum. Percentages are displayed by RivalsTracker to two decimal places and converted to ratios without further precision. sample_matches repeats the source Matches field for each metric row. hero_rank is the displayed table order (win rate descending); tier_label is source-provided. Platform, region, and sample_players are not stated by the source and are left empty."
phoenix-s9-5-platinum,phoenix,Phoenix,seasonalRank,9.5,competitive,platinum,,,winRate,0.4417,ratio,8383,,rivalstracker,primary,https://rivalstracker.com/heroes/phoenix,2026-08-25T14:02:59.000Z,2026-08-25T16:13:31.923Z,D,52,55,"Filters: Season 9.5, Competitive, Platinum. Percentages are displayed by RivalsTracker to two decimal places and converted to ratios without further precision. sample_matches repeats the source Matches field for each metric row. hero_rank is the displayed table order (win rate descending); tier_label is source-provided. Platform, region, and sample_players are not stated by the source and are left empty."
phoenix-s9-5-platinum,phoenix,Phoenix,seasonalRank,9.5,competitive,platinum,,,pickRate,0.0565,ratio,8383,,rivalstracker,primary,https://rivalstracker.com/heroes/phoenix,2026-08-25T14:02:59.000Z,2026-08-25T16:13:31.923Z,D,52,55,"Filters: Season 9.5, Competitive, Platinum. Percentages are displayed by RivalsTracker to two decimal places and converted to ratios without further precision. sample_matches repeats the source Matches field for each metric row. hero_rank is the displayed table order (win rate descending); tier_label is source-provided. Platform, region, and sample_players are not stated by the source and are left empty."
phoenix-s9-5-platinum,phoenix,Phoenix,seasonalRank,9.5,competitive,platinum,,,banRate,0.0082,ratio,8383,,rivalstracker,primary,https://rivalstracker.com/heroes/phoenix,2026-08-25T14:02:59.000Z,2026-08-25T16:13:31.923Z,D,52,55,"Filters: Season 9.5, Competitive, Platinum. Percentages are displayed by RivalsTracker to two decimal places and converted to ratios without further precision. sample_matches repeats the source Matches field for each metric row. hero_rank is the displayed table order (win rate descending); tier_label is source-provided. Platform, region, and sample_players are not stated by the source and are left empty."
deadpool-strategist-s9-5-platinum,deadpool-strategist,Deadpool (Strategist),seasonalRank,9.5,competitive,platinum,,,winRate,0.4404,ratio,11304,,rivalstracker,primary,https://rivalstracker.com/heroes/deadpool-strategist,2026-08-25T14:02:59.000Z,2026-08-25T16:13:31.923Z,D,53,55,"Filters: Season 9.5, Competitive, Platinum. Percentages are displayed by RivalsTracker to two decimal places and converted to ratios without further precision. sample_matches repeats the source Matches field for each metric row. hero_rank is the displayed table order (win rate descending); tier_label is source-provided. Platform, region, and sample_players are not stated by the source and are left empty."
deadpool-strategist-s9-5-platinum,deadpool-strategist,Deadpool (Strategist),seasonalRank,9.5,competitive,platinum,,,pickRate,0.0762,ratio,11304,,rivalstracker,primary,https://rivalstracker.com/heroes/deadpool-strategist,2026-08-25T14:02:59.000Z,2026-08-25T16:13:31.923Z,D,53,55,"Filters: Season 9.5, Competitive, Platinum. Percentages are displayed by RivalsTracker to two decimal places and converted to ratios without further precision. sample_matches repeats the source Matches field for each metric row. hero_rank is the displayed table order (win rate descending); tier_label is source-provided. Platform, region, and sample_players are not stated by the source and are left empty."
deadpool-strategist-s9-5-platinum,deadpool-strategist,Deadpool (Strategist),seasonalRank,9.5,competitive,platinum,,,banRate,0.0013,ratio,11304,,rivalstracker,primary,https://rivalstracker.com/heroes/deadpool-strategist,2026-08-25T14:02:59.000Z,2026-08-25T16:13:31.923Z,D,53,55,"Filters: Season 9.5, Competitive, Platinum. Percentages are displayed by RivalsTracker to two decimal places and converted to ratios without further precision. sample_matches repeats the source Matches field for each metric row. hero_rank is the displayed table order (win rate descending); tier_label is source-provided. Platform, region, and sample_players are not stated by the source and are left empty."
jeff-the-land-shark-s9-5-platinum,jeff-the-land-shark,Jeff The Land Shark,seasonalRank,9.5,competitive,platinum,,,winRate,0.4330,ratio,15836,,rivalstracker,primary,https://rivalstracker.com/heroes/jeff-the-land-shark,2026-08-25T14:02:59.000Z,2026-08-25T16:13:31.923Z,D,54,55,"Filters: Season 9.5, Competitive, Platinum. Percentages are displayed by RivalsTracker to two decimal places and converted to ratios without further precision. sample_matches repeats the source Matches field for each metric row. hero_rank is the displayed table order (win rate descending); tier_label is source-provided. Platform, region, and sample_players are not stated by the source and are left empty."
jeff-the-land-shark-s9-5-platinum,jeff-the-land-shark,Jeff The Land Shark,seasonalRank,9.5,competitive,platinum,,,pickRate,0.1067,ratio,15836,,rivalstracker,primary,https://rivalstracker.com/heroes/jeff-the-land-shark,2026-08-25T14:02:59.000Z,2026-08-25T16:13:31.923Z,D,54,55,"Filters: Season 9.5, Competitive, Platinum. Percentages are displayed by RivalsTracker to two decimal places and converted to ratios without further precision. sample_matches repeats the source Matches field for each metric row. hero_rank is the displayed table order (win rate descending); tier_label is source-provided. Platform, region, and sample_players are not stated by the source and are left empty."
jeff-the-land-shark-s9-5-platinum,jeff-the-land-shark,Jeff The Land Shark,seasonalRank,9.5,competitive,platinum,,,banRate,0.0036,ratio,15836,,rivalstracker,primary,https://rivalstracker.com/heroes/jeff-the-land-shark,2026-08-25T14:02:59.000Z,2026-08-25T16:13:31.923Z,D,54,55,"Filters: Season 9.5, Competitive, Platinum. Percentages are displayed by RivalsTracker to two decimal places and converted to ratios without further precision. sample_matches repeats the source Matches field for each metric row. hero_rank is the displayed table order (win rate descending); tier_label is source-provided. Platform, region, and sample_players are not stated by the source and are left empty."
deadpool-vanguard-s9-5-platinum,deadpool-vanguard,Deadpool (Vanguard),seasonalRank,9.5,competitive,platinum,,,winRate,0.4200,ratio,5302,,rivalstracker,primary,https://rivalstracker.com/heroes/deadpool-vanguard,2026-08-25T14:02:59.000Z,2026-08-25T16:13:31.923Z,D,55,55,"Filters: Season 9.5, Competitive, Platinum. Percentages are displayed by RivalsTracker to two decimal places and converted to ratios without further precision. sample_matches repeats the source Matches field for each metric row. hero_rank is the displayed table order (win rate descending); tier_label is source-provided. Platform, region, and sample_players are not stated by the source and are left empty."
deadpool-vanguard-s9-5-platinum,deadpool-vanguard,Deadpool (Vanguard),seasonalRank,9.5,competitive,platinum,,,pickRate,0.0357,ratio,5302,,rivalstracker,primary,https://rivalstracker.com/heroes/deadpool-vanguard,2026-08-25T14:02:59.000Z,2026-08-25T16:13:31.923Z,D,55,55,"Filters: Season 9.5, Competitive, Platinum. Percentages are displayed by RivalsTracker to two decimal places and converted to ratios without further precision. sample_matches repeats the source Matches field for each metric row. hero_rank is the displayed table order (win rate descending); tier_label is source-provided. Platform, region, and sample_players are not stated by the source and are left empty."
deadpool-vanguard-s9-5-platinum,deadpool-vanguard,Deadpool (Vanguard),seasonalRank,9.5,competitive,platinum,,,banRate,0.0011,ratio,5302,,rivalstracker,primary,https://rivalstracker.com/heroes/deadpool-vanguard,2026-08-25T14:02:59.000Z,2026-08-25T16:13:31.923Z,D,55,55,"Filters: Season 9.5, Competitive, Platinum. Percentages are displayed by RivalsTracker to two decimal places and converted to ratios without further precision. sample_matches repeats the source Matches field for each metric row. hero_rank is the displayed table order (win rate descending); tier_label is source-provided. Platform, region, and sample_players are not stated by the source and are left empty."
