benchmark_group_id,hero_id,hero_name,context_type,season,game_mode,rank_tier,platform,region,metric_name,average,unit,sample_matches,sample_players,source_id,source_role,source_url,source_updated_at,collected_at,tier_label,hero_rank,hero_pool_size,methodology_notes
mantis-s9-5-eternity,mantis,Mantis,seasonalRank,9.5,competitive,eternity,,,winRate,0.6873,ratio,3580,,rivalstracker,primary,https://rivalstracker.com/heroes/mantis,2026-08-25T14:02:59.000Z,2026-08-25T18:57:56.232Z,S,1,55,"Filters: Season 9.5, Competitive, Eternity. Percentages are displayed by RivalsTracker to two decimal places and converted to ratios without further precision. sample_matches repeats the source Matches field for each metric row. hero_rank is the displayed table order (win rate descending); tier_label is source-provided. Platform, region, and sample_players are not stated by the source and are left empty."
mantis-s9-5-eternity,mantis,Mantis,seasonalRank,9.5,competitive,eternity,,,pickRate,0.3209,ratio,3580,,rivalstracker,primary,https://rivalstracker.com/heroes/mantis,2026-08-25T14:02:59.000Z,2026-08-25T18:57:56.232Z,S,1,55,"Filters: Season 9.5, Competitive, Eternity. Percentages are displayed by RivalsTracker to two decimal places and converted to ratios without further precision. sample_matches repeats the source Matches field for each metric row. hero_rank is the displayed table order (win rate descending); tier_label is source-provided. Platform, region, and sample_players are not stated by the source and are left empty."
mantis-s9-5-eternity,mantis,Mantis,seasonalRank,9.5,competitive,eternity,,,banRate,0.2471,ratio,3580,,rivalstracker,primary,https://rivalstracker.com/heroes/mantis,2026-08-25T14:02:59.000Z,2026-08-25T18:57:56.232Z,S,1,55,"Filters: Season 9.5, Competitive, Eternity. Percentages are displayed by RivalsTracker to two decimal places and converted to ratios without further precision. sample_matches repeats the source Matches field for each metric row. hero_rank is the displayed table order (win rate descending); tier_label is source-provided. Platform, region, and sample_players are not stated by the source and are left empty."
peni-parker-s9-5-eternity,peni-parker,Peni Parker,seasonalRank,9.5,competitive,eternity,,,winRate,0.6364,ratio,156,,rivalstracker,primary,https://rivalstracker.com/heroes/peni-parker,2026-08-25T14:02:59.000Z,2026-08-25T18:57:56.232Z,A,2,55,"Filters: Season 9.5, Competitive, Eternity. Percentages are displayed by RivalsTracker to two decimal places and converted to ratios without further precision. sample_matches repeats the source Matches field for each metric row. hero_rank is the displayed table order (win rate descending); tier_label is source-provided. Platform, region, and sample_players are not stated by the source and are left empty."
peni-parker-s9-5-eternity,peni-parker,Peni Parker,seasonalRank,9.5,competitive,eternity,,,pickRate,0.0140,ratio,156,,rivalstracker,primary,https://rivalstracker.com/heroes/peni-parker,2026-08-25T14:02:59.000Z,2026-08-25T18:57:56.232Z,A,2,55,"Filters: Season 9.5, Competitive, Eternity. Percentages are displayed by RivalsTracker to two decimal places and converted to ratios without further precision. sample_matches repeats the source Matches field for each metric row. hero_rank is the displayed table order (win rate descending); tier_label is source-provided. Platform, region, and sample_players are not stated by the source and are left empty."
peni-parker-s9-5-eternity,peni-parker,Peni Parker,seasonalRank,9.5,competitive,eternity,,,banRate,0.0215,ratio,156,,rivalstracker,primary,https://rivalstracker.com/heroes/peni-parker,2026-08-25T14:02:59.000Z,2026-08-25T18:57:56.232Z,A,2,55,"Filters: Season 9.5, Competitive, Eternity. Percentages are displayed by RivalsTracker to two decimal places and converted to ratios without further precision. sample_matches repeats the source Matches field for each metric row. hero_rank is the displayed table order (win rate descending); tier_label is source-provided. Platform, region, and sample_players are not stated by the source and are left empty."
black-cat-s9-5-eternity,black-cat,Black Cat,seasonalRank,9.5,competitive,eternity,,,winRate,0.6037,ratio,590,,rivalstracker,primary,https://rivalstracker.com/heroes/black-cat,2026-08-25T14:02:59.000Z,2026-08-25T18:57:56.232Z,A,3,55,"Filters: Season 9.5, Competitive, Eternity. Percentages are displayed by RivalsTracker to two decimal places and converted to ratios without further precision. sample_matches repeats the source Matches field for each metric row. hero_rank is the displayed table order (win rate descending); tier_label is source-provided. Platform, region, and sample_players are not stated by the source and are left empty."
black-cat-s9-5-eternity,black-cat,Black Cat,seasonalRank,9.5,competitive,eternity,,,pickRate,0.0529,ratio,590,,rivalstracker,primary,https://rivalstracker.com/heroes/black-cat,2026-08-25T14:02:59.000Z,2026-08-25T18:57:56.232Z,A,3,55,"Filters: Season 9.5, Competitive, Eternity. Percentages are displayed by RivalsTracker to two decimal places and converted to ratios without further precision. sample_matches repeats the source Matches field for each metric row. hero_rank is the displayed table order (win rate descending); tier_label is source-provided. Platform, region, and sample_players are not stated by the source and are left empty."
black-cat-s9-5-eternity,black-cat,Black Cat,seasonalRank,9.5,competitive,eternity,,,banRate,0.4546,ratio,590,,rivalstracker,primary,https://rivalstracker.com/heroes/black-cat,2026-08-25T14:02:59.000Z,2026-08-25T18:57:56.232Z,A,3,55,"Filters: Season 9.5, Competitive, Eternity. Percentages are displayed by RivalsTracker to two decimal places and converted to ratios without further precision. sample_matches repeats the source Matches field for each metric row. hero_rank is the displayed table order (win rate descending); tier_label is source-provided. Platform, region, and sample_players are not stated by the source and are left empty."
loki-s9-5-eternity,loki,Loki,seasonalRank,9.5,competitive,eternity,,,winRate,0.5864,ratio,1812,,rivalstracker,primary,https://rivalstracker.com/heroes/loki,2026-08-25T14:02:59.000Z,2026-08-25T18:57:56.232Z,S,4,55,"Filters: Season 9.5, Competitive, Eternity. Percentages are displayed by RivalsTracker to two decimal places and converted to ratios without further precision. sample_matches repeats the source Matches field for each metric row. hero_rank is the displayed table order (win rate descending); tier_label is source-provided. Platform, region, and sample_players are not stated by the source and are left empty."
loki-s9-5-eternity,loki,Loki,seasonalRank,9.5,competitive,eternity,,,pickRate,0.1624,ratio,1812,,rivalstracker,primary,https://rivalstracker.com/heroes/loki,2026-08-25T14:02:59.000Z,2026-08-25T18:57:56.232Z,S,4,55,"Filters: Season 9.5, Competitive, Eternity. Percentages are displayed by RivalsTracker to two decimal places and converted to ratios without further precision. sample_matches repeats the source Matches field for each metric row. hero_rank is the displayed table order (win rate descending); tier_label is source-provided. Platform, region, and sample_players are not stated by the source and are left empty."
loki-s9-5-eternity,loki,Loki,seasonalRank,9.5,competitive,eternity,,,banRate,0.0195,ratio,1812,,rivalstracker,primary,https://rivalstracker.com/heroes/loki,2026-08-25T14:02:59.000Z,2026-08-25T18:57:56.232Z,S,4,55,"Filters: Season 9.5, Competitive, Eternity. Percentages are displayed by RivalsTracker to two decimal places and converted to ratios without further precision. sample_matches repeats the source Matches field for each metric row. hero_rank is the displayed table order (win rate descending); tier_label is source-provided. Platform, region, and sample_players are not stated by the source and are left empty."
magneto-s9-5-eternity,magneto,Magneto,seasonalRank,9.5,competitive,eternity,,,winRate,0.5813,ratio,7975,,rivalstracker,primary,https://rivalstracker.com/heroes/magneto,2026-08-25T14:02:59.000Z,2026-08-25T18:57:56.232Z,S,5,55,"Filters: Season 9.5, Competitive, Eternity. Percentages are displayed by RivalsTracker to two decimal places and converted to ratios without further precision. sample_matches repeats the source Matches field for each metric row. hero_rank is the displayed table order (win rate descending); tier_label is source-provided. Platform, region, and sample_players are not stated by the source and are left empty."
magneto-s9-5-eternity,magneto,Magneto,seasonalRank,9.5,competitive,eternity,,,pickRate,0.7147,ratio,7975,,rivalstracker,primary,https://rivalstracker.com/heroes/magneto,2026-08-25T14:02:59.000Z,2026-08-25T18:57:56.232Z,S,5,55,"Filters: Season 9.5, Competitive, Eternity. Percentages are displayed by RivalsTracker to two decimal places and converted to ratios without further precision. sample_matches repeats the source Matches field for each metric row. hero_rank is the displayed table order (win rate descending); tier_label is source-provided. Platform, region, and sample_players are not stated by the source and are left empty."
magneto-s9-5-eternity,magneto,Magneto,seasonalRank,9.5,competitive,eternity,,,banRate,0.0626,ratio,7975,,rivalstracker,primary,https://rivalstracker.com/heroes/magneto,2026-08-25T14:02:59.000Z,2026-08-25T18:57:56.232Z,S,5,55,"Filters: Season 9.5, Competitive, Eternity. Percentages are displayed by RivalsTracker to two decimal places and converted to ratios without further precision. sample_matches repeats the source Matches field for each metric row. hero_rank is the displayed table order (win rate descending); tier_label is source-provided. Platform, region, and sample_players are not stated by the source and are left empty."
daredevil-s9-5-eternity,daredevil,Daredevil,seasonalRank,9.5,competitive,eternity,,,winRate,0.5746,ratio,1036,,rivalstracker,primary,https://rivalstracker.com/heroes/daredevil,2026-08-25T14:02:59.000Z,2026-08-25T18:57:56.232Z,S,6,55,"Filters: Season 9.5, Competitive, Eternity. Percentages are displayed by RivalsTracker to two decimal places and converted to ratios without further precision. sample_matches repeats the source Matches field for each metric row. hero_rank is the displayed table order (win rate descending); tier_label is source-provided. Platform, region, and sample_players are not stated by the source and are left empty."
daredevil-s9-5-eternity,daredevil,Daredevil,seasonalRank,9.5,competitive,eternity,,,pickRate,0.0928,ratio,1036,,rivalstracker,primary,https://rivalstracker.com/heroes/daredevil,2026-08-25T14:02:59.000Z,2026-08-25T18:57:56.232Z,S,6,55,"Filters: Season 9.5, Competitive, Eternity. Percentages are displayed by RivalsTracker to two decimal places and converted to ratios without further precision. sample_matches repeats the source Matches field for each metric row. hero_rank is the displayed table order (win rate descending); tier_label is source-provided. Platform, region, and sample_players are not stated by the source and are left empty."
daredevil-s9-5-eternity,daredevil,Daredevil,seasonalRank,9.5,competitive,eternity,,,banRate,0.1809,ratio,1036,,rivalstracker,primary,https://rivalstracker.com/heroes/daredevil,2026-08-25T14:02:59.000Z,2026-08-25T18:57:56.232Z,S,6,55,"Filters: Season 9.5, Competitive, Eternity. Percentages are displayed by RivalsTracker to two decimal places and converted to ratios without further precision. sample_matches repeats the source Matches field for each metric row. hero_rank is the displayed table order (win rate descending); tier_label is source-provided. Platform, region, and sample_players are not stated by the source and are left empty."
ultron-s9-5-eternity,ultron,Ultron,seasonalRank,9.5,competitive,eternity,,,winRate,0.5745,ratio,273,,rivalstracker,primary,https://rivalstracker.com/heroes/ultron,2026-08-25T14:02:59.000Z,2026-08-25T18:57:56.232Z,A,7,55,"Filters: Season 9.5, Competitive, Eternity. Percentages are displayed by RivalsTracker to two decimal places and converted to ratios without further precision. sample_matches repeats the source Matches field for each metric row. hero_rank is the displayed table order (win rate descending); tier_label is source-provided. Platform, region, and sample_players are not stated by the source and are left empty."
ultron-s9-5-eternity,ultron,Ultron,seasonalRank,9.5,competitive,eternity,,,pickRate,0.0245,ratio,273,,rivalstracker,primary,https://rivalstracker.com/heroes/ultron,2026-08-25T14:02:59.000Z,2026-08-25T18:57:56.232Z,A,7,55,"Filters: Season 9.5, Competitive, Eternity. Percentages are displayed by RivalsTracker to two decimal places and converted to ratios without further precision. sample_matches repeats the source Matches field for each metric row. hero_rank is the displayed table order (win rate descending); tier_label is source-provided. Platform, region, and sample_players are not stated by the source and are left empty."
ultron-s9-5-eternity,ultron,Ultron,seasonalRank,9.5,competitive,eternity,,,banRate,0.0028,ratio,273,,rivalstracker,primary,https://rivalstracker.com/heroes/ultron,2026-08-25T14:02:59.000Z,2026-08-25T18:57:56.232Z,A,7,55,"Filters: Season 9.5, Competitive, Eternity. Percentages are displayed by RivalsTracker to two decimal places and converted to ratios without further precision. sample_matches repeats the source Matches field for each metric row. hero_rank is the displayed table order (win rate descending); tier_label is source-provided. Platform, region, and sample_players are not stated by the source and are left empty."
elsa-bloodstone-s9-5-eternity,elsa-bloodstone,Elsa Bloodstone,seasonalRank,9.5,competitive,eternity,,,winRate,0.5725,ratio,2166,,rivalstracker,primary,https://rivalstracker.com/heroes/elsa-bloodstone,2026-08-25T14:02:59.000Z,2026-08-25T18:57:56.232Z,S,8,55,"Filters: Season 9.5, Competitive, Eternity. Percentages are displayed by RivalsTracker to two decimal places and converted to ratios without further precision. sample_matches repeats the source Matches field for each metric row. hero_rank is the displayed table order (win rate descending); tier_label is source-provided. Platform, region, and sample_players are not stated by the source and are left empty."
elsa-bloodstone-s9-5-eternity,elsa-bloodstone,Elsa Bloodstone,seasonalRank,9.5,competitive,eternity,,,pickRate,0.1941,ratio,2166,,rivalstracker,primary,https://rivalstracker.com/heroes/elsa-bloodstone,2026-08-25T14:02:59.000Z,2026-08-25T18:57:56.232Z,S,8,55,"Filters: Season 9.5, Competitive, Eternity. Percentages are displayed by RivalsTracker to two decimal places and converted to ratios without further precision. sample_matches repeats the source Matches field for each metric row. hero_rank is the displayed table order (win rate descending); tier_label is source-provided. Platform, region, and sample_players are not stated by the source and are left empty."
elsa-bloodstone-s9-5-eternity,elsa-bloodstone,Elsa Bloodstone,seasonalRank,9.5,competitive,eternity,,,banRate,0.3622,ratio,2166,,rivalstracker,primary,https://rivalstracker.com/heroes/elsa-bloodstone,2026-08-25T14:02:59.000Z,2026-08-25T18:57:56.232Z,S,8,55,"Filters: Season 9.5, Competitive, Eternity. Percentages are displayed by RivalsTracker to two decimal places and converted to ratios without further precision. sample_matches repeats the source Matches field for each metric row. hero_rank is the displayed table order (win rate descending); tier_label is source-provided. Platform, region, and sample_players are not stated by the source and are left empty."
gambit-s9-5-eternity,gambit,Gambit,seasonalRank,9.5,competitive,eternity,,,winRate,0.5590,ratio,2860,,rivalstracker,primary,https://rivalstracker.com/heroes/gambit,2026-08-25T14:02:59.000Z,2026-08-25T18:57:56.232Z,S,9,55,"Filters: Season 9.5, Competitive, Eternity. Percentages are displayed by RivalsTracker to two decimal places and converted to ratios without further precision. sample_matches repeats the source Matches field for each metric row. hero_rank is the displayed table order (win rate descending); tier_label is source-provided. Platform, region, and sample_players are not stated by the source and are left empty."
gambit-s9-5-eternity,gambit,Gambit,seasonalRank,9.5,competitive,eternity,,,pickRate,0.2563,ratio,2860,,rivalstracker,primary,https://rivalstracker.com/heroes/gambit,2026-08-25T14:02:59.000Z,2026-08-25T18:57:56.232Z,S,9,55,"Filters: Season 9.5, Competitive, Eternity. Percentages are displayed by RivalsTracker to two decimal places and converted to ratios without further precision. sample_matches repeats the source Matches field for each metric row. hero_rank is the displayed table order (win rate descending); tier_label is source-provided. Platform, region, and sample_players are not stated by the source and are left empty."
gambit-s9-5-eternity,gambit,Gambit,seasonalRank,9.5,competitive,eternity,,,banRate,0.3544,ratio,2860,,rivalstracker,primary,https://rivalstracker.com/heroes/gambit,2026-08-25T14:02:59.000Z,2026-08-25T18:57:56.232Z,S,9,55,"Filters: Season 9.5, Competitive, Eternity. Percentages are displayed by RivalsTracker to two decimal places and converted to ratios without further precision. sample_matches repeats the source Matches field for each metric row. hero_rank is the displayed table order (win rate descending); tier_label is source-provided. Platform, region, and sample_players are not stated by the source and are left empty."
the-hood-s9-5-eternity,the-hood,The Hood,seasonalRank,9.5,competitive,eternity,,,winRate,0.5575,ratio,4495,,rivalstracker,primary,https://rivalstracker.com/heroes/the-hood,2026-08-25T14:02:59.000Z,2026-08-25T18:57:56.232Z,S,10,55,"Filters: Season 9.5, Competitive, Eternity. Percentages are displayed by RivalsTracker to two decimal places and converted to ratios without further precision. sample_matches repeats the source Matches field for each metric row. hero_rank is the displayed table order (win rate descending); tier_label is source-provided. Platform, region, and sample_players are not stated by the source and are left empty."
the-hood-s9-5-eternity,the-hood,The Hood,seasonalRank,9.5,competitive,eternity,,,pickRate,0.4029,ratio,4495,,rivalstracker,primary,https://rivalstracker.com/heroes/the-hood,2026-08-25T14:02:59.000Z,2026-08-25T18:57:56.232Z,S,10,55,"Filters: Season 9.5, Competitive, Eternity. Percentages are displayed by RivalsTracker to two decimal places and converted to ratios without further precision. sample_matches repeats the source Matches field for each metric row. hero_rank is the displayed table order (win rate descending); tier_label is source-provided. Platform, region, and sample_players are not stated by the source and are left empty."
the-hood-s9-5-eternity,the-hood,The Hood,seasonalRank,9.5,competitive,eternity,,,banRate,0.1070,ratio,4495,,rivalstracker,primary,https://rivalstracker.com/heroes/the-hood,2026-08-25T14:02:59.000Z,2026-08-25T18:57:56.232Z,S,10,55,"Filters: Season 9.5, Competitive, Eternity. Percentages are displayed by RivalsTracker to two decimal places and converted to ratios without further precision. sample_matches repeats the source Matches field for each metric row. hero_rank is the displayed table order (win rate descending); tier_label is source-provided. Platform, region, and sample_players are not stated by the source and are left empty."
iron-fist-s9-5-eternity,iron-fist,Iron Fist,seasonalRank,9.5,competitive,eternity,,,winRate,0.5517,ratio,915,,rivalstracker,primary,https://rivalstracker.com/heroes/iron-fist,2026-08-25T14:02:59.000Z,2026-08-25T18:57:56.232Z,A,11,55,"Filters: Season 9.5, Competitive, Eternity. Percentages are displayed by RivalsTracker to two decimal places and converted to ratios without further precision. sample_matches repeats the source Matches field for each metric row. hero_rank is the displayed table order (win rate descending); tier_label is source-provided. Platform, region, and sample_players are not stated by the source and are left empty."
iron-fist-s9-5-eternity,iron-fist,Iron Fist,seasonalRank,9.5,competitive,eternity,,,pickRate,0.0820,ratio,915,,rivalstracker,primary,https://rivalstracker.com/heroes/iron-fist,2026-08-25T14:02:59.000Z,2026-08-25T18:57:56.232Z,A,11,55,"Filters: Season 9.5, Competitive, Eternity. Percentages are displayed by RivalsTracker to two decimal places and converted to ratios without further precision. sample_matches repeats the source Matches field for each metric row. hero_rank is the displayed table order (win rate descending); tier_label is source-provided. Platform, region, and sample_players are not stated by the source and are left empty."
iron-fist-s9-5-eternity,iron-fist,Iron Fist,seasonalRank,9.5,competitive,eternity,,,banRate,0.0406,ratio,915,,rivalstracker,primary,https://rivalstracker.com/heroes/iron-fist,2026-08-25T14:02:59.000Z,2026-08-25T18:57:56.232Z,A,11,55,"Filters: Season 9.5, Competitive, Eternity. Percentages are displayed by RivalsTracker to two decimal places and converted to ratios without further precision. sample_matches repeats the source Matches field for each metric row. hero_rank is the displayed table order (win rate descending); tier_label is source-provided. Platform, region, and sample_players are not stated by the source and are left empty."
magik-s9-5-eternity,magik,Magik,seasonalRank,9.5,competitive,eternity,,,winRate,0.5472,ratio,926,,rivalstracker,primary,https://rivalstracker.com/heroes/magik,2026-08-25T14:02:59.000Z,2026-08-25T18:57:56.232Z,A,12,55,"Filters: Season 9.5, Competitive, Eternity. Percentages are displayed by RivalsTracker to two decimal places and converted to ratios without further precision. sample_matches repeats the source Matches field for each metric row. hero_rank is the displayed table order (win rate descending); tier_label is source-provided. Platform, region, and sample_players are not stated by the source and are left empty."
magik-s9-5-eternity,magik,Magik,seasonalRank,9.5,competitive,eternity,,,pickRate,0.0830,ratio,926,,rivalstracker,primary,https://rivalstracker.com/heroes/magik,2026-08-25T14:02:59.000Z,2026-08-25T18:57:56.232Z,A,12,55,"Filters: Season 9.5, Competitive, Eternity. Percentages are displayed by RivalsTracker to two decimal places and converted to ratios without further precision. sample_matches repeats the source Matches field for each metric row. hero_rank is the displayed table order (win rate descending); tier_label is source-provided. Platform, region, and sample_players are not stated by the source and are left empty."
magik-s9-5-eternity,magik,Magik,seasonalRank,9.5,competitive,eternity,,,banRate,0.0307,ratio,926,,rivalstracker,primary,https://rivalstracker.com/heroes/magik,2026-08-25T14:02:59.000Z,2026-08-25T18:57:56.232Z,A,12,55,"Filters: Season 9.5, Competitive, Eternity. Percentages are displayed by RivalsTracker to two decimal places and converted to ratios without further precision. sample_matches repeats the source Matches field for each metric row. hero_rank is the displayed table order (win rate descending); tier_label is source-provided. Platform, region, and sample_players are not stated by the source and are left empty."
thor-s9-5-eternity,thor,Thor,seasonalRank,9.5,competitive,eternity,,,winRate,0.5442,ratio,532,,rivalstracker,primary,https://rivalstracker.com/heroes/thor,2026-08-25T14:02:59.000Z,2026-08-25T18:57:56.232Z,A,13,55,"Filters: Season 9.5, Competitive, Eternity. Percentages are displayed by RivalsTracker to two decimal places and converted to ratios without further precision. sample_matches repeats the source Matches field for each metric row. hero_rank is the displayed table order (win rate descending); tier_label is source-provided. Platform, region, and sample_players are not stated by the source and are left empty."
thor-s9-5-eternity,thor,Thor,seasonalRank,9.5,competitive,eternity,,,pickRate,0.0477,ratio,532,,rivalstracker,primary,https://rivalstracker.com/heroes/thor,2026-08-25T14:02:59.000Z,2026-08-25T18:57:56.232Z,A,13,55,"Filters: Season 9.5, Competitive, Eternity. Percentages are displayed by RivalsTracker to two decimal places and converted to ratios without further precision. sample_matches repeats the source Matches field for each metric row. hero_rank is the displayed table order (win rate descending); tier_label is source-provided. Platform, region, and sample_players are not stated by the source and are left empty."
thor-s9-5-eternity,thor,Thor,seasonalRank,9.5,competitive,eternity,,,banRate,0.0187,ratio,532,,rivalstracker,primary,https://rivalstracker.com/heroes/thor,2026-08-25T14:02:59.000Z,2026-08-25T18:57:56.232Z,A,13,55,"Filters: Season 9.5, Competitive, Eternity. Percentages are displayed by RivalsTracker to two decimal places and converted to ratios without further precision. sample_matches repeats the source Matches field for each metric row. hero_rank is the displayed table order (win rate descending); tier_label is source-provided. Platform, region, and sample_players are not stated by the source and are left empty."
adam-warlock-s9-5-eternity,adam-warlock,Adam Warlock,seasonalRank,9.5,competitive,eternity,,,winRate,0.5439,ratio,347,,rivalstracker,primary,https://rivalstracker.com/heroes/adam-warlock,2026-08-25T14:02:59.000Z,2026-08-25T18:57:56.232Z,A,14,55,"Filters: Season 9.5, Competitive, Eternity. Percentages are displayed by RivalsTracker to two decimal places and converted to ratios without further precision. sample_matches repeats the source Matches field for each metric row. hero_rank is the displayed table order (win rate descending); tier_label is source-provided. Platform, region, and sample_players are not stated by the source and are left empty."
adam-warlock-s9-5-eternity,adam-warlock,Adam Warlock,seasonalRank,9.5,competitive,eternity,,,pickRate,0.0311,ratio,347,,rivalstracker,primary,https://rivalstracker.com/heroes/adam-warlock,2026-08-25T14:02:59.000Z,2026-08-25T18:57:56.232Z,A,14,55,"Filters: Season 9.5, Competitive, Eternity. Percentages are displayed by RivalsTracker to two decimal places and converted to ratios without further precision. sample_matches repeats the source Matches field for each metric row. hero_rank is the displayed table order (win rate descending); tier_label is source-provided. Platform, region, and sample_players are not stated by the source and are left empty."
adam-warlock-s9-5-eternity,adam-warlock,Adam Warlock,seasonalRank,9.5,competitive,eternity,,,banRate,0.0080,ratio,347,,rivalstracker,primary,https://rivalstracker.com/heroes/adam-warlock,2026-08-25T14:02:59.000Z,2026-08-25T18:57:56.232Z,A,14,55,"Filters: Season 9.5, Competitive, Eternity. Percentages are displayed by RivalsTracker to two decimal places and converted to ratios without further precision. sample_matches repeats the source Matches field for each metric row. hero_rank is the displayed table order (win rate descending); tier_label is source-provided. Platform, region, and sample_players are not stated by the source and are left empty."
wolverine-s9-5-eternity,wolverine,Wolverine,seasonalRank,9.5,competitive,eternity,,,winRate,0.5249,ratio,1399,,rivalstracker,primary,https://rivalstracker.com/heroes/wolverine,2026-08-25T14:02:59.000Z,2026-08-25T18:57:56.232Z,A,15,55,"Filters: Season 9.5, Competitive, Eternity. Percentages are displayed by RivalsTracker to two decimal places and converted to ratios without further precision. sample_matches repeats the source Matches field for each metric row. hero_rank is the displayed table order (win rate descending); tier_label is source-provided. Platform, region, and sample_players are not stated by the source and are left empty."
wolverine-s9-5-eternity,wolverine,Wolverine,seasonalRank,9.5,competitive,eternity,,,pickRate,0.1254,ratio,1399,,rivalstracker,primary,https://rivalstracker.com/heroes/wolverine,2026-08-25T14:02:59.000Z,2026-08-25T18:57:56.232Z,A,15,55,"Filters: Season 9.5, Competitive, Eternity. Percentages are displayed by RivalsTracker to two decimal places and converted to ratios without further precision. sample_matches repeats the source Matches field for each metric row. hero_rank is the displayed table order (win rate descending); tier_label is source-provided. Platform, region, and sample_players are not stated by the source and are left empty."
wolverine-s9-5-eternity,wolverine,Wolverine,seasonalRank,9.5,competitive,eternity,,,banRate,0.1032,ratio,1399,,rivalstracker,primary,https://rivalstracker.com/heroes/wolverine,2026-08-25T14:02:59.000Z,2026-08-25T18:57:56.232Z,A,15,55,"Filters: Season 9.5, Competitive, Eternity. Percentages are displayed by RivalsTracker to two decimal places and converted to ratios without further precision. sample_matches repeats the source Matches field for each metric row. hero_rank is the displayed table order (win rate descending); tier_label is source-provided. Platform, region, and sample_players are not stated by the source and are left empty."
angela-s9-5-eternity,angela,Angela,seasonalRank,9.5,competitive,eternity,,,winRate,0.5239,ratio,487,,rivalstracker,primary,https://rivalstracker.com/heroes/angela,2026-08-25T14:02:59.000Z,2026-08-25T18:57:56.232Z,B,16,55,"Filters: Season 9.5, Competitive, Eternity. Percentages are displayed by RivalsTracker to two decimal places and converted to ratios without further precision. sample_matches repeats the source Matches field for each metric row. hero_rank is the displayed table order (win rate descending); tier_label is source-provided. Platform, region, and sample_players are not stated by the source and are left empty."
angela-s9-5-eternity,angela,Angela,seasonalRank,9.5,competitive,eternity,,,pickRate,0.0436,ratio,487,,rivalstracker,primary,https://rivalstracker.com/heroes/angela,2026-08-25T14:02:59.000Z,2026-08-25T18:57:56.232Z,B,16,55,"Filters: Season 9.5, Competitive, Eternity. Percentages are displayed by RivalsTracker to two decimal places and converted to ratios without further precision. sample_matches repeats the source Matches field for each metric row. hero_rank is the displayed table order (win rate descending); tier_label is source-provided. Platform, region, and sample_players are not stated by the source and are left empty."
angela-s9-5-eternity,angela,Angela,seasonalRank,9.5,competitive,eternity,,,banRate,0.0159,ratio,487,,rivalstracker,primary,https://rivalstracker.com/heroes/angela,2026-08-25T14:02:59.000Z,2026-08-25T18:57:56.232Z,B,16,55,"Filters: Season 9.5, Competitive, Eternity. Percentages are displayed by RivalsTracker to two decimal places and converted to ratios without further precision. sample_matches repeats the source Matches field for each metric row. hero_rank is the displayed table order (win rate descending); tier_label is source-provided. Platform, region, and sample_players are not stated by the source and are left empty."
rogue-s9-5-eternity,rogue,Rogue,seasonalRank,9.5,competitive,eternity,,,winRate,0.5235,ratio,586,,rivalstracker,primary,https://rivalstracker.com/heroes/rogue,2026-08-25T14:02:59.000Z,2026-08-25T18:57:56.232Z,B,17,55,"Filters: Season 9.5, Competitive, Eternity. Percentages are displayed by RivalsTracker to two decimal places and converted to ratios without further precision. sample_matches repeats the source Matches field for each metric row. hero_rank is the displayed table order (win rate descending); tier_label is source-provided. Platform, region, and sample_players are not stated by the source and are left empty."
rogue-s9-5-eternity,rogue,Rogue,seasonalRank,9.5,competitive,eternity,,,pickRate,0.0525,ratio,586,,rivalstracker,primary,https://rivalstracker.com/heroes/rogue,2026-08-25T14:02:59.000Z,2026-08-25T18:57:56.232Z,B,17,55,"Filters: Season 9.5, Competitive, Eternity. Percentages are displayed by RivalsTracker to two decimal places and converted to ratios without further precision. sample_matches repeats the source Matches field for each metric row. hero_rank is the displayed table order (win rate descending); tier_label is source-provided. Platform, region, and sample_players are not stated by the source and are left empty."
rogue-s9-5-eternity,rogue,Rogue,seasonalRank,9.5,competitive,eternity,,,banRate,0.0089,ratio,586,,rivalstracker,primary,https://rivalstracker.com/heroes/rogue,2026-08-25T14:02:59.000Z,2026-08-25T18:57:56.232Z,B,17,55,"Filters: Season 9.5, Competitive, Eternity. Percentages are displayed by RivalsTracker to two decimal places and converted to ratios without further precision. sample_matches repeats the source Matches field for each metric row. hero_rank is the displayed table order (win rate descending); tier_label is source-provided. Platform, region, and sample_players are not stated by the source and are left empty."
rocket-raccoon-s9-5-eternity,rocket-raccoon,Rocket Raccoon,seasonalRank,9.5,competitive,eternity,,,winRate,0.5167,ratio,2271,,rivalstracker,primary,https://rivalstracker.com/heroes/rocket-raccoon,2026-08-25T14:02:59.000Z,2026-08-25T18:57:56.232Z,A,18,55,"Filters: Season 9.5, Competitive, Eternity. Percentages are displayed by RivalsTracker to two decimal places and converted to ratios without further precision. sample_matches repeats the source Matches field for each metric row. hero_rank is the displayed table order (win rate descending); tier_label is source-provided. Platform, region, and sample_players are not stated by the source and are left empty."
rocket-raccoon-s9-5-eternity,rocket-raccoon,Rocket Raccoon,seasonalRank,9.5,competitive,eternity,,,pickRate,0.2035,ratio,2271,,rivalstracker,primary,https://rivalstracker.com/heroes/rocket-raccoon,2026-08-25T14:02:59.000Z,2026-08-25T18:57:56.232Z,A,18,55,"Filters: Season 9.5, Competitive, Eternity. Percentages are displayed by RivalsTracker to two decimal places and converted to ratios without further precision. sample_matches repeats the source Matches field for each metric row. hero_rank is the displayed table order (win rate descending); tier_label is source-provided. Platform, region, and sample_players are not stated by the source and are left empty."
rocket-raccoon-s9-5-eternity,rocket-raccoon,Rocket Raccoon,seasonalRank,9.5,competitive,eternity,,,banRate,0.0050,ratio,2271,,rivalstracker,primary,https://rivalstracker.com/heroes/rocket-raccoon,2026-08-25T14:02:59.000Z,2026-08-25T18:57:56.232Z,A,18,55,"Filters: Season 9.5, Competitive, Eternity. Percentages are displayed by RivalsTracker to two decimal places and converted to ratios without further precision. sample_matches repeats the source Matches field for each metric row. hero_rank is the displayed table order (win rate descending); tier_label is source-provided. Platform, region, and sample_players are not stated by the source and are left empty."
venom-s9-5-eternity,venom,Venom,seasonalRank,9.5,competitive,eternity,,,winRate,0.5162,ratio,929,,rivalstracker,primary,https://rivalstracker.com/heroes/venom,2026-08-25T14:02:59.000Z,2026-08-25T18:57:56.232Z,A,19,55,"Filters: Season 9.5, Competitive, Eternity. Percentages are displayed by RivalsTracker to two decimal places and converted to ratios without further precision. sample_matches repeats the source Matches field for each metric row. hero_rank is the displayed table order (win rate descending); tier_label is source-provided. Platform, region, and sample_players are not stated by the source and are left empty."
venom-s9-5-eternity,venom,Venom,seasonalRank,9.5,competitive,eternity,,,pickRate,0.0833,ratio,929,,rivalstracker,primary,https://rivalstracker.com/heroes/venom,2026-08-25T14:02:59.000Z,2026-08-25T18:57:56.232Z,A,19,55,"Filters: Season 9.5, Competitive, Eternity. Percentages are displayed by RivalsTracker to two decimal places and converted to ratios without further precision. sample_matches repeats the source Matches field for each metric row. hero_rank is the displayed table order (win rate descending); tier_label is source-provided. Platform, region, and sample_players are not stated by the source and are left empty."
venom-s9-5-eternity,venom,Venom,seasonalRank,9.5,competitive,eternity,,,banRate,0.0638,ratio,929,,rivalstracker,primary,https://rivalstracker.com/heroes/venom,2026-08-25T14:02:59.000Z,2026-08-25T18:57:56.232Z,A,19,55,"Filters: Season 9.5, Competitive, Eternity. Percentages are displayed by RivalsTracker to two decimal places and converted to ratios without further precision. sample_matches repeats the source Matches field for each metric row. hero_rank is the displayed table order (win rate descending); tier_label is source-provided. Platform, region, and sample_players are not stated by the source and are left empty."
jubilee-s9-5-eternity,jubilee,Jubilee,seasonalRank,9.5,competitive,eternity,,,winRate,0.5118,ratio,1057,,rivalstracker,primary,https://rivalstracker.com/heroes/jubilee,2026-08-25T14:02:59.000Z,2026-08-25T18:57:56.232Z,B,20,55,"Filters: Season 9.5, Competitive, Eternity. Percentages are displayed by RivalsTracker to two decimal places and converted to ratios without further precision. sample_matches repeats the source Matches field for each metric row. hero_rank is the displayed table order (win rate descending); tier_label is source-provided. Platform, region, and sample_players are not stated by the source and are left empty."
jubilee-s9-5-eternity,jubilee,Jubilee,seasonalRank,9.5,competitive,eternity,,,pickRate,0.0947,ratio,1057,,rivalstracker,primary,https://rivalstracker.com/heroes/jubilee,2026-08-25T14:02:59.000Z,2026-08-25T18:57:56.232Z,B,20,55,"Filters: Season 9.5, Competitive, Eternity. Percentages are displayed by RivalsTracker to two decimal places and converted to ratios without further precision. sample_matches repeats the source Matches field for each metric row. hero_rank is the displayed table order (win rate descending); tier_label is source-provided. Platform, region, and sample_players are not stated by the source and are left empty."
jubilee-s9-5-eternity,jubilee,Jubilee,seasonalRank,9.5,competitive,eternity,,,banRate,0.0025,ratio,1057,,rivalstracker,primary,https://rivalstracker.com/heroes/jubilee,2026-08-25T14:02:59.000Z,2026-08-25T18:57:56.232Z,B,20,55,"Filters: Season 9.5, Competitive, Eternity. Percentages are displayed by RivalsTracker to two decimal places and converted to ratios without further precision. sample_matches repeats the source Matches field for each metric row. hero_rank is the displayed table order (win rate descending); tier_label is source-provided. Platform, region, and sample_players are not stated by the source and are left empty."
black-widow-s9-5-eternity,black-widow,Black Widow,seasonalRank,9.5,competitive,eternity,,,winRate,0.5116,ratio,1854,,rivalstracker,primary,https://rivalstracker.com/heroes/black-widow,2026-08-25T14:02:59.000Z,2026-08-25T18:57:56.232Z,A,21,55,"Filters: Season 9.5, Competitive, Eternity. Percentages are displayed by RivalsTracker to two decimal places and converted to ratios without further precision. sample_matches repeats the source Matches field for each metric row. hero_rank is the displayed table order (win rate descending); tier_label is source-provided. Platform, region, and sample_players are not stated by the source and are left empty."
black-widow-s9-5-eternity,black-widow,Black Widow,seasonalRank,9.5,competitive,eternity,,,pickRate,0.1662,ratio,1854,,rivalstracker,primary,https://rivalstracker.com/heroes/black-widow,2026-08-25T14:02:59.000Z,2026-08-25T18:57:56.232Z,A,21,55,"Filters: Season 9.5, Competitive, Eternity. Percentages are displayed by RivalsTracker to two decimal places and converted to ratios without further precision. sample_matches repeats the source Matches field for each metric row. hero_rank is the displayed table order (win rate descending); tier_label is source-provided. Platform, region, and sample_players are not stated by the source and are left empty."
black-widow-s9-5-eternity,black-widow,Black Widow,seasonalRank,9.5,competitive,eternity,,,banRate,0.1438,ratio,1854,,rivalstracker,primary,https://rivalstracker.com/heroes/black-widow,2026-08-25T14:02:59.000Z,2026-08-25T18:57:56.232Z,A,21,55,"Filters: Season 9.5, Competitive, Eternity. Percentages are displayed by RivalsTracker to two decimal places and converted to ratios without further precision. sample_matches repeats the source Matches field for each metric row. hero_rank is the displayed table order (win rate descending); tier_label is source-provided. Platform, region, and sample_players are not stated by the source and are left empty."
captain-america-s9-5-eternity,captain-america,Captain America,seasonalRank,9.5,competitive,eternity,,,winRate,0.5114,ratio,223,,rivalstracker,primary,https://rivalstracker.com/heroes/captain-america,2026-08-25T14:02:59.000Z,2026-08-25T18:57:56.232Z,B,22,55,"Filters: Season 9.5, Competitive, Eternity. Percentages are displayed by RivalsTracker to two decimal places and converted to ratios without further precision. sample_matches repeats the source Matches field for each metric row. hero_rank is the displayed table order (win rate descending); tier_label is source-provided. Platform, region, and sample_players are not stated by the source and are left empty."
captain-america-s9-5-eternity,captain-america,Captain America,seasonalRank,9.5,competitive,eternity,,,pickRate,0.0200,ratio,223,,rivalstracker,primary,https://rivalstracker.com/heroes/captain-america,2026-08-25T14:02:59.000Z,2026-08-25T18:57:56.232Z,B,22,55,"Filters: Season 9.5, Competitive, Eternity. Percentages are displayed by RivalsTracker to two decimal places and converted to ratios without further precision. sample_matches repeats the source Matches field for each metric row. hero_rank is the displayed table order (win rate descending); tier_label is source-provided. Platform, region, and sample_players are not stated by the source and are left empty."
captain-america-s9-5-eternity,captain-america,Captain America,seasonalRank,9.5,competitive,eternity,,,banRate,0.0068,ratio,223,,rivalstracker,primary,https://rivalstracker.com/heroes/captain-america,2026-08-25T14:02:59.000Z,2026-08-25T18:57:56.232Z,B,22,55,"Filters: Season 9.5, Competitive, Eternity. Percentages are displayed by RivalsTracker to two decimal places and converted to ratios without further precision. sample_matches repeats the source Matches field for each metric row. hero_rank is the displayed table order (win rate descending); tier_label is source-provided. Platform, region, and sample_players are not stated by the source and are left empty."
spider-man-s9-5-eternity,spider-man,Spider-man,seasonalRank,9.5,competitive,eternity,,,winRate,0.5102,ratio,1225,,rivalstracker,primary,https://rivalstracker.com/heroes/spider-man,2026-08-25T14:02:59.000Z,2026-08-25T18:57:56.232Z,B,23,55,"Filters: Season 9.5, Competitive, Eternity. Percentages are displayed by RivalsTracker to two decimal places and converted to ratios without further precision. sample_matches repeats the source Matches field for each metric row. hero_rank is the displayed table order (win rate descending); tier_label is source-provided. Platform, region, and sample_players are not stated by the source and are left empty."
spider-man-s9-5-eternity,spider-man,Spider-man,seasonalRank,9.5,competitive,eternity,,,pickRate,0.1098,ratio,1225,,rivalstracker,primary,https://rivalstracker.com/heroes/spider-man,2026-08-25T14:02:59.000Z,2026-08-25T18:57:56.232Z,B,23,55,"Filters: Season 9.5, Competitive, Eternity. Percentages are displayed by RivalsTracker to two decimal places and converted to ratios without further precision. sample_matches repeats the source Matches field for each metric row. hero_rank is the displayed table order (win rate descending); tier_label is source-provided. Platform, region, and sample_players are not stated by the source and are left empty."
spider-man-s9-5-eternity,spider-man,Spider-man,seasonalRank,9.5,competitive,eternity,,,banRate,0.0908,ratio,1225,,rivalstracker,primary,https://rivalstracker.com/heroes/spider-man,2026-08-25T14:02:59.000Z,2026-08-25T18:57:56.232Z,B,23,55,"Filters: Season 9.5, Competitive, Eternity. Percentages are displayed by RivalsTracker to two decimal places and converted to ratios without further precision. sample_matches repeats the source Matches field for each metric row. hero_rank is the displayed table order (win rate descending); tier_label is source-provided. Platform, region, and sample_players are not stated by the source and are left empty."
storm-s9-5-eternity,storm,Storm,seasonalRank,9.5,competitive,eternity,,,winRate,0.5093,ratio,222,,rivalstracker,primary,https://rivalstracker.com/heroes/storm,2026-08-25T14:02:59.000Z,2026-08-25T18:57:56.232Z,B,24,55,"Filters: Season 9.5, Competitive, Eternity. Percentages are displayed by RivalsTracker to two decimal places and converted to ratios without further precision. sample_matches repeats the source Matches field for each metric row. hero_rank is the displayed table order (win rate descending); tier_label is source-provided. Platform, region, and sample_players are not stated by the source and are left empty."
storm-s9-5-eternity,storm,Storm,seasonalRank,9.5,competitive,eternity,,,pickRate,0.0199,ratio,222,,rivalstracker,primary,https://rivalstracker.com/heroes/storm,2026-08-25T14:02:59.000Z,2026-08-25T18:57:56.232Z,B,24,55,"Filters: Season 9.5, Competitive, Eternity. Percentages are displayed by RivalsTracker to two decimal places and converted to ratios without further precision. sample_matches repeats the source Matches field for each metric row. hero_rank is the displayed table order (win rate descending); tier_label is source-provided. Platform, region, and sample_players are not stated by the source and are left empty."
storm-s9-5-eternity,storm,Storm,seasonalRank,9.5,competitive,eternity,,,banRate,0.0018,ratio,222,,rivalstracker,primary,https://rivalstracker.com/heroes/storm,2026-08-25T14:02:59.000Z,2026-08-25T18:57:56.232Z,B,24,55,"Filters: Season 9.5, Competitive, Eternity. Percentages are displayed by RivalsTracker to two decimal places and converted to ratios without further precision. sample_matches repeats the source Matches field for each metric row. hero_rank is the displayed table order (win rate descending); tier_label is source-provided. Platform, region, and sample_players are not stated by the source and are left empty."
the-thing-s9-5-eternity,the-thing,The Thing,seasonalRank,9.5,competitive,eternity,,,winRate,0.5062,ratio,2305,,rivalstracker,primary,https://rivalstracker.com/heroes/the-thing,2026-08-25T14:02:59.000Z,2026-08-25T18:57:56.232Z,B,25,55,"Filters: Season 9.5, Competitive, Eternity. Percentages are displayed by RivalsTracker to two decimal places and converted to ratios without further precision. sample_matches repeats the source Matches field for each metric row. hero_rank is the displayed table order (win rate descending); tier_label is source-provided. Platform, region, and sample_players are not stated by the source and are left empty."
the-thing-s9-5-eternity,the-thing,The Thing,seasonalRank,9.5,competitive,eternity,,,pickRate,0.2066,ratio,2305,,rivalstracker,primary,https://rivalstracker.com/heroes/the-thing,2026-08-25T14:02:59.000Z,2026-08-25T18:57:56.232Z,B,25,55,"Filters: Season 9.5, Competitive, Eternity. Percentages are displayed by RivalsTracker to two decimal places and converted to ratios without further precision. sample_matches repeats the source Matches field for each metric row. hero_rank is the displayed table order (win rate descending); tier_label is source-provided. Platform, region, and sample_players are not stated by the source and are left empty."
the-thing-s9-5-eternity,the-thing,The Thing,seasonalRank,9.5,competitive,eternity,,,banRate,0.1037,ratio,2305,,rivalstracker,primary,https://rivalstracker.com/heroes/the-thing,2026-08-25T14:02:59.000Z,2026-08-25T18:57:56.232Z,B,25,55,"Filters: Season 9.5, Competitive, Eternity. Percentages are displayed by RivalsTracker to two decimal places and converted to ratios without further precision. sample_matches repeats the source Matches field for each metric row. hero_rank is the displayed table order (win rate descending); tier_label is source-provided. Platform, region, and sample_players are not stated by the source and are left empty."
groot-s9-5-eternity,groot,Groot,seasonalRank,9.5,competitive,eternity,,,winRate,0.4934,ratio,540,,rivalstracker,primary,https://rivalstracker.com/heroes/groot,2026-08-25T14:02:59.000Z,2026-08-25T18:57:56.232Z,B,26,55,"Filters: Season 9.5, Competitive, Eternity. Percentages are displayed by RivalsTracker to two decimal places and converted to ratios without further precision. sample_matches repeats the source Matches field for each metric row. hero_rank is the displayed table order (win rate descending); tier_label is source-provided. Platform, region, and sample_players are not stated by the source and are left empty."
groot-s9-5-eternity,groot,Groot,seasonalRank,9.5,competitive,eternity,,,pickRate,0.0484,ratio,540,,rivalstracker,primary,https://rivalstracker.com/heroes/groot,2026-08-25T14:02:59.000Z,2026-08-25T18:57:56.232Z,B,26,55,"Filters: Season 9.5, Competitive, Eternity. Percentages are displayed by RivalsTracker to two decimal places and converted to ratios without further precision. sample_matches repeats the source Matches field for each metric row. hero_rank is the displayed table order (win rate descending); tier_label is source-provided. Platform, region, and sample_players are not stated by the source and are left empty."
groot-s9-5-eternity,groot,Groot,seasonalRank,9.5,competitive,eternity,,,banRate,0.0174,ratio,540,,rivalstracker,primary,https://rivalstracker.com/heroes/groot,2026-08-25T14:02:59.000Z,2026-08-25T18:57:56.232Z,B,26,55,"Filters: Season 9.5, Competitive, Eternity. Percentages are displayed by RivalsTracker to two decimal places and converted to ratios without further precision. sample_matches repeats the source Matches field for each metric row. hero_rank is the displayed table order (win rate descending); tier_label is source-provided. Platform, region, and sample_players are not stated by the source and are left empty."
the-punisher-s9-5-eternity,the-punisher,The Punisher,seasonalRank,9.5,competitive,eternity,,,winRate,0.4928,ratio,1237,,rivalstracker,primary,https://rivalstracker.com/heroes/the-punisher,2026-08-25T14:02:59.000Z,2026-08-25T18:57:56.232Z,B,27,55,"Filters: Season 9.5, Competitive, Eternity. Percentages are displayed by RivalsTracker to two decimal places and converted to ratios without further precision. sample_matches repeats the source Matches field for each metric row. hero_rank is the displayed table order (win rate descending); tier_label is source-provided. Platform, region, and sample_players are not stated by the source and are left empty."
the-punisher-s9-5-eternity,the-punisher,The Punisher,seasonalRank,9.5,competitive,eternity,,,pickRate,0.1109,ratio,1237,,rivalstracker,primary,https://rivalstracker.com/heroes/the-punisher,2026-08-25T14:02:59.000Z,2026-08-25T18:57:56.232Z,B,27,55,"Filters: Season 9.5, Competitive, Eternity. Percentages are displayed by RivalsTracker to two decimal places and converted to ratios without further precision. sample_matches repeats the source Matches field for each metric row. hero_rank is the displayed table order (win rate descending); tier_label is source-provided. Platform, region, and sample_players are not stated by the source and are left empty."
the-punisher-s9-5-eternity,the-punisher,The Punisher,seasonalRank,9.5,competitive,eternity,,,banRate,0.0392,ratio,1237,,rivalstracker,primary,https://rivalstracker.com/heroes/the-punisher,2026-08-25T14:02:59.000Z,2026-08-25T18:57:56.232Z,B,27,55,"Filters: Season 9.5, Competitive, Eternity. Percentages are displayed by RivalsTracker to two decimal places and converted to ratios without further precision. sample_matches repeats the source Matches field for each metric row. hero_rank is the displayed table order (win rate descending); tier_label is source-provided. Platform, region, and sample_players are not stated by the source and are left empty."
blade-s9-5-eternity,blade,Blade,seasonalRank,9.5,competitive,eternity,,,winRate,0.4924,ratio,270,,rivalstracker,primary,https://rivalstracker.com/heroes/blade,2026-08-25T14:02:59.000Z,2026-08-25T18:57:56.232Z,B,28,55,"Filters: Season 9.5, Competitive, Eternity. Percentages are displayed by RivalsTracker to two decimal places and converted to ratios without further precision. sample_matches repeats the source Matches field for each metric row. hero_rank is the displayed table order (win rate descending); tier_label is source-provided. Platform, region, and sample_players are not stated by the source and are left empty."
blade-s9-5-eternity,blade,Blade,seasonalRank,9.5,competitive,eternity,,,pickRate,0.0242,ratio,270,,rivalstracker,primary,https://rivalstracker.com/heroes/blade,2026-08-25T14:02:59.000Z,2026-08-25T18:57:56.232Z,B,28,55,"Filters: Season 9.5, Competitive, Eternity. Percentages are displayed by RivalsTracker to two decimal places and converted to ratios without further precision. sample_matches repeats the source Matches field for each metric row. hero_rank is the displayed table order (win rate descending); tier_label is source-provided. Platform, region, and sample_players are not stated by the source and are left empty."
blade-s9-5-eternity,blade,Blade,seasonalRank,9.5,competitive,eternity,,,banRate,0.0036,ratio,270,,rivalstracker,primary,https://rivalstracker.com/heroes/blade,2026-08-25T14:02:59.000Z,2026-08-25T18:57:56.232Z,B,28,55,"Filters: Season 9.5, Competitive, Eternity. Percentages are displayed by RivalsTracker to two decimal places and converted to ratios without further precision. sample_matches repeats the source Matches field for each metric row. hero_rank is the displayed table order (win rate descending); tier_label is source-provided. Platform, region, and sample_players are not stated by the source and are left empty."
devil-dinosaur-s9-5-eternity,devil-dinosaur,Devil Dinosaur,seasonalRank,9.5,competitive,eternity,,,winRate,0.4919,ratio,264,,rivalstracker,primary,https://rivalstracker.com/heroes/devil-dinosaur,2026-08-25T14:02:59.000Z,2026-08-25T18:57:56.232Z,B,29,55,"Filters: Season 9.5, Competitive, Eternity. Percentages are displayed by RivalsTracker to two decimal places and converted to ratios without further precision. sample_matches repeats the source Matches field for each metric row. hero_rank is the displayed table order (win rate descending); tier_label is source-provided. Platform, region, and sample_players are not stated by the source and are left empty."
devil-dinosaur-s9-5-eternity,devil-dinosaur,Devil Dinosaur,seasonalRank,9.5,competitive,eternity,,,pickRate,0.0237,ratio,264,,rivalstracker,primary,https://rivalstracker.com/heroes/devil-dinosaur,2026-08-25T14:02:59.000Z,2026-08-25T18:57:56.232Z,B,29,55,"Filters: Season 9.5, Competitive, Eternity. Percentages are displayed by RivalsTracker to two decimal places and converted to ratios without further precision. sample_matches repeats the source Matches field for each metric row. hero_rank is the displayed table order (win rate descending); tier_label is source-provided. Platform, region, and sample_players are not stated by the source and are left empty."
devil-dinosaur-s9-5-eternity,devil-dinosaur,Devil Dinosaur,seasonalRank,9.5,competitive,eternity,,,banRate,0.0008,ratio,264,,rivalstracker,primary,https://rivalstracker.com/heroes/devil-dinosaur,2026-08-25T14:02:59.000Z,2026-08-25T18:57:56.232Z,B,29,55,"Filters: Season 9.5, Competitive, Eternity. Percentages are displayed by RivalsTracker to two decimal places and converted to ratios without further precision. sample_matches repeats the source Matches field for each metric row. hero_rank is the displayed table order (win rate descending); tier_label is source-provided. Platform, region, and sample_players are not stated by the source and are left empty."
hela-s9-5-eternity,hela,Hela,seasonalRank,9.5,competitive,eternity,,,winRate,0.4885,ratio,1886,,rivalstracker,primary,https://rivalstracker.com/heroes/hela,2026-08-25T14:02:59.000Z,2026-08-25T18:57:56.232Z,B,30,55,"Filters: Season 9.5, Competitive, Eternity. Percentages are displayed by RivalsTracker to two decimal places and converted to ratios without further precision. sample_matches repeats the source Matches field for each metric row. hero_rank is the displayed table order (win rate descending); tier_label is source-provided. Platform, region, and sample_players are not stated by the source and are left empty."
hela-s9-5-eternity,hela,Hela,seasonalRank,9.5,competitive,eternity,,,pickRate,0.1690,ratio,1886,,rivalstracker,primary,https://rivalstracker.com/heroes/hela,2026-08-25T14:02:59.000Z,2026-08-25T18:57:56.232Z,B,30,55,"Filters: Season 9.5, Competitive, Eternity. Percentages are displayed by RivalsTracker to two decimal places and converted to ratios without further precision. sample_matches repeats the source Matches field for each metric row. hero_rank is the displayed table order (win rate descending); tier_label is source-provided. Platform, region, and sample_players are not stated by the source and are left empty."
hela-s9-5-eternity,hela,Hela,seasonalRank,9.5,competitive,eternity,,,banRate,0.0410,ratio,1886,,rivalstracker,primary,https://rivalstracker.com/heroes/hela,2026-08-25T14:02:59.000Z,2026-08-25T18:57:56.232Z,B,30,55,"Filters: Season 9.5, Competitive, Eternity. Percentages are displayed by RivalsTracker to two decimal places and converted to ratios without further precision. sample_matches repeats the source Matches field for each metric row. hero_rank is the displayed table order (win rate descending); tier_label is source-provided. Platform, region, and sample_players are not stated by the source and are left empty."
psylocke-s9-5-eternity,psylocke,Psylocke,seasonalRank,9.5,competitive,eternity,,,winRate,0.4866,ratio,283,,rivalstracker,primary,https://rivalstracker.com/heroes/psylocke,2026-08-25T14:02:59.000Z,2026-08-25T18:57:56.232Z,C,31,55,"Filters: Season 9.5, Competitive, Eternity. Percentages are displayed by RivalsTracker to two decimal places and converted to ratios without further precision. sample_matches repeats the source Matches field for each metric row. hero_rank is the displayed table order (win rate descending); tier_label is source-provided. Platform, region, and sample_players are not stated by the source and are left empty."
psylocke-s9-5-eternity,psylocke,Psylocke,seasonalRank,9.5,competitive,eternity,,,pickRate,0.0254,ratio,283,,rivalstracker,primary,https://rivalstracker.com/heroes/psylocke,2026-08-25T14:02:59.000Z,2026-08-25T18:57:56.232Z,C,31,55,"Filters: Season 9.5, Competitive, Eternity. Percentages are displayed by RivalsTracker to two decimal places and converted to ratios without further precision. sample_matches repeats the source Matches field for each metric row. hero_rank is the displayed table order (win rate descending); tier_label is source-provided. Platform, region, and sample_players are not stated by the source and are left empty."
psylocke-s9-5-eternity,psylocke,Psylocke,seasonalRank,9.5,competitive,eternity,,,banRate,0.0029,ratio,283,,rivalstracker,primary,https://rivalstracker.com/heroes/psylocke,2026-08-25T14:02:59.000Z,2026-08-25T18:57:56.232Z,C,31,55,"Filters: Season 9.5, Competitive, Eternity. Percentages are displayed by RivalsTracker to two decimal places and converted to ratios without further precision. sample_matches repeats the source Matches field for each metric row. hero_rank is the displayed table order (win rate descending); tier_label is source-provided. Platform, region, and sample_players are not stated by the source and are left empty."
human-torch-s9-5-eternity,human-torch,Human Torch,seasonalRank,9.5,competitive,eternity,,,winRate,0.4804,ratio,191,,rivalstracker,primary,https://rivalstracker.com/heroes/human-torch,2026-08-25T14:02:59.000Z,2026-08-25T18:57:56.232Z,C,32,55,"Filters: Season 9.5, Competitive, Eternity. Percentages are displayed by RivalsTracker to two decimal places and converted to ratios without further precision. sample_matches repeats the source Matches field for each metric row. hero_rank is the displayed table order (win rate descending); tier_label is source-provided. Platform, region, and sample_players are not stated by the source and are left empty."
human-torch-s9-5-eternity,human-torch,Human Torch,seasonalRank,9.5,competitive,eternity,,,pickRate,0.0171,ratio,191,,rivalstracker,primary,https://rivalstracker.com/heroes/human-torch,2026-08-25T14:02:59.000Z,2026-08-25T18:57:56.232Z,C,32,55,"Filters: Season 9.5, Competitive, Eternity. Percentages are displayed by RivalsTracker to two decimal places and converted to ratios without further precision. sample_matches repeats the source Matches field for each metric row. hero_rank is the displayed table order (win rate descending); tier_label is source-provided. Platform, region, and sample_players are not stated by the source and are left empty."
human-torch-s9-5-eternity,human-torch,Human Torch,seasonalRank,9.5,competitive,eternity,,,banRate,0.0115,ratio,191,,rivalstracker,primary,https://rivalstracker.com/heroes/human-torch,2026-08-25T14:02:59.000Z,2026-08-25T18:57:56.232Z,C,32,55,"Filters: Season 9.5, Competitive, Eternity. Percentages are displayed by RivalsTracker to two decimal places and converted to ratios without further precision. sample_matches repeats the source Matches field for each metric row. hero_rank is the displayed table order (win rate descending); tier_label is source-provided. Platform, region, and sample_players are not stated by the source and are left empty."
deadpool-vanguard-s9-5-eternity,deadpool-vanguard,Deadpool (Vanguard),seasonalRank,9.5,competitive,eternity,,,winRate,0.4765,ratio,151,,rivalstracker,primary,https://rivalstracker.com/heroes/deadpool-vanguard,2026-08-25T14:02:59.000Z,2026-08-25T18:57:56.232Z,C,33,55,"Filters: Season 9.5, Competitive, Eternity. Percentages are displayed by RivalsTracker to two decimal places and converted to ratios without further precision. sample_matches repeats the source Matches field for each metric row. hero_rank is the displayed table order (win rate descending); tier_label is source-provided. Platform, region, and sample_players are not stated by the source and are left empty."
deadpool-vanguard-s9-5-eternity,deadpool-vanguard,Deadpool (Vanguard),seasonalRank,9.5,competitive,eternity,,,pickRate,0.0135,ratio,151,,rivalstracker,primary,https://rivalstracker.com/heroes/deadpool-vanguard,2026-08-25T14:02:59.000Z,2026-08-25T18:57:56.232Z,C,33,55,"Filters: Season 9.5, Competitive, Eternity. Percentages are displayed by RivalsTracker to two decimal places and converted to ratios without further precision. sample_matches repeats the source Matches field for each metric row. hero_rank is the displayed table order (win rate descending); tier_label is source-provided. Platform, region, and sample_players are not stated by the source and are left empty."
deadpool-vanguard-s9-5-eternity,deadpool-vanguard,Deadpool (Vanguard),seasonalRank,9.5,competitive,eternity,,,banRate,0.0013,ratio,151,,rivalstracker,primary,https://rivalstracker.com/heroes/deadpool-vanguard,2026-08-25T14:02:59.000Z,2026-08-25T18:57:56.232Z,C,33,55,"Filters: Season 9.5, Competitive, Eternity. Percentages are displayed by RivalsTracker to two decimal places and converted to ratios without further precision. sample_matches repeats the source Matches field for each metric row. hero_rank is the displayed table order (win rate descending); tier_label is source-provided. Platform, region, and sample_players are not stated by the source and are left empty."
hulk-s9-5-eternity,hulk,Hulk,seasonalRank,9.5,competitive,eternity,,,winRate,0.4747,ratio,672,,rivalstracker,primary,https://rivalstracker.com/heroes/hulk,2026-08-25T14:02:59.000Z,2026-08-25T18:57:56.232Z,C,34,55,"Filters: Season 9.5, Competitive, Eternity. Percentages are displayed by RivalsTracker to two decimal places and converted to ratios without further precision. sample_matches repeats the source Matches field for each metric row. hero_rank is the displayed table order (win rate descending); tier_label is source-provided. Platform, region, and sample_players are not stated by the source and are left empty."
hulk-s9-5-eternity,hulk,Hulk,seasonalRank,9.5,competitive,eternity,,,pickRate,0.0602,ratio,672,,rivalstracker,primary,https://rivalstracker.com/heroes/hulk,2026-08-25T14:02:59.000Z,2026-08-25T18:57:56.232Z,C,34,55,"Filters: Season 9.5, Competitive, Eternity. Percentages are displayed by RivalsTracker to two decimal places and converted to ratios without further precision. sample_matches repeats the source Matches field for each metric row. hero_rank is the displayed table order (win rate descending); tier_label is source-provided. Platform, region, and sample_players are not stated by the source and are left empty."
hulk-s9-5-eternity,hulk,Hulk,seasonalRank,9.5,competitive,eternity,,,banRate,0.0151,ratio,672,,rivalstracker,primary,https://rivalstracker.com/heroes/hulk,2026-08-25T14:02:59.000Z,2026-08-25T18:57:56.232Z,C,34,55,"Filters: Season 9.5, Competitive, Eternity. Percentages are displayed by RivalsTracker to two decimal places and converted to ratios without further precision. sample_matches repeats the source Matches field for each metric row. hero_rank is the displayed table order (win rate descending); tier_label is source-provided. Platform, region, and sample_players are not stated by the source and are left empty."
star-lord-s9-5-eternity,star-lord,Star-lord,seasonalRank,9.5,competitive,eternity,,,winRate,0.4731,ratio,403,,rivalstracker,primary,https://rivalstracker.com/heroes/star-lord,2026-08-25T14:02:59.000Z,2026-08-25T18:57:56.232Z,C,35,55,"Filters: Season 9.5, Competitive, Eternity. Percentages are displayed by RivalsTracker to two decimal places and converted to ratios without further precision. sample_matches repeats the source Matches field for each metric row. hero_rank is the displayed table order (win rate descending); tier_label is source-provided. Platform, region, and sample_players are not stated by the source and are left empty."
star-lord-s9-5-eternity,star-lord,Star-lord,seasonalRank,9.5,competitive,eternity,,,pickRate,0.0361,ratio,403,,rivalstracker,primary,https://rivalstracker.com/heroes/star-lord,2026-08-25T14:02:59.000Z,2026-08-25T18:57:56.232Z,C,35,55,"Filters: Season 9.5, Competitive, Eternity. Percentages are displayed by RivalsTracker to two decimal places and converted to ratios without further precision. sample_matches repeats the source Matches field for each metric row. hero_rank is the displayed table order (win rate descending); tier_label is source-provided. Platform, region, and sample_players are not stated by the source and are left empty."
star-lord-s9-5-eternity,star-lord,Star-lord,seasonalRank,9.5,competitive,eternity,,,banRate,0.0057,ratio,403,,rivalstracker,primary,https://rivalstracker.com/heroes/star-lord,2026-08-25T14:02:59.000Z,2026-08-25T18:57:56.232Z,C,35,55,"Filters: Season 9.5, Competitive, Eternity. Percentages are displayed by RivalsTracker to two decimal places and converted to ratios without further precision. sample_matches repeats the source Matches field for each metric row. hero_rank is the displayed table order (win rate descending); tier_label is source-provided. Platform, region, and sample_players are not stated by the source and are left empty."
invisible-woman-s9-5-eternity,invisible-woman,Invisible Woman,seasonalRank,9.5,competitive,eternity,,,winRate,0.4702,ratio,4227,,rivalstracker,primary,https://rivalstracker.com/heroes/invisible-woman,2026-08-25T14:02:59.000Z,2026-08-25T18:57:56.232Z,B,36,55,"Filters: Season 9.5, Competitive, Eternity. Percentages are displayed by RivalsTracker to two decimal places and converted to ratios without further precision. sample_matches repeats the source Matches field for each metric row. hero_rank is the displayed table order (win rate descending); tier_label is source-provided. Platform, region, and sample_players are not stated by the source and are left empty."
invisible-woman-s9-5-eternity,invisible-woman,Invisible Woman,seasonalRank,9.5,competitive,eternity,,,pickRate,0.3788,ratio,4227,,rivalstracker,primary,https://rivalstracker.com/heroes/invisible-woman,2026-08-25T14:02:59.000Z,2026-08-25T18:57:56.232Z,B,36,55,"Filters: Season 9.5, Competitive, Eternity. Percentages are displayed by RivalsTracker to two decimal places and converted to ratios without further precision. sample_matches repeats the source Matches field for each metric row. hero_rank is the displayed table order (win rate descending); tier_label is source-provided. Platform, region, and sample_players are not stated by the source and are left empty."
invisible-woman-s9-5-eternity,invisible-woman,Invisible Woman,seasonalRank,9.5,competitive,eternity,,,banRate,0.0051,ratio,4227,,rivalstracker,primary,https://rivalstracker.com/heroes/invisible-woman,2026-08-25T14:02:59.000Z,2026-08-25T18:57:56.232Z,B,36,55,"Filters: Season 9.5, Competitive, Eternity. Percentages are displayed by RivalsTracker to two decimal places and converted to ratios without further precision. sample_matches repeats the source Matches field for each metric row. hero_rank is the displayed table order (win rate descending); tier_label is source-provided. Platform, region, and sample_players are not stated by the source and are left empty."
emma-frost-s9-5-eternity,emma-frost,Emma Frost,seasonalRank,9.5,competitive,eternity,,,winRate,0.4687,ratio,2708,,rivalstracker,primary,https://rivalstracker.com/heroes/emma-frost,2026-08-25T14:02:59.000Z,2026-08-25T18:57:56.232Z,B,37,55,"Filters: Season 9.5, Competitive, Eternity. Percentages are displayed by RivalsTracker to two decimal places and converted to ratios without further precision. sample_matches repeats the source Matches field for each metric row. hero_rank is the displayed table order (win rate descending); tier_label is source-provided. Platform, region, and sample_players are not stated by the source and are left empty."
emma-frost-s9-5-eternity,emma-frost,Emma Frost,seasonalRank,9.5,competitive,eternity,,,pickRate,0.2427,ratio,2708,,rivalstracker,primary,https://rivalstracker.com/heroes/emma-frost,2026-08-25T14:02:59.000Z,2026-08-25T18:57:56.232Z,B,37,55,"Filters: Season 9.5, Competitive, Eternity. Percentages are displayed by RivalsTracker to two decimal places and converted to ratios without further precision. sample_matches repeats the source Matches field for each metric row. hero_rank is the displayed table order (win rate descending); tier_label is source-provided. Platform, region, and sample_players are not stated by the source and are left empty."
emma-frost-s9-5-eternity,emma-frost,Emma Frost,seasonalRank,9.5,competitive,eternity,,,banRate,0.0187,ratio,2708,,rivalstracker,primary,https://rivalstracker.com/heroes/emma-frost,2026-08-25T14:02:59.000Z,2026-08-25T18:57:56.232Z,B,37,55,"Filters: Season 9.5, Competitive, Eternity. Percentages are displayed by RivalsTracker to two decimal places and converted to ratios without further precision. sample_matches repeats the source Matches field for each metric row. hero_rank is the displayed table order (win rate descending); tier_label is source-provided. Platform, region, and sample_players are not stated by the source and are left empty."
moon-knight-s9-5-eternity,moon-knight,Moon Knight,seasonalRank,9.5,competitive,eternity,,,winRate,0.4621,ratio,134,,rivalstracker,primary,https://rivalstracker.com/heroes/moon-knight,2026-08-25T14:02:59.000Z,2026-08-25T18:57:56.232Z,C,38,55,"Filters: Season 9.5, Competitive, Eternity. Percentages are displayed by RivalsTracker to two decimal places and converted to ratios without further precision. sample_matches repeats the source Matches field for each metric row. hero_rank is the displayed table order (win rate descending); tier_label is source-provided. Platform, region, and sample_players are not stated by the source and are left empty."
moon-knight-s9-5-eternity,moon-knight,Moon Knight,seasonalRank,9.5,competitive,eternity,,,pickRate,0.0120,ratio,134,,rivalstracker,primary,https://rivalstracker.com/heroes/moon-knight,2026-08-25T14:02:59.000Z,2026-08-25T18:57:56.232Z,C,38,55,"Filters: Season 9.5, Competitive, Eternity. Percentages are displayed by RivalsTracker to two decimal places and converted to ratios without further precision. sample_matches repeats the source Matches field for each metric row. hero_rank is the displayed table order (win rate descending); tier_label is source-provided. Platform, region, and sample_players are not stated by the source and are left empty."
moon-knight-s9-5-eternity,moon-knight,Moon Knight,seasonalRank,9.5,competitive,eternity,,,banRate,0.0026,ratio,134,,rivalstracker,primary,https://rivalstracker.com/heroes/moon-knight,2026-08-25T14:02:59.000Z,2026-08-25T18:57:56.232Z,C,38,55,"Filters: Season 9.5, Competitive, Eternity. Percentages are displayed by RivalsTracker to two decimal places and converted to ratios without further precision. sample_matches repeats the source Matches field for each metric row. hero_rank is the displayed table order (win rate descending); tier_label is source-provided. Platform, region, and sample_players are not stated by the source and are left empty."
doctor-strange-s9-5-eternity,doctor-strange,Doctor Strange,seasonalRank,9.5,competitive,eternity,,,winRate,0.4620,ratio,796,,rivalstracker,primary,https://rivalstracker.com/heroes/doctor-strange,2026-08-25T14:02:59.000Z,2026-08-25T18:57:56.232Z,C,39,55,"Filters: Season 9.5, Competitive, Eternity. Percentages are displayed by RivalsTracker to two decimal places and converted to ratios without further precision. sample_matches repeats the source Matches field for each metric row. hero_rank is the displayed table order (win rate descending); tier_label is source-provided. Platform, region, and sample_players are not stated by the source and are left empty."
doctor-strange-s9-5-eternity,doctor-strange,Doctor Strange,seasonalRank,9.5,competitive,eternity,,,pickRate,0.0713,ratio,796,,rivalstracker,primary,https://rivalstracker.com/heroes/doctor-strange,2026-08-25T14:02:59.000Z,2026-08-25T18:57:56.232Z,C,39,55,"Filters: Season 9.5, Competitive, Eternity. Percentages are displayed by RivalsTracker to two decimal places and converted to ratios without further precision. sample_matches repeats the source Matches field for each metric row. hero_rank is the displayed table order (win rate descending); tier_label is source-provided. Platform, region, and sample_players are not stated by the source and are left empty."
doctor-strange-s9-5-eternity,doctor-strange,Doctor Strange,seasonalRank,9.5,competitive,eternity,,,banRate,0.0002,ratio,796,,rivalstracker,primary,https://rivalstracker.com/heroes/doctor-strange,2026-08-25T14:02:59.000Z,2026-08-25T18:57:56.232Z,C,39,55,"Filters: Season 9.5, Competitive, Eternity. Percentages are displayed by RivalsTracker to two decimal places and converted to ratios without further precision. sample_matches repeats the source Matches field for each metric row. hero_rank is the displayed table order (win rate descending); tier_label is source-provided. Platform, region, and sample_players are not stated by the source and are left empty."
winter-soldier-s9-5-eternity,winter-soldier,Winter Soldier,seasonalRank,9.5,competitive,eternity,,,winRate,0.4573,ratio,4161,,rivalstracker,primary,https://rivalstracker.com/heroes/winter-soldier,2026-08-25T14:02:59.000Z,2026-08-25T18:57:56.232Z,B,40,55,"Filters: Season 9.5, Competitive, Eternity. Percentages are displayed by RivalsTracker to two decimal places and converted to ratios without further precision. sample_matches repeats the source Matches field for each metric row. hero_rank is the displayed table order (win rate descending); tier_label is source-provided. Platform, region, and sample_players are not stated by the source and are left empty."
winter-soldier-s9-5-eternity,winter-soldier,Winter Soldier,seasonalRank,9.5,competitive,eternity,,,pickRate,0.3729,ratio,4161,,rivalstracker,primary,https://rivalstracker.com/heroes/winter-soldier,2026-08-25T14:02:59.000Z,2026-08-25T18:57:56.232Z,B,40,55,"Filters: Season 9.5, Competitive, Eternity. Percentages are displayed by RivalsTracker to two decimal places and converted to ratios without further precision. sample_matches repeats the source Matches field for each metric row. hero_rank is the displayed table order (win rate descending); tier_label is source-provided. Platform, region, and sample_players are not stated by the source and are left empty."
winter-soldier-s9-5-eternity,winter-soldier,Winter Soldier,seasonalRank,9.5,competitive,eternity,,,banRate,0.0508,ratio,4161,,rivalstracker,primary,https://rivalstracker.com/heroes/winter-soldier,2026-08-25T14:02:59.000Z,2026-08-25T18:57:56.232Z,B,40,55,"Filters: Season 9.5, Competitive, Eternity. Percentages are displayed by RivalsTracker to two decimal places and converted to ratios without further precision. sample_matches repeats the source Matches field for each metric row. hero_rank is the displayed table order (win rate descending); tier_label is source-provided. Platform, region, and sample_players are not stated by the source and are left empty."
phoenix-s9-5-eternity,phoenix,Phoenix,seasonalRank,9.5,competitive,eternity,,,winRate,0.4371,ratio,328,,rivalstracker,primary,https://rivalstracker.com/heroes/phoenix,2026-08-25T14:02:59.000Z,2026-08-25T18:57:56.232Z,C,41,55,"Filters: Season 9.5, Competitive, Eternity. Percentages are displayed by RivalsTracker to two decimal places and converted to ratios without further precision. sample_matches repeats the source Matches field for each metric row. hero_rank is the displayed table order (win rate descending); tier_label is source-provided. Platform, region, and sample_players are not stated by the source and are left empty."
phoenix-s9-5-eternity,phoenix,Phoenix,seasonalRank,9.5,competitive,eternity,,,pickRate,0.0294,ratio,328,,rivalstracker,primary,https://rivalstracker.com/heroes/phoenix,2026-08-25T14:02:59.000Z,2026-08-25T18:57:56.232Z,C,41,55,"Filters: Season 9.5, Competitive, Eternity. Percentages are displayed by RivalsTracker to two decimal places and converted to ratios without further precision. sample_matches repeats the source Matches field for each metric row. hero_rank is the displayed table order (win rate descending); tier_label is source-provided. Platform, region, and sample_players are not stated by the source and are left empty."
phoenix-s9-5-eternity,phoenix,Phoenix,seasonalRank,9.5,competitive,eternity,,,banRate,0.0015,ratio,328,,rivalstracker,primary,https://rivalstracker.com/heroes/phoenix,2026-08-25T14:02:59.000Z,2026-08-25T18:57:56.232Z,C,41,55,"Filters: Season 9.5, Competitive, Eternity. Percentages are displayed by RivalsTracker to two decimal places and converted to ratios without further precision. sample_matches repeats the source Matches field for each metric row. hero_rank is the displayed table order (win rate descending); tier_label is source-provided. Platform, region, and sample_players are not stated by the source and are left empty."
luna-snow-s9-5-eternity,luna-snow,Luna Snow,seasonalRank,9.5,competitive,eternity,,,winRate,0.4323,ratio,2291,,rivalstracker,primary,https://rivalstracker.com/heroes/luna-snow,2026-08-25T14:02:59.000Z,2026-08-25T18:57:56.232Z,C,42,55,"Filters: Season 9.5, Competitive, Eternity. Percentages are displayed by RivalsTracker to two decimal places and converted to ratios without further precision. sample_matches repeats the source Matches field for each metric row. hero_rank is the displayed table order (win rate descending); tier_label is source-provided. Platform, region, and sample_players are not stated by the source and are left empty."
luna-snow-s9-5-eternity,luna-snow,Luna Snow,seasonalRank,9.5,competitive,eternity,,,pickRate,0.2053,ratio,2291,,rivalstracker,primary,https://rivalstracker.com/heroes/luna-snow,2026-08-25T14:02:59.000Z,2026-08-25T18:57:56.232Z,C,42,55,"Filters: Season 9.5, Competitive, Eternity. Percentages are displayed by RivalsTracker to two decimal places and converted to ratios without further precision. sample_matches repeats the source Matches field for each metric row. hero_rank is the displayed table order (win rate descending); tier_label is source-provided. Platform, region, and sample_players are not stated by the source and are left empty."
luna-snow-s9-5-eternity,luna-snow,Luna Snow,seasonalRank,9.5,competitive,eternity,,,banRate,0.0015,ratio,2291,,rivalstracker,primary,https://rivalstracker.com/heroes/luna-snow,2026-08-25T14:02:59.000Z,2026-08-25T18:57:56.232Z,C,42,55,"Filters: Season 9.5, Competitive, Eternity. Percentages are displayed by RivalsTracker to two decimal places and converted to ratios without further precision. sample_matches repeats the source Matches field for each metric row. hero_rank is the displayed table order (win rate descending); tier_label is source-provided. Platform, region, and sample_players are not stated by the source and are left empty."
black-panther-s9-5-eternity,black-panther,Black Panther,seasonalRank,9.5,competitive,eternity,,,winRate,0.4246,ratio,260,,rivalstracker,primary,https://rivalstracker.com/heroes/black-panther,2026-08-25T14:02:59.000Z,2026-08-25T18:57:56.232Z,D,43,55,"Filters: Season 9.5, Competitive, Eternity. Percentages are displayed by RivalsTracker to two decimal places and converted to ratios without further precision. sample_matches repeats the source Matches field for each metric row. hero_rank is the displayed table order (win rate descending); tier_label is source-provided. Platform, region, and sample_players are not stated by the source and are left empty."
black-panther-s9-5-eternity,black-panther,Black Panther,seasonalRank,9.5,competitive,eternity,,,pickRate,0.0233,ratio,260,,rivalstracker,primary,https://rivalstracker.com/heroes/black-panther,2026-08-25T14:02:59.000Z,2026-08-25T18:57:56.232Z,D,43,55,"Filters: Season 9.5, Competitive, Eternity. Percentages are displayed by RivalsTracker to two decimal places and converted to ratios without further precision. sample_matches repeats the source Matches field for each metric row. hero_rank is the displayed table order (win rate descending); tier_label is source-provided. Platform, region, and sample_players are not stated by the source and are left empty."
black-panther-s9-5-eternity,black-panther,Black Panther,seasonalRank,9.5,competitive,eternity,,,banRate,0.0096,ratio,260,,rivalstracker,primary,https://rivalstracker.com/heroes/black-panther,2026-08-25T14:02:59.000Z,2026-08-25T18:57:56.232Z,D,43,55,"Filters: Season 9.5, Competitive, Eternity. Percentages are displayed by RivalsTracker to two decimal places and converted to ratios without further precision. sample_matches repeats the source Matches field for each metric row. hero_rank is the displayed table order (win rate descending); tier_label is source-provided. Platform, region, and sample_players are not stated by the source and are left empty."
cloak-and-dagger-s9-5-eternity,cloak-and-dagger,Cloak & Dagger,seasonalRank,9.5,competitive,eternity,,,winRate,0.4210,ratio,3405,,rivalstracker,primary,https://rivalstracker.com/heroes/cloak-&-dagger,2026-08-25T14:02:59.000Z,2026-08-25T18:57:56.232Z,C,44,55,"Filters: Season 9.5, Competitive, Eternity. Percentages are displayed by RivalsTracker to two decimal places and converted to ratios without further precision. sample_matches repeats the source Matches field for each metric row. hero_rank is the displayed table order (win rate descending); tier_label is source-provided. Platform, region, and sample_players are not stated by the source and are left empty."
cloak-and-dagger-s9-5-eternity,cloak-and-dagger,Cloak & Dagger,seasonalRank,9.5,competitive,eternity,,,pickRate,0.3052,ratio,3405,,rivalstracker,primary,https://rivalstracker.com/heroes/cloak-&-dagger,2026-08-25T14:02:59.000Z,2026-08-25T18:57:56.232Z,C,44,55,"Filters: Season 9.5, Competitive, Eternity. Percentages are displayed by RivalsTracker to two decimal places and converted to ratios without further precision. sample_matches repeats the source Matches field for each metric row. hero_rank is the displayed table order (win rate descending); tier_label is source-provided. Platform, region, and sample_players are not stated by the source and are left empty."
cloak-and-dagger-s9-5-eternity,cloak-and-dagger,Cloak & Dagger,seasonalRank,9.5,competitive,eternity,,,banRate,0.0681,ratio,3405,,rivalstracker,primary,https://rivalstracker.com/heroes/cloak-&-dagger,2026-08-25T14:02:59.000Z,2026-08-25T18:57:56.232Z,C,44,55,"Filters: Season 9.5, Competitive, Eternity. Percentages are displayed by RivalsTracker to two decimal places and converted to ratios without further precision. sample_matches repeats the source Matches field for each metric row. hero_rank is the displayed table order (win rate descending); tier_label is source-provided. Platform, region, and sample_players are not stated by the source and are left empty."
deadpool-duelist-s9-5-eternity,deadpool-duelist,Deadpool (Duelist),seasonalRank,9.5,competitive,eternity,,,winRate,0.4190,ratio,265,,rivalstracker,primary,https://rivalstracker.com/heroes/deadpool-duelist,2026-08-25T14:02:59.000Z,2026-08-25T18:57:56.232Z,C,45,55,"Filters: Season 9.5, Competitive, Eternity. Percentages are displayed by RivalsTracker to two decimal places and converted to ratios without further precision. sample_matches repeats the source Matches field for each metric row. hero_rank is the displayed table order (win rate descending); tier_label is source-provided. Platform, region, and sample_players are not stated by the source and are left empty."
deadpool-duelist-s9-5-eternity,deadpool-duelist,Deadpool (Duelist),seasonalRank,9.5,competitive,eternity,,,pickRate,0.0238,ratio,265,,rivalstracker,primary,https://rivalstracker.com/heroes/deadpool-duelist,2026-08-25T14:02:59.000Z,2026-08-25T18:57:56.232Z,C,45,55,"Filters: Season 9.5, Competitive, Eternity. Percentages are displayed by RivalsTracker to two decimal places and converted to ratios without further precision. sample_matches repeats the source Matches field for each metric row. hero_rank is the displayed table order (win rate descending); tier_label is source-provided. Platform, region, and sample_players are not stated by the source and are left empty."
deadpool-duelist-s9-5-eternity,deadpool-duelist,Deadpool (Duelist),seasonalRank,9.5,competitive,eternity,,,banRate,0.0196,ratio,265,,rivalstracker,primary,https://rivalstracker.com/heroes/deadpool-duelist,2026-08-25T14:02:59.000Z,2026-08-25T18:57:56.232Z,C,45,55,"Filters: Season 9.5, Competitive, Eternity. Percentages are displayed by RivalsTracker to two decimal places and converted to ratios without further precision. sample_matches repeats the source Matches field for each metric row. hero_rank is the displayed table order (win rate descending); tier_label is source-provided. Platform, region, and sample_players are not stated by the source and are left empty."
mister-fantastic-s9-5-eternity,mister-fantastic,Mister Fantastic,seasonalRank,9.5,competitive,eternity,,,winRate,0.4016,ratio,122,,rivalstracker,primary,https://rivalstracker.com/heroes/mister-fantastic,2026-08-25T14:02:59.000Z,2026-08-25T18:57:56.232Z,D,46,55,"Filters: Season 9.5, Competitive, Eternity. Percentages are displayed by RivalsTracker to two decimal places and converted to ratios without further precision. sample_matches repeats the source Matches field for each metric row. hero_rank is the displayed table order (win rate descending); tier_label is source-provided. Platform, region, and sample_players are not stated by the source and are left empty."
mister-fantastic-s9-5-eternity,mister-fantastic,Mister Fantastic,seasonalRank,9.5,competitive,eternity,,,pickRate,0.0109,ratio,122,,rivalstracker,primary,https://rivalstracker.com/heroes/mister-fantastic,2026-08-25T14:02:59.000Z,2026-08-25T18:57:56.232Z,D,46,55,"Filters: Season 9.5, Competitive, Eternity. Percentages are displayed by RivalsTracker to two decimal places and converted to ratios without further precision. sample_matches repeats the source Matches field for each metric row. hero_rank is the displayed table order (win rate descending); tier_label is source-provided. Platform, region, and sample_players are not stated by the source and are left empty."
mister-fantastic-s9-5-eternity,mister-fantastic,Mister Fantastic,seasonalRank,9.5,competitive,eternity,,,banRate,0.0017,ratio,122,,rivalstracker,primary,https://rivalstracker.com/heroes/mister-fantastic,2026-08-25T14:02:59.000Z,2026-08-25T18:57:56.232Z,D,46,55,"Filters: Season 9.5, Competitive, Eternity. Percentages are displayed by RivalsTracker to two decimal places and converted to ratios without further precision. sample_matches repeats the source Matches field for each metric row. hero_rank is the displayed table order (win rate descending); tier_label is source-provided. Platform, region, and sample_players are not stated by the source and are left empty."
cyclops-s9-5-eternity,cyclops,Cyclops,seasonalRank,9.5,competitive,eternity,,,winRate,0.3927,ratio,615,,rivalstracker,primary,https://rivalstracker.com/heroes/cyclops,2026-08-25T14:02:59.000Z,2026-08-25T18:57:56.232Z,D,47,55,"Filters: Season 9.5, Competitive, Eternity. Percentages are displayed by RivalsTracker to two decimal places and converted to ratios without further precision. sample_matches repeats the source Matches field for each metric row. hero_rank is the displayed table order (win rate descending); tier_label is source-provided. Platform, region, and sample_players are not stated by the source and are left empty."
cyclops-s9-5-eternity,cyclops,Cyclops,seasonalRank,9.5,competitive,eternity,,,pickRate,0.0551,ratio,615,,rivalstracker,primary,https://rivalstracker.com/heroes/cyclops,2026-08-25T14:02:59.000Z,2026-08-25T18:57:56.232Z,D,47,55,"Filters: Season 9.5, Competitive, Eternity. Percentages are displayed by RivalsTracker to two decimal places and converted to ratios without further precision. sample_matches repeats the source Matches field for each metric row. hero_rank is the displayed table order (win rate descending); tier_label is source-provided. Platform, region, and sample_players are not stated by the source and are left empty."
cyclops-s9-5-eternity,cyclops,Cyclops,seasonalRank,9.5,competitive,eternity,,,banRate,0.0022,ratio,615,,rivalstracker,primary,https://rivalstracker.com/heroes/cyclops,2026-08-25T14:02:59.000Z,2026-08-25T18:57:56.232Z,D,47,55,"Filters: Season 9.5, Competitive, Eternity. Percentages are displayed by RivalsTracker to two decimal places and converted to ratios without further precision. sample_matches repeats the source Matches field for each metric row. hero_rank is the displayed table order (win rate descending); tier_label is source-provided. Platform, region, and sample_players are not stated by the source and are left empty."
white-fox-s9-5-eternity,white-fox,White Fox,seasonalRank,9.5,competitive,eternity,,,winRate,0.3898,ratio,288,,rivalstracker,primary,https://rivalstracker.com/heroes/white-fox,2026-08-25T14:02:59.000Z,2026-08-25T18:57:56.232Z,D,48,55,"Filters: Season 9.5, Competitive, Eternity. Percentages are displayed by RivalsTracker to two decimal places and converted to ratios without further precision. sample_matches repeats the source Matches field for each metric row. hero_rank is the displayed table order (win rate descending); tier_label is source-provided. Platform, region, and sample_players are not stated by the source and are left empty."
white-fox-s9-5-eternity,white-fox,White Fox,seasonalRank,9.5,competitive,eternity,,,pickRate,0.0258,ratio,288,,rivalstracker,primary,https://rivalstracker.com/heroes/white-fox,2026-08-25T14:02:59.000Z,2026-08-25T18:57:56.232Z,D,48,55,"Filters: Season 9.5, Competitive, Eternity. Percentages are displayed by RivalsTracker to two decimal places and converted to ratios without further precision. sample_matches repeats the source Matches field for each metric row. hero_rank is the displayed table order (win rate descending); tier_label is source-provided. Platform, region, and sample_players are not stated by the source and are left empty."
white-fox-s9-5-eternity,white-fox,White Fox,seasonalRank,9.5,competitive,eternity,,,banRate,0.0000,ratio,288,,rivalstracker,primary,https://rivalstracker.com/heroes/white-fox,2026-08-25T14:02:59.000Z,2026-08-25T18:57:56.232Z,D,48,55,"Filters: Season 9.5, Competitive, Eternity. Percentages are displayed by RivalsTracker to two decimal places and converted to ratios without further precision. sample_matches repeats the source Matches field for each metric row. hero_rank is the displayed table order (win rate descending); tier_label is source-provided. Platform, region, and sample_players are not stated by the source and are left empty."
namor-s9-5-eternity,namor,Namor,seasonalRank,9.5,competitive,eternity,,,winRate,0.3826,ratio,491,,rivalstracker,primary,https://rivalstracker.com/heroes/namor,2026-08-25T14:02:59.000Z,2026-08-25T18:57:56.232Z,D,49,55,"Filters: Season 9.5, Competitive, Eternity. Percentages are displayed by RivalsTracker to two decimal places and converted to ratios without further precision. sample_matches repeats the source Matches field for each metric row. hero_rank is the displayed table order (win rate descending); tier_label is source-provided. Platform, region, and sample_players are not stated by the source and are left empty."
namor-s9-5-eternity,namor,Namor,seasonalRank,9.5,competitive,eternity,,,pickRate,0.0440,ratio,491,,rivalstracker,primary,https://rivalstracker.com/heroes/namor,2026-08-25T14:02:59.000Z,2026-08-25T18:57:56.232Z,D,49,55,"Filters: Season 9.5, Competitive, Eternity. Percentages are displayed by RivalsTracker to two decimal places and converted to ratios without further precision. sample_matches repeats the source Matches field for each metric row. hero_rank is the displayed table order (win rate descending); tier_label is source-provided. Platform, region, and sample_players are not stated by the source and are left empty."
namor-s9-5-eternity,namor,Namor,seasonalRank,9.5,competitive,eternity,,,banRate,0.0108,ratio,491,,rivalstracker,primary,https://rivalstracker.com/heroes/namor,2026-08-25T14:02:59.000Z,2026-08-25T18:57:56.232Z,D,49,55,"Filters: Season 9.5, Competitive, Eternity. Percentages are displayed by RivalsTracker to two decimal places and converted to ratios without further precision. sample_matches repeats the source Matches field for each metric row. hero_rank is the displayed table order (win rate descending); tier_label is source-provided. Platform, region, and sample_players are not stated by the source and are left empty."
jeff-the-land-shark-s9-5-eternity,jeff-the-land-shark,Jeff The Land Shark,seasonalRank,9.5,competitive,eternity,,,winRate,0.3667,ratio,292,,rivalstracker,primary,https://rivalstracker.com/heroes/jeff-the-land-shark,2026-08-25T14:02:59.000Z,2026-08-25T18:57:56.232Z,D,50,55,"Filters: Season 9.5, Competitive, Eternity. Percentages are displayed by RivalsTracker to two decimal places and converted to ratios without further precision. sample_matches repeats the source Matches field for each metric row. hero_rank is the displayed table order (win rate descending); tier_label is source-provided. Platform, region, and sample_players are not stated by the source and are left empty."
jeff-the-land-shark-s9-5-eternity,jeff-the-land-shark,Jeff The Land Shark,seasonalRank,9.5,competitive,eternity,,,pickRate,0.0262,ratio,292,,rivalstracker,primary,https://rivalstracker.com/heroes/jeff-the-land-shark,2026-08-25T14:02:59.000Z,2026-08-25T18:57:56.232Z,D,50,55,"Filters: Season 9.5, Competitive, Eternity. Percentages are displayed by RivalsTracker to two decimal places and converted to ratios without further precision. sample_matches repeats the source Matches field for each metric row. hero_rank is the displayed table order (win rate descending); tier_label is source-provided. Platform, region, and sample_players are not stated by the source and are left empty."
jeff-the-land-shark-s9-5-eternity,jeff-the-land-shark,Jeff The Land Shark,seasonalRank,9.5,competitive,eternity,,,banRate,0.0034,ratio,292,,rivalstracker,primary,https://rivalstracker.com/heroes/jeff-the-land-shark,2026-08-25T14:02:59.000Z,2026-08-25T18:57:56.232Z,D,50,55,"Filters: Season 9.5, Competitive, Eternity. Percentages are displayed by RivalsTracker to two decimal places and converted to ratios without further precision. sample_matches repeats the source Matches field for each metric row. hero_rank is the displayed table order (win rate descending); tier_label is source-provided. Platform, region, and sample_players are not stated by the source and are left empty."
hawkeye-s9-5-eternity,hawkeye,Hawkeye,seasonalRank,9.5,competitive,eternity,,,winRate,0.3625,ratio,84,,rivalstracker,primary,https://rivalstracker.com/heroes/hawkeye,2026-08-25T14:02:59.000Z,2026-08-25T18:57:56.232Z,Unrated,51,55,"Filters: Season 9.5, Competitive, Eternity. Percentages are displayed by RivalsTracker to two decimal places and converted to ratios without further precision. sample_matches repeats the source Matches field for each metric row. hero_rank is the displayed table order (win rate descending); tier_label is source-provided. Platform, region, and sample_players are not stated by the source and are left empty."
hawkeye-s9-5-eternity,hawkeye,Hawkeye,seasonalRank,9.5,competitive,eternity,,,pickRate,0.0075,ratio,84,,rivalstracker,primary,https://rivalstracker.com/heroes/hawkeye,2026-08-25T14:02:59.000Z,2026-08-25T18:57:56.232Z,Unrated,51,55,"Filters: Season 9.5, Competitive, Eternity. Percentages are displayed by RivalsTracker to two decimal places and converted to ratios without further precision. sample_matches repeats the source Matches field for each metric row. hero_rank is the displayed table order (win rate descending); tier_label is source-provided. Platform, region, and sample_players are not stated by the source and are left empty."
hawkeye-s9-5-eternity,hawkeye,Hawkeye,seasonalRank,9.5,competitive,eternity,,,banRate,0.0006,ratio,84,,rivalstracker,primary,https://rivalstracker.com/heroes/hawkeye,2026-08-25T14:02:59.000Z,2026-08-25T18:57:56.232Z,Unrated,51,55,"Filters: Season 9.5, Competitive, Eternity. Percentages are displayed by RivalsTracker to two decimal places and converted to ratios without further precision. sample_matches repeats the source Matches field for each metric row. hero_rank is the displayed table order (win rate descending); tier_label is source-provided. Platform, region, and sample_players are not stated by the source and are left empty."
iron-man-s9-5-eternity,iron-man,Iron Man,seasonalRank,9.5,competitive,eternity,,,winRate,0.3596,ratio,99,,rivalstracker,primary,https://rivalstracker.com/heroes/iron-man,2026-08-25T14:02:59.000Z,2026-08-25T18:57:56.232Z,Unrated,52,55,"Filters: Season 9.5, Competitive, Eternity. Percentages are displayed by RivalsTracker to two decimal places and converted to ratios without further precision. sample_matches repeats the source Matches field for each metric row. hero_rank is the displayed table order (win rate descending); tier_label is source-provided. Platform, region, and sample_players are not stated by the source and are left empty."
iron-man-s9-5-eternity,iron-man,Iron Man,seasonalRank,9.5,competitive,eternity,,,pickRate,0.0089,ratio,99,,rivalstracker,primary,https://rivalstracker.com/heroes/iron-man,2026-08-25T14:02:59.000Z,2026-08-25T18:57:56.232Z,Unrated,52,55,"Filters: Season 9.5, Competitive, Eternity. Percentages are displayed by RivalsTracker to two decimal places and converted to ratios without further precision. sample_matches repeats the source Matches field for each metric row. hero_rank is the displayed table order (win rate descending); tier_label is source-provided. Platform, region, and sample_players are not stated by the source and are left empty."
iron-man-s9-5-eternity,iron-man,Iron Man,seasonalRank,9.5,competitive,eternity,,,banRate,0.0005,ratio,99,,rivalstracker,primary,https://rivalstracker.com/heroes/iron-man,2026-08-25T14:02:59.000Z,2026-08-25T18:57:56.232Z,Unrated,52,55,"Filters: Season 9.5, Competitive, Eternity. Percentages are displayed by RivalsTracker to two decimal places and converted to ratios without further precision. sample_matches repeats the source Matches field for each metric row. hero_rank is the displayed table order (win rate descending); tier_label is source-provided. Platform, region, and sample_players are not stated by the source and are left empty."
deadpool-strategist-s9-5-eternity,deadpool-strategist,Deadpool (Strategist),seasonalRank,9.5,competitive,eternity,,,winRate,0.3452,ratio,172,,rivalstracker,primary,https://rivalstracker.com/heroes/deadpool-strategist,2026-08-25T14:02:59.000Z,2026-08-25T18:57:56.232Z,D,53,55,"Filters: Season 9.5, Competitive, Eternity. Percentages are displayed by RivalsTracker to two decimal places and converted to ratios without further precision. sample_matches repeats the source Matches field for each metric row. hero_rank is the displayed table order (win rate descending); tier_label is source-provided. Platform, region, and sample_players are not stated by the source and are left empty."
deadpool-strategist-s9-5-eternity,deadpool-strategist,Deadpool (Strategist),seasonalRank,9.5,competitive,eternity,,,pickRate,0.0154,ratio,172,,rivalstracker,primary,https://rivalstracker.com/heroes/deadpool-strategist,2026-08-25T14:02:59.000Z,2026-08-25T18:57:56.232Z,D,53,55,"Filters: Season 9.5, Competitive, Eternity. Percentages are displayed by RivalsTracker to two decimal places and converted to ratios without further precision. sample_matches repeats the source Matches field for each metric row. hero_rank is the displayed table order (win rate descending); tier_label is source-provided. Platform, region, and sample_players are not stated by the source and are left empty."
deadpool-strategist-s9-5-eternity,deadpool-strategist,Deadpool (Strategist),seasonalRank,9.5,competitive,eternity,,,banRate,0.0004,ratio,172,,rivalstracker,primary,https://rivalstracker.com/heroes/deadpool-strategist,2026-08-25T14:02:59.000Z,2026-08-25T18:57:56.232Z,D,53,55,"Filters: Season 9.5, Competitive, Eternity. Percentages are displayed by RivalsTracker to two decimal places and converted to ratios without further precision. sample_matches repeats the source Matches field for each metric row. hero_rank is the displayed table order (win rate descending); tier_label is source-provided. Platform, region, and sample_players are not stated by the source and are left empty."
scarlet-witch-s9-5-eternity,scarlet-witch,Scarlet Witch,seasonalRank,9.5,competitive,eternity,,,winRate,0.3404,ratio,47,,rivalstracker,primary,https://rivalstracker.com/heroes/scarlet-witch,2026-08-25T14:02:59.000Z,2026-08-25T18:57:56.232Z,Unrated,54,55,"Filters: Season 9.5, Competitive, Eternity. Percentages are displayed by RivalsTracker to two decimal places and converted to ratios without further precision. sample_matches repeats the source Matches field for each metric row. hero_rank is the displayed table order (win rate descending); tier_label is source-provided. Platform, region, and sample_players are not stated by the source and are left empty."
scarlet-witch-s9-5-eternity,scarlet-witch,Scarlet Witch,seasonalRank,9.5,competitive,eternity,,,pickRate,0.0042,ratio,47,,rivalstracker,primary,https://rivalstracker.com/heroes/scarlet-witch,2026-08-25T14:02:59.000Z,2026-08-25T18:57:56.232Z,Unrated,54,55,"Filters: Season 9.5, Competitive, Eternity. Percentages are displayed by RivalsTracker to two decimal places and converted to ratios without further precision. sample_matches repeats the source Matches field for each metric row. hero_rank is the displayed table order (win rate descending); tier_label is source-provided. Platform, region, and sample_players are not stated by the source and are left empty."
scarlet-witch-s9-5-eternity,scarlet-witch,Scarlet Witch,seasonalRank,9.5,competitive,eternity,,,banRate,0.0004,ratio,47,,rivalstracker,primary,https://rivalstracker.com/heroes/scarlet-witch,2026-08-25T14:02:59.000Z,2026-08-25T18:57:56.232Z,Unrated,54,55,"Filters: Season 9.5, Competitive, Eternity. Percentages are displayed by RivalsTracker to two decimal places and converted to ratios without further precision. sample_matches repeats the source Matches field for each metric row. hero_rank is the displayed table order (win rate descending); tier_label is source-provided. Platform, region, and sample_players are not stated by the source and are left empty."
squirrel-girl-s9-5-eternity,squirrel-girl,Squirrel Girl,seasonalRank,9.5,competitive,eternity,,,winRate,0.1429,ratio,44,,rivalstracker,primary,https://rivalstracker.com/heroes/squirrel-girl,2026-08-25T14:02:59.000Z,2026-08-25T18:57:56.232Z,Unrated,55,55,"Filters: Season 9.5, Competitive, Eternity. Percentages are displayed by RivalsTracker to two decimal places and converted to ratios without further precision. sample_matches repeats the source Matches field for each metric row. hero_rank is the displayed table order (win rate descending); tier_label is source-provided. Platform, region, and sample_players are not stated by the source and are left empty."
squirrel-girl-s9-5-eternity,squirrel-girl,Squirrel Girl,seasonalRank,9.5,competitive,eternity,,,pickRate,0.0039,ratio,44,,rivalstracker,primary,https://rivalstracker.com/heroes/squirrel-girl,2026-08-25T14:02:59.000Z,2026-08-25T18:57:56.232Z,Unrated,55,55,"Filters: Season 9.5, Competitive, Eternity. Percentages are displayed by RivalsTracker to two decimal places and converted to ratios without further precision. sample_matches repeats the source Matches field for each metric row. hero_rank is the displayed table order (win rate descending); tier_label is source-provided. Platform, region, and sample_players are not stated by the source and are left empty."
squirrel-girl-s9-5-eternity,squirrel-girl,Squirrel Girl,seasonalRank,9.5,competitive,eternity,,,banRate,0.0004,ratio,44,,rivalstracker,primary,https://rivalstracker.com/heroes/squirrel-girl,2026-08-25T14:02:59.000Z,2026-08-25T18:57:56.232Z,Unrated,55,55,"Filters: Season 9.5, Competitive, Eternity. Percentages are displayed by RivalsTracker to two decimal places and converted to ratios without further precision. sample_matches repeats the source Matches field for each metric row. hero_rank is the displayed table order (win rate descending); tier_label is source-provided. Platform, region, and sample_players are not stated by the source and are left empty."
