benchmark_group_id,hero_id,hero_name,context_type,season,game_mode,rank_tier,platform,region,metric_name,average,unit,sample_matches,sample_players,source_id,source_role,source_url,source_updated_at,collected_at,tier_label,hero_rank,hero_pool_size,methodology_notes
mantis-s9-5-bronze,mantis,Mantis,seasonalRank,9.5,competitive,bronze,,,winRate,0.5854,ratio,124138,,rivalstracker,primary,https://rivalstracker.com/heroes/mantis,2026-08-25T14:02:59.000Z,2026-08-25T18:18:25.445Z,S,1,55,"Filters: Season 9.5, Competitive, Bronze. Percentages are displayed by RivalsTracker to two decimal places and converted to ratios without further precision. sample_matches repeats the source Matches field for each metric row. hero_rank is the displayed table order (win rate descending); tier_label is source-provided. Platform, region, and sample_players are not stated by the source and are left empty. RivalsTracker does not publish Ban Rate for this rank; the banRate average is left empty, not zero."
mantis-s9-5-bronze,mantis,Mantis,seasonalRank,9.5,competitive,bronze,,,pickRate,0.1400,ratio,124138,,rivalstracker,primary,https://rivalstracker.com/heroes/mantis,2026-08-25T14:02:59.000Z,2026-08-25T18:18:25.445Z,S,1,55,"Filters: Season 9.5, Competitive, Bronze. Percentages are displayed by RivalsTracker to two decimal places and converted to ratios without further precision. sample_matches repeats the source Matches field for each metric row. hero_rank is the displayed table order (win rate descending); tier_label is source-provided. Platform, region, and sample_players are not stated by the source and are left empty. RivalsTracker does not publish Ban Rate for this rank; the banRate average is left empty, not zero."
mantis-s9-5-bronze,mantis,Mantis,seasonalRank,9.5,competitive,bronze,,,banRate,,ratio,124138,,rivalstracker,primary,https://rivalstracker.com/heroes/mantis,2026-08-25T14:02:59.000Z,2026-08-25T18:18:25.445Z,S,1,55,"Filters: Season 9.5, Competitive, Bronze. Percentages are displayed by RivalsTracker to two decimal places and converted to ratios without further precision. sample_matches repeats the source Matches field for each metric row. hero_rank is the displayed table order (win rate descending); tier_label is source-provided. Platform, region, and sample_players are not stated by the source and are left empty. RivalsTracker does not publish Ban Rate for this rank; the banRate average is left empty, not zero."
ultron-s9-5-bronze,ultron,Ultron,seasonalRank,9.5,competitive,bronze,,,winRate,0.5550,ratio,66423,,rivalstracker,primary,https://rivalstracker.com/heroes/ultron,2026-08-25T14:02:59.000Z,2026-08-25T18:18:25.445Z,S,2,55,"Filters: Season 9.5, Competitive, Bronze. Percentages are displayed by RivalsTracker to two decimal places and converted to ratios without further precision. sample_matches repeats the source Matches field for each metric row. hero_rank is the displayed table order (win rate descending); tier_label is source-provided. Platform, region, and sample_players are not stated by the source and are left empty. RivalsTracker does not publish Ban Rate for this rank; the banRate average is left empty, not zero."
ultron-s9-5-bronze,ultron,Ultron,seasonalRank,9.5,competitive,bronze,,,pickRate,0.0749,ratio,66423,,rivalstracker,primary,https://rivalstracker.com/heroes/ultron,2026-08-25T14:02:59.000Z,2026-08-25T18:18:25.445Z,S,2,55,"Filters: Season 9.5, Competitive, Bronze. Percentages are displayed by RivalsTracker to two decimal places and converted to ratios without further precision. sample_matches repeats the source Matches field for each metric row. hero_rank is the displayed table order (win rate descending); tier_label is source-provided. Platform, region, and sample_players are not stated by the source and are left empty. RivalsTracker does not publish Ban Rate for this rank; the banRate average is left empty, not zero."
ultron-s9-5-bronze,ultron,Ultron,seasonalRank,9.5,competitive,bronze,,,banRate,,ratio,66423,,rivalstracker,primary,https://rivalstracker.com/heroes/ultron,2026-08-25T14:02:59.000Z,2026-08-25T18:18:25.445Z,S,2,55,"Filters: Season 9.5, Competitive, Bronze. Percentages are displayed by RivalsTracker to two decimal places and converted to ratios without further precision. sample_matches repeats the source Matches field for each metric row. hero_rank is the displayed table order (win rate descending); tier_label is source-provided. Platform, region, and sample_players are not stated by the source and are left empty. RivalsTracker does not publish Ban Rate for this rank; the banRate average is left empty, not zero."
storm-s9-5-bronze,storm,Storm,seasonalRank,9.5,competitive,bronze,,,winRate,0.5487,ratio,43455,,rivalstracker,primary,https://rivalstracker.com/heroes/storm,2026-08-25T14:02:59.000Z,2026-08-25T18:18:25.445Z,A,3,55,"Filters: Season 9.5, Competitive, Bronze. Percentages are displayed by RivalsTracker to two decimal places and converted to ratios without further precision. sample_matches repeats the source Matches field for each metric row. hero_rank is the displayed table order (win rate descending); tier_label is source-provided. Platform, region, and sample_players are not stated by the source and are left empty. RivalsTracker does not publish Ban Rate for this rank; the banRate average is left empty, not zero."
storm-s9-5-bronze,storm,Storm,seasonalRank,9.5,competitive,bronze,,,pickRate,0.0490,ratio,43455,,rivalstracker,primary,https://rivalstracker.com/heroes/storm,2026-08-25T14:02:59.000Z,2026-08-25T18:18:25.445Z,A,3,55,"Filters: Season 9.5, Competitive, Bronze. Percentages are displayed by RivalsTracker to two decimal places and converted to ratios without further precision. sample_matches repeats the source Matches field for each metric row. hero_rank is the displayed table order (win rate descending); tier_label is source-provided. Platform, region, and sample_players are not stated by the source and are left empty. RivalsTracker does not publish Ban Rate for this rank; the banRate average is left empty, not zero."
storm-s9-5-bronze,storm,Storm,seasonalRank,9.5,competitive,bronze,,,banRate,,ratio,43455,,rivalstracker,primary,https://rivalstracker.com/heroes/storm,2026-08-25T14:02:59.000Z,2026-08-25T18:18:25.445Z,A,3,55,"Filters: Season 9.5, Competitive, Bronze. Percentages are displayed by RivalsTracker to two decimal places and converted to ratios without further precision. sample_matches repeats the source Matches field for each metric row. hero_rank is the displayed table order (win rate descending); tier_label is source-provided. Platform, region, and sample_players are not stated by the source and are left empty. RivalsTracker does not publish Ban Rate for this rank; the banRate average is left empty, not zero."
peni-parker-s9-5-bronze,peni-parker,Peni Parker,seasonalRank,9.5,competitive,bronze,,,winRate,0.5485,ratio,39719,,rivalstracker,primary,https://rivalstracker.com/heroes/peni-parker,2026-08-25T14:02:59.000Z,2026-08-25T18:18:25.445Z,A,4,55,"Filters: Season 9.5, Competitive, Bronze. Percentages are displayed by RivalsTracker to two decimal places and converted to ratios without further precision. sample_matches repeats the source Matches field for each metric row. hero_rank is the displayed table order (win rate descending); tier_label is source-provided. Platform, region, and sample_players are not stated by the source and are left empty. RivalsTracker does not publish Ban Rate for this rank; the banRate average is left empty, not zero."
peni-parker-s9-5-bronze,peni-parker,Peni Parker,seasonalRank,9.5,competitive,bronze,,,pickRate,0.0448,ratio,39719,,rivalstracker,primary,https://rivalstracker.com/heroes/peni-parker,2026-08-25T14:02:59.000Z,2026-08-25T18:18:25.445Z,A,4,55,"Filters: Season 9.5, Competitive, Bronze. Percentages are displayed by RivalsTracker to two decimal places and converted to ratios without further precision. sample_matches repeats the source Matches field for each metric row. hero_rank is the displayed table order (win rate descending); tier_label is source-provided. Platform, region, and sample_players are not stated by the source and are left empty. RivalsTracker does not publish Ban Rate for this rank; the banRate average is left empty, not zero."
peni-parker-s9-5-bronze,peni-parker,Peni Parker,seasonalRank,9.5,competitive,bronze,,,banRate,,ratio,39719,,rivalstracker,primary,https://rivalstracker.com/heroes/peni-parker,2026-08-25T14:02:59.000Z,2026-08-25T18:18:25.445Z,A,4,55,"Filters: Season 9.5, Competitive, Bronze. Percentages are displayed by RivalsTracker to two decimal places and converted to ratios without further precision. sample_matches repeats the source Matches field for each metric row. hero_rank is the displayed table order (win rate descending); tier_label is source-provided. Platform, region, and sample_players are not stated by the source and are left empty. RivalsTracker does not publish Ban Rate for this rank; the banRate average is left empty, not zero."
magik-s9-5-bronze,magik,Magik,seasonalRank,9.5,competitive,bronze,,,winRate,0.5382,ratio,134533,,rivalstracker,primary,https://rivalstracker.com/heroes/magik,2026-08-25T14:02:59.000Z,2026-08-25T18:18:25.445Z,S,5,55,"Filters: Season 9.5, Competitive, Bronze. Percentages are displayed by RivalsTracker to two decimal places and converted to ratios without further precision. sample_matches repeats the source Matches field for each metric row. hero_rank is the displayed table order (win rate descending); tier_label is source-provided. Platform, region, and sample_players are not stated by the source and are left empty. RivalsTracker does not publish Ban Rate for this rank; the banRate average is left empty, not zero."
magik-s9-5-bronze,magik,Magik,seasonalRank,9.5,competitive,bronze,,,pickRate,0.1517,ratio,134533,,rivalstracker,primary,https://rivalstracker.com/heroes/magik,2026-08-25T14:02:59.000Z,2026-08-25T18:18:25.445Z,S,5,55,"Filters: Season 9.5, Competitive, Bronze. Percentages are displayed by RivalsTracker to two decimal places and converted to ratios without further precision. sample_matches repeats the source Matches field for each metric row. hero_rank is the displayed table order (win rate descending); tier_label is source-provided. Platform, region, and sample_players are not stated by the source and are left empty. RivalsTracker does not publish Ban Rate for this rank; the banRate average is left empty, not zero."
magik-s9-5-bronze,magik,Magik,seasonalRank,9.5,competitive,bronze,,,banRate,,ratio,134533,,rivalstracker,primary,https://rivalstracker.com/heroes/magik,2026-08-25T14:02:59.000Z,2026-08-25T18:18:25.445Z,S,5,55,"Filters: Season 9.5, Competitive, Bronze. Percentages are displayed by RivalsTracker to two decimal places and converted to ratios without further precision. sample_matches repeats the source Matches field for each metric row. hero_rank is the displayed table order (win rate descending); tier_label is source-provided. Platform, region, and sample_players are not stated by the source and are left empty. RivalsTracker does not publish Ban Rate for this rank; the banRate average is left empty, not zero."
the-hood-s9-5-bronze,the-hood,The Hood,seasonalRank,9.5,competitive,bronze,,,winRate,0.5308,ratio,343809,,rivalstracker,primary,https://rivalstracker.com/heroes/the-hood,2026-08-25T14:02:59.000Z,2026-08-25T18:18:25.445Z,S,6,55,"Filters: Season 9.5, Competitive, Bronze. Percentages are displayed by RivalsTracker to two decimal places and converted to ratios without further precision. sample_matches repeats the source Matches field for each metric row. hero_rank is the displayed table order (win rate descending); tier_label is source-provided. Platform, region, and sample_players are not stated by the source and are left empty. RivalsTracker does not publish Ban Rate for this rank; the banRate average is left empty, not zero."
the-hood-s9-5-bronze,the-hood,The Hood,seasonalRank,9.5,competitive,bronze,,,pickRate,0.3878,ratio,343809,,rivalstracker,primary,https://rivalstracker.com/heroes/the-hood,2026-08-25T14:02:59.000Z,2026-08-25T18:18:25.445Z,S,6,55,"Filters: Season 9.5, Competitive, Bronze. Percentages are displayed by RivalsTracker to two decimal places and converted to ratios without further precision. sample_matches repeats the source Matches field for each metric row. hero_rank is the displayed table order (win rate descending); tier_label is source-provided. Platform, region, and sample_players are not stated by the source and are left empty. RivalsTracker does not publish Ban Rate for this rank; the banRate average is left empty, not zero."
the-hood-s9-5-bronze,the-hood,The Hood,seasonalRank,9.5,competitive,bronze,,,banRate,,ratio,343809,,rivalstracker,primary,https://rivalstracker.com/heroes/the-hood,2026-08-25T14:02:59.000Z,2026-08-25T18:18:25.445Z,S,6,55,"Filters: Season 9.5, Competitive, Bronze. Percentages are displayed by RivalsTracker to two decimal places and converted to ratios without further precision. sample_matches repeats the source Matches field for each metric row. hero_rank is the displayed table order (win rate descending); tier_label is source-provided. Platform, region, and sample_players are not stated by the source and are left empty. RivalsTracker does not publish Ban Rate for this rank; the banRate average is left empty, not zero."
rocket-raccoon-s9-5-bronze,rocket-raccoon,Rocket Raccoon,seasonalRank,9.5,competitive,bronze,,,winRate,0.5252,ratio,98039,,rivalstracker,primary,https://rivalstracker.com/heroes/rocket-raccoon,2026-08-25T14:02:59.000Z,2026-08-25T18:18:25.445Z,S,7,55,"Filters: Season 9.5, Competitive, Bronze. Percentages are displayed by RivalsTracker to two decimal places and converted to ratios without further precision. sample_matches repeats the source Matches field for each metric row. hero_rank is the displayed table order (win rate descending); tier_label is source-provided. Platform, region, and sample_players are not stated by the source and are left empty. RivalsTracker does not publish Ban Rate for this rank; the banRate average is left empty, not zero."
rocket-raccoon-s9-5-bronze,rocket-raccoon,Rocket Raccoon,seasonalRank,9.5,competitive,bronze,,,pickRate,0.1106,ratio,98039,,rivalstracker,primary,https://rivalstracker.com/heroes/rocket-raccoon,2026-08-25T14:02:59.000Z,2026-08-25T18:18:25.445Z,S,7,55,"Filters: Season 9.5, Competitive, Bronze. Percentages are displayed by RivalsTracker to two decimal places and converted to ratios without further precision. sample_matches repeats the source Matches field for each metric row. hero_rank is the displayed table order (win rate descending); tier_label is source-provided. Platform, region, and sample_players are not stated by the source and are left empty. RivalsTracker does not publish Ban Rate for this rank; the banRate average is left empty, not zero."
rocket-raccoon-s9-5-bronze,rocket-raccoon,Rocket Raccoon,seasonalRank,9.5,competitive,bronze,,,banRate,,ratio,98039,,rivalstracker,primary,https://rivalstracker.com/heroes/rocket-raccoon,2026-08-25T14:02:59.000Z,2026-08-25T18:18:25.445Z,S,7,55,"Filters: Season 9.5, Competitive, Bronze. Percentages are displayed by RivalsTracker to two decimal places and converted to ratios without further precision. sample_matches repeats the source Matches field for each metric row. hero_rank is the displayed table order (win rate descending); tier_label is source-provided. Platform, region, and sample_players are not stated by the source and are left empty. RivalsTracker does not publish Ban Rate for this rank; the banRate average is left empty, not zero."
the-thing-s9-5-bronze,the-thing,The Thing,seasonalRank,9.5,competitive,bronze,,,winRate,0.5219,ratio,107347,,rivalstracker,primary,https://rivalstracker.com/heroes/the-thing,2026-08-25T14:02:59.000Z,2026-08-25T18:18:25.445Z,S,8,55,"Filters: Season 9.5, Competitive, Bronze. Percentages are displayed by RivalsTracker to two decimal places and converted to ratios without further precision. sample_matches repeats the source Matches field for each metric row. hero_rank is the displayed table order (win rate descending); tier_label is source-provided. Platform, region, and sample_players are not stated by the source and are left empty. RivalsTracker does not publish Ban Rate for this rank; the banRate average is left empty, not zero."
the-thing-s9-5-bronze,the-thing,The Thing,seasonalRank,9.5,competitive,bronze,,,pickRate,0.1211,ratio,107347,,rivalstracker,primary,https://rivalstracker.com/heroes/the-thing,2026-08-25T14:02:59.000Z,2026-08-25T18:18:25.445Z,S,8,55,"Filters: Season 9.5, Competitive, Bronze. Percentages are displayed by RivalsTracker to two decimal places and converted to ratios without further precision. sample_matches repeats the source Matches field for each metric row. hero_rank is the displayed table order (win rate descending); tier_label is source-provided. Platform, region, and sample_players are not stated by the source and are left empty. RivalsTracker does not publish Ban Rate for this rank; the banRate average is left empty, not zero."
the-thing-s9-5-bronze,the-thing,The Thing,seasonalRank,9.5,competitive,bronze,,,banRate,,ratio,107347,,rivalstracker,primary,https://rivalstracker.com/heroes/the-thing,2026-08-25T14:02:59.000Z,2026-08-25T18:18:25.445Z,S,8,55,"Filters: Season 9.5, Competitive, Bronze. Percentages are displayed by RivalsTracker to two decimal places and converted to ratios without further precision. sample_matches repeats the source Matches field for each metric row. hero_rank is the displayed table order (win rate descending); tier_label is source-provided. Platform, region, and sample_players are not stated by the source and are left empty. RivalsTracker does not publish Ban Rate for this rank; the banRate average is left empty, not zero."
mister-fantastic-s9-5-bronze,mister-fantastic,Mister Fantastic,seasonalRank,9.5,competitive,bronze,,,winRate,0.5209,ratio,36725,,rivalstracker,primary,https://rivalstracker.com/heroes/mister-fantastic,2026-08-25T14:02:59.000Z,2026-08-25T18:18:25.445Z,A,9,55,"Filters: Season 9.5, Competitive, Bronze. Percentages are displayed by RivalsTracker to two decimal places and converted to ratios without further precision. sample_matches repeats the source Matches field for each metric row. hero_rank is the displayed table order (win rate descending); tier_label is source-provided. Platform, region, and sample_players are not stated by the source and are left empty. RivalsTracker does not publish Ban Rate for this rank; the banRate average is left empty, not zero."
mister-fantastic-s9-5-bronze,mister-fantastic,Mister Fantastic,seasonalRank,9.5,competitive,bronze,,,pickRate,0.0414,ratio,36725,,rivalstracker,primary,https://rivalstracker.com/heroes/mister-fantastic,2026-08-25T14:02:59.000Z,2026-08-25T18:18:25.445Z,A,9,55,"Filters: Season 9.5, Competitive, Bronze. Percentages are displayed by RivalsTracker to two decimal places and converted to ratios without further precision. sample_matches repeats the source Matches field for each metric row. hero_rank is the displayed table order (win rate descending); tier_label is source-provided. Platform, region, and sample_players are not stated by the source and are left empty. RivalsTracker does not publish Ban Rate for this rank; the banRate average is left empty, not zero."
mister-fantastic-s9-5-bronze,mister-fantastic,Mister Fantastic,seasonalRank,9.5,competitive,bronze,,,banRate,,ratio,36725,,rivalstracker,primary,https://rivalstracker.com/heroes/mister-fantastic,2026-08-25T14:02:59.000Z,2026-08-25T18:18:25.445Z,A,9,55,"Filters: Season 9.5, Competitive, Bronze. Percentages are displayed by RivalsTracker to two decimal places and converted to ratios without further precision. sample_matches repeats the source Matches field for each metric row. hero_rank is the displayed table order (win rate descending); tier_label is source-provided. Platform, region, and sample_players are not stated by the source and are left empty. RivalsTracker does not publish Ban Rate for this rank; the banRate average is left empty, not zero."
magneto-s9-5-bronze,magneto,Magneto,seasonalRank,9.5,competitive,bronze,,,winRate,0.5108,ratio,202066,,rivalstracker,primary,https://rivalstracker.com/heroes/magneto,2026-08-25T14:02:59.000Z,2026-08-25T18:18:25.445Z,S,10,55,"Filters: Season 9.5, Competitive, Bronze. Percentages are displayed by RivalsTracker to two decimal places and converted to ratios without further precision. sample_matches repeats the source Matches field for each metric row. hero_rank is the displayed table order (win rate descending); tier_label is source-provided. Platform, region, and sample_players are not stated by the source and are left empty. RivalsTracker does not publish Ban Rate for this rank; the banRate average is left empty, not zero."
magneto-s9-5-bronze,magneto,Magneto,seasonalRank,9.5,competitive,bronze,,,pickRate,0.2279,ratio,202066,,rivalstracker,primary,https://rivalstracker.com/heroes/magneto,2026-08-25T14:02:59.000Z,2026-08-25T18:18:25.445Z,S,10,55,"Filters: Season 9.5, Competitive, Bronze. Percentages are displayed by RivalsTracker to two decimal places and converted to ratios without further precision. sample_matches repeats the source Matches field for each metric row. hero_rank is the displayed table order (win rate descending); tier_label is source-provided. Platform, region, and sample_players are not stated by the source and are left empty. RivalsTracker does not publish Ban Rate for this rank; the banRate average is left empty, not zero."
magneto-s9-5-bronze,magneto,Magneto,seasonalRank,9.5,competitive,bronze,,,banRate,,ratio,202066,,rivalstracker,primary,https://rivalstracker.com/heroes/magneto,2026-08-25T14:02:59.000Z,2026-08-25T18:18:25.445Z,S,10,55,"Filters: Season 9.5, Competitive, Bronze. Percentages are displayed by RivalsTracker to two decimal places and converted to ratios without further precision. sample_matches repeats the source Matches field for each metric row. hero_rank is the displayed table order (win rate descending); tier_label is source-provided. Platform, region, and sample_players are not stated by the source and are left empty. RivalsTracker does not publish Ban Rate for this rank; the banRate average is left empty, not zero."
hulk-s9-5-bronze,hulk,Hulk,seasonalRank,9.5,competitive,bronze,,,winRate,0.5063,ratio,69856,,rivalstracker,primary,https://rivalstracker.com/heroes/hulk,2026-08-25T14:02:59.000Z,2026-08-25T18:18:25.445Z,A,11,55,"Filters: Season 9.5, Competitive, Bronze. Percentages are displayed by RivalsTracker to two decimal places and converted to ratios without further precision. sample_matches repeats the source Matches field for each metric row. hero_rank is the displayed table order (win rate descending); tier_label is source-provided. Platform, region, and sample_players are not stated by the source and are left empty. RivalsTracker does not publish Ban Rate for this rank; the banRate average is left empty, not zero."
hulk-s9-5-bronze,hulk,Hulk,seasonalRank,9.5,competitive,bronze,,,pickRate,0.0788,ratio,69856,,rivalstracker,primary,https://rivalstracker.com/heroes/hulk,2026-08-25T14:02:59.000Z,2026-08-25T18:18:25.445Z,A,11,55,"Filters: Season 9.5, Competitive, Bronze. Percentages are displayed by RivalsTracker to two decimal places and converted to ratios without further precision. sample_matches repeats the source Matches field for each metric row. hero_rank is the displayed table order (win rate descending); tier_label is source-provided. Platform, region, and sample_players are not stated by the source and are left empty. RivalsTracker does not publish Ban Rate for this rank; the banRate average is left empty, not zero."
hulk-s9-5-bronze,hulk,Hulk,seasonalRank,9.5,competitive,bronze,,,banRate,,ratio,69856,,rivalstracker,primary,https://rivalstracker.com/heroes/hulk,2026-08-25T14:02:59.000Z,2026-08-25T18:18:25.445Z,A,11,55,"Filters: Season 9.5, Competitive, Bronze. Percentages are displayed by RivalsTracker to two decimal places and converted to ratios without further precision. sample_matches repeats the source Matches field for each metric row. hero_rank is the displayed table order (win rate descending); tier_label is source-provided. Platform, region, and sample_players are not stated by the source and are left empty. RivalsTracker does not publish Ban Rate for this rank; the banRate average is left empty, not zero."
adam-warlock-s9-5-bronze,adam-warlock,Adam Warlock,seasonalRank,9.5,competitive,bronze,,,winRate,0.5034,ratio,52401,,rivalstracker,primary,https://rivalstracker.com/heroes/adam-warlock,2026-08-25T14:02:59.000Z,2026-08-25T18:18:25.445Z,A,12,55,"Filters: Season 9.5, Competitive, Bronze. Percentages are displayed by RivalsTracker to two decimal places and converted to ratios without further precision. sample_matches repeats the source Matches field for each metric row. hero_rank is the displayed table order (win rate descending); tier_label is source-provided. Platform, region, and sample_players are not stated by the source and are left empty. RivalsTracker does not publish Ban Rate for this rank; the banRate average is left empty, not zero."
adam-warlock-s9-5-bronze,adam-warlock,Adam Warlock,seasonalRank,9.5,competitive,bronze,,,pickRate,0.0591,ratio,52401,,rivalstracker,primary,https://rivalstracker.com/heroes/adam-warlock,2026-08-25T14:02:59.000Z,2026-08-25T18:18:25.445Z,A,12,55,"Filters: Season 9.5, Competitive, Bronze. Percentages are displayed by RivalsTracker to two decimal places and converted to ratios without further precision. sample_matches repeats the source Matches field for each metric row. hero_rank is the displayed table order (win rate descending); tier_label is source-provided. Platform, region, and sample_players are not stated by the source and are left empty. RivalsTracker does not publish Ban Rate for this rank; the banRate average is left empty, not zero."
adam-warlock-s9-5-bronze,adam-warlock,Adam Warlock,seasonalRank,9.5,competitive,bronze,,,banRate,,ratio,52401,,rivalstracker,primary,https://rivalstracker.com/heroes/adam-warlock,2026-08-25T14:02:59.000Z,2026-08-25T18:18:25.445Z,A,12,55,"Filters: Season 9.5, Competitive, Bronze. Percentages are displayed by RivalsTracker to two decimal places and converted to ratios without further precision. sample_matches repeats the source Matches field for each metric row. hero_rank is the displayed table order (win rate descending); tier_label is source-provided. Platform, region, and sample_players are not stated by the source and are left empty. RivalsTracker does not publish Ban Rate for this rank; the banRate average is left empty, not zero."
blade-s9-5-bronze,blade,Blade,seasonalRank,9.5,competitive,bronze,,,winRate,0.5018,ratio,49808,,rivalstracker,primary,https://rivalstracker.com/heroes/blade,2026-08-25T14:02:59.000Z,2026-08-25T18:18:25.445Z,A,13,55,"Filters: Season 9.5, Competitive, Bronze. Percentages are displayed by RivalsTracker to two decimal places and converted to ratios without further precision. sample_matches repeats the source Matches field for each metric row. hero_rank is the displayed table order (win rate descending); tier_label is source-provided. Platform, region, and sample_players are not stated by the source and are left empty. RivalsTracker does not publish Ban Rate for this rank; the banRate average is left empty, not zero."
blade-s9-5-bronze,blade,Blade,seasonalRank,9.5,competitive,bronze,,,pickRate,0.0562,ratio,49808,,rivalstracker,primary,https://rivalstracker.com/heroes/blade,2026-08-25T14:02:59.000Z,2026-08-25T18:18:25.445Z,A,13,55,"Filters: Season 9.5, Competitive, Bronze. Percentages are displayed by RivalsTracker to two decimal places and converted to ratios without further precision. sample_matches repeats the source Matches field for each metric row. hero_rank is the displayed table order (win rate descending); tier_label is source-provided. Platform, region, and sample_players are not stated by the source and are left empty. RivalsTracker does not publish Ban Rate for this rank; the banRate average is left empty, not zero."
blade-s9-5-bronze,blade,Blade,seasonalRank,9.5,competitive,bronze,,,banRate,,ratio,49808,,rivalstracker,primary,https://rivalstracker.com/heroes/blade,2026-08-25T14:02:59.000Z,2026-08-25T18:18:25.445Z,A,13,55,"Filters: Season 9.5, Competitive, Bronze. Percentages are displayed by RivalsTracker to two decimal places and converted to ratios without further precision. sample_matches repeats the source Matches field for each metric row. hero_rank is the displayed table order (win rate descending); tier_label is source-provided. Platform, region, and sample_players are not stated by the source and are left empty. RivalsTracker does not publish Ban Rate for this rank; the banRate average is left empty, not zero."
thor-s9-5-bronze,thor,Thor,seasonalRank,9.5,competitive,bronze,,,winRate,0.5015,ratio,56932,,rivalstracker,primary,https://rivalstracker.com/heroes/thor,2026-08-25T14:02:59.000Z,2026-08-25T18:18:25.445Z,A,14,55,"Filters: Season 9.5, Competitive, Bronze. Percentages are displayed by RivalsTracker to two decimal places and converted to ratios without further precision. sample_matches repeats the source Matches field for each metric row. hero_rank is the displayed table order (win rate descending); tier_label is source-provided. Platform, region, and sample_players are not stated by the source and are left empty. RivalsTracker does not publish Ban Rate for this rank; the banRate average is left empty, not zero."
thor-s9-5-bronze,thor,Thor,seasonalRank,9.5,competitive,bronze,,,pickRate,0.0642,ratio,56932,,rivalstracker,primary,https://rivalstracker.com/heroes/thor,2026-08-25T14:02:59.000Z,2026-08-25T18:18:25.445Z,A,14,55,"Filters: Season 9.5, Competitive, Bronze. Percentages are displayed by RivalsTracker to two decimal places and converted to ratios without further precision. sample_matches repeats the source Matches field for each metric row. hero_rank is the displayed table order (win rate descending); tier_label is source-provided. Platform, region, and sample_players are not stated by the source and are left empty. RivalsTracker does not publish Ban Rate for this rank; the banRate average is left empty, not zero."
thor-s9-5-bronze,thor,Thor,seasonalRank,9.5,competitive,bronze,,,banRate,,ratio,56932,,rivalstracker,primary,https://rivalstracker.com/heroes/thor,2026-08-25T14:02:59.000Z,2026-08-25T18:18:25.445Z,A,14,55,"Filters: Season 9.5, Competitive, Bronze. Percentages are displayed by RivalsTracker to two decimal places and converted to ratios without further precision. sample_matches repeats the source Matches field for each metric row. hero_rank is the displayed table order (win rate descending); tier_label is source-provided. Platform, region, and sample_players are not stated by the source and are left empty. RivalsTracker does not publish Ban Rate for this rank; the banRate average is left empty, not zero."
jubilee-s9-5-bronze,jubilee,Jubilee,seasonalRank,9.5,competitive,bronze,,,winRate,0.5014,ratio,298775,,rivalstracker,primary,https://rivalstracker.com/heroes/jubilee,2026-08-25T14:02:59.000Z,2026-08-25T18:18:25.445Z,A,15,55,"Filters: Season 9.5, Competitive, Bronze. Percentages are displayed by RivalsTracker to two decimal places and converted to ratios without further precision. sample_matches repeats the source Matches field for each metric row. hero_rank is the displayed table order (win rate descending); tier_label is source-provided. Platform, region, and sample_players are not stated by the source and are left empty. RivalsTracker does not publish Ban Rate for this rank; the banRate average is left empty, not zero."
jubilee-s9-5-bronze,jubilee,Jubilee,seasonalRank,9.5,competitive,bronze,,,pickRate,0.3370,ratio,298775,,rivalstracker,primary,https://rivalstracker.com/heroes/jubilee,2026-08-25T14:02:59.000Z,2026-08-25T18:18:25.445Z,A,15,55,"Filters: Season 9.5, Competitive, Bronze. Percentages are displayed by RivalsTracker to two decimal places and converted to ratios without further precision. sample_matches repeats the source Matches field for each metric row. hero_rank is the displayed table order (win rate descending); tier_label is source-provided. Platform, region, and sample_players are not stated by the source and are left empty. RivalsTracker does not publish Ban Rate for this rank; the banRate average is left empty, not zero."
jubilee-s9-5-bronze,jubilee,Jubilee,seasonalRank,9.5,competitive,bronze,,,banRate,,ratio,298775,,rivalstracker,primary,https://rivalstracker.com/heroes/jubilee,2026-08-25T14:02:59.000Z,2026-08-25T18:18:25.445Z,A,15,55,"Filters: Season 9.5, Competitive, Bronze. Percentages are displayed by RivalsTracker to two decimal places and converted to ratios without further precision. sample_matches repeats the source Matches field for each metric row. hero_rank is the displayed table order (win rate descending); tier_label is source-provided. Platform, region, and sample_players are not stated by the source and are left empty. RivalsTracker does not publish Ban Rate for this rank; the banRate average is left empty, not zero."
daredevil-s9-5-bronze,daredevil,Daredevil,seasonalRank,9.5,competitive,bronze,,,winRate,0.5007,ratio,75096,,rivalstracker,primary,https://rivalstracker.com/heroes/daredevil,2026-08-25T14:02:59.000Z,2026-08-25T18:18:25.445Z,A,16,55,"Filters: Season 9.5, Competitive, Bronze. Percentages are displayed by RivalsTracker to two decimal places and converted to ratios without further precision. sample_matches repeats the source Matches field for each metric row. hero_rank is the displayed table order (win rate descending); tier_label is source-provided. Platform, region, and sample_players are not stated by the source and are left empty. RivalsTracker does not publish Ban Rate for this rank; the banRate average is left empty, not zero."
daredevil-s9-5-bronze,daredevil,Daredevil,seasonalRank,9.5,competitive,bronze,,,pickRate,0.0847,ratio,75096,,rivalstracker,primary,https://rivalstracker.com/heroes/daredevil,2026-08-25T14:02:59.000Z,2026-08-25T18:18:25.445Z,A,16,55,"Filters: Season 9.5, Competitive, Bronze. Percentages are displayed by RivalsTracker to two decimal places and converted to ratios without further precision. sample_matches repeats the source Matches field for each metric row. hero_rank is the displayed table order (win rate descending); tier_label is source-provided. Platform, region, and sample_players are not stated by the source and are left empty. RivalsTracker does not publish Ban Rate for this rank; the banRate average is left empty, not zero."
daredevil-s9-5-bronze,daredevil,Daredevil,seasonalRank,9.5,competitive,bronze,,,banRate,,ratio,75096,,rivalstracker,primary,https://rivalstracker.com/heroes/daredevil,2026-08-25T14:02:59.000Z,2026-08-25T18:18:25.445Z,A,16,55,"Filters: Season 9.5, Competitive, Bronze. Percentages are displayed by RivalsTracker to two decimal places and converted to ratios without further precision. sample_matches repeats the source Matches field for each metric row. hero_rank is the displayed table order (win rate descending); tier_label is source-provided. Platform, region, and sample_players are not stated by the source and are left empty. RivalsTracker does not publish Ban Rate for this rank; the banRate average is left empty, not zero."
angela-s9-5-bronze,angela,Angela,seasonalRank,9.5,competitive,bronze,,,winRate,0.4969,ratio,46694,,rivalstracker,primary,https://rivalstracker.com/heroes/angela,2026-08-25T14:02:59.000Z,2026-08-25T18:18:25.445Z,B,17,55,"Filters: Season 9.5, Competitive, Bronze. Percentages are displayed by RivalsTracker to two decimal places and converted to ratios without further precision. sample_matches repeats the source Matches field for each metric row. hero_rank is the displayed table order (win rate descending); tier_label is source-provided. Platform, region, and sample_players are not stated by the source and are left empty. RivalsTracker does not publish Ban Rate for this rank; the banRate average is left empty, not zero."
angela-s9-5-bronze,angela,Angela,seasonalRank,9.5,competitive,bronze,,,pickRate,0.0527,ratio,46694,,rivalstracker,primary,https://rivalstracker.com/heroes/angela,2026-08-25T14:02:59.000Z,2026-08-25T18:18:25.445Z,B,17,55,"Filters: Season 9.5, Competitive, Bronze. Percentages are displayed by RivalsTracker to two decimal places and converted to ratios without further precision. sample_matches repeats the source Matches field for each metric row. hero_rank is the displayed table order (win rate descending); tier_label is source-provided. Platform, region, and sample_players are not stated by the source and are left empty. RivalsTracker does not publish Ban Rate for this rank; the banRate average is left empty, not zero."
angela-s9-5-bronze,angela,Angela,seasonalRank,9.5,competitive,bronze,,,banRate,,ratio,46694,,rivalstracker,primary,https://rivalstracker.com/heroes/angela,2026-08-25T14:02:59.000Z,2026-08-25T18:18:25.445Z,B,17,55,"Filters: Season 9.5, Competitive, Bronze. Percentages are displayed by RivalsTracker to two decimal places and converted to ratios without further precision. sample_matches repeats the source Matches field for each metric row. hero_rank is the displayed table order (win rate descending); tier_label is source-provided. Platform, region, and sample_players are not stated by the source and are left empty. RivalsTracker does not publish Ban Rate for this rank; the banRate average is left empty, not zero."
iron-fist-s9-5-bronze,iron-fist,Iron Fist,seasonalRank,9.5,competitive,bronze,,,winRate,0.4959,ratio,74508,,rivalstracker,primary,https://rivalstracker.com/heroes/iron-fist,2026-08-25T14:02:59.000Z,2026-08-25T18:18:25.445Z,A,18,55,"Filters: Season 9.5, Competitive, Bronze. Percentages are displayed by RivalsTracker to two decimal places and converted to ratios without further precision. sample_matches repeats the source Matches field for each metric row. hero_rank is the displayed table order (win rate descending); tier_label is source-provided. Platform, region, and sample_players are not stated by the source and are left empty. RivalsTracker does not publish Ban Rate for this rank; the banRate average is left empty, not zero."
iron-fist-s9-5-bronze,iron-fist,Iron Fist,seasonalRank,9.5,competitive,bronze,,,pickRate,0.0840,ratio,74508,,rivalstracker,primary,https://rivalstracker.com/heroes/iron-fist,2026-08-25T14:02:59.000Z,2026-08-25T18:18:25.445Z,A,18,55,"Filters: Season 9.5, Competitive, Bronze. Percentages are displayed by RivalsTracker to two decimal places and converted to ratios without further precision. sample_matches repeats the source Matches field for each metric row. hero_rank is the displayed table order (win rate descending); tier_label is source-provided. Platform, region, and sample_players are not stated by the source and are left empty. RivalsTracker does not publish Ban Rate for this rank; the banRate average is left empty, not zero."
iron-fist-s9-5-bronze,iron-fist,Iron Fist,seasonalRank,9.5,competitive,bronze,,,banRate,,ratio,74508,,rivalstracker,primary,https://rivalstracker.com/heroes/iron-fist,2026-08-25T14:02:59.000Z,2026-08-25T18:18:25.445Z,A,18,55,"Filters: Season 9.5, Competitive, Bronze. Percentages are displayed by RivalsTracker to two decimal places and converted to ratios without further precision. sample_matches repeats the source Matches field for each metric row. hero_rank is the displayed table order (win rate descending); tier_label is source-provided. Platform, region, and sample_players are not stated by the source and are left empty. RivalsTracker does not publish Ban Rate for this rank; the banRate average is left empty, not zero."
loki-s9-5-bronze,loki,Loki,seasonalRank,9.5,competitive,bronze,,,winRate,0.4953,ratio,59543,,rivalstracker,primary,https://rivalstracker.com/heroes/loki,2026-08-25T14:02:59.000Z,2026-08-25T18:18:25.445Z,B,19,55,"Filters: Season 9.5, Competitive, Bronze. Percentages are displayed by RivalsTracker to two decimal places and converted to ratios without further precision. sample_matches repeats the source Matches field for each metric row. hero_rank is the displayed table order (win rate descending); tier_label is source-provided. Platform, region, and sample_players are not stated by the source and are left empty. RivalsTracker does not publish Ban Rate for this rank; the banRate average is left empty, not zero."
loki-s9-5-bronze,loki,Loki,seasonalRank,9.5,competitive,bronze,,,pickRate,0.0672,ratio,59543,,rivalstracker,primary,https://rivalstracker.com/heroes/loki,2026-08-25T14:02:59.000Z,2026-08-25T18:18:25.445Z,B,19,55,"Filters: Season 9.5, Competitive, Bronze. Percentages are displayed by RivalsTracker to two decimal places and converted to ratios without further precision. sample_matches repeats the source Matches field for each metric row. hero_rank is the displayed table order (win rate descending); tier_label is source-provided. Platform, region, and sample_players are not stated by the source and are left empty. RivalsTracker does not publish Ban Rate for this rank; the banRate average is left empty, not zero."
loki-s9-5-bronze,loki,Loki,seasonalRank,9.5,competitive,bronze,,,banRate,,ratio,59543,,rivalstracker,primary,https://rivalstracker.com/heroes/loki,2026-08-25T14:02:59.000Z,2026-08-25T18:18:25.445Z,B,19,55,"Filters: Season 9.5, Competitive, Bronze. Percentages are displayed by RivalsTracker to two decimal places and converted to ratios without further precision. sample_matches repeats the source Matches field for each metric row. hero_rank is the displayed table order (win rate descending); tier_label is source-provided. Platform, region, and sample_players are not stated by the source and are left empty. RivalsTracker does not publish Ban Rate for this rank; the banRate average is left empty, not zero."
hela-s9-5-bronze,hela,Hela,seasonalRank,9.5,competitive,bronze,,,winRate,0.4923,ratio,87890,,rivalstracker,primary,https://rivalstracker.com/heroes/hela,2026-08-25T14:02:59.000Z,2026-08-25T18:18:25.445Z,A,20,55,"Filters: Season 9.5, Competitive, Bronze. Percentages are displayed by RivalsTracker to two decimal places and converted to ratios without further precision. sample_matches repeats the source Matches field for each metric row. hero_rank is the displayed table order (win rate descending); tier_label is source-provided. Platform, region, and sample_players are not stated by the source and are left empty. RivalsTracker does not publish Ban Rate for this rank; the banRate average is left empty, not zero."
hela-s9-5-bronze,hela,Hela,seasonalRank,9.5,competitive,bronze,,,pickRate,0.0991,ratio,87890,,rivalstracker,primary,https://rivalstracker.com/heroes/hela,2026-08-25T14:02:59.000Z,2026-08-25T18:18:25.445Z,A,20,55,"Filters: Season 9.5, Competitive, Bronze. Percentages are displayed by RivalsTracker to two decimal places and converted to ratios without further precision. sample_matches repeats the source Matches field for each metric row. hero_rank is the displayed table order (win rate descending); tier_label is source-provided. Platform, region, and sample_players are not stated by the source and are left empty. RivalsTracker does not publish Ban Rate for this rank; the banRate average is left empty, not zero."
hela-s9-5-bronze,hela,Hela,seasonalRank,9.5,competitive,bronze,,,banRate,,ratio,87890,,rivalstracker,primary,https://rivalstracker.com/heroes/hela,2026-08-25T14:02:59.000Z,2026-08-25T18:18:25.445Z,A,20,55,"Filters: Season 9.5, Competitive, Bronze. Percentages are displayed by RivalsTracker to two decimal places and converted to ratios without further precision. sample_matches repeats the source Matches field for each metric row. hero_rank is the displayed table order (win rate descending); tier_label is source-provided. Platform, region, and sample_players are not stated by the source and are left empty. RivalsTracker does not publish Ban Rate for this rank; the banRate average is left empty, not zero."
rogue-s9-5-bronze,rogue,Rogue,seasonalRank,9.5,competitive,bronze,,,winRate,0.4890,ratio,77713,,rivalstracker,primary,https://rivalstracker.com/heroes/rogue,2026-08-25T14:02:59.000Z,2026-08-25T18:18:25.445Z,B,21,55,"Filters: Season 9.5, Competitive, Bronze. Percentages are displayed by RivalsTracker to two decimal places and converted to ratios without further precision. sample_matches repeats the source Matches field for each metric row. hero_rank is the displayed table order (win rate descending); tier_label is source-provided. Platform, region, and sample_players are not stated by the source and are left empty. RivalsTracker does not publish Ban Rate for this rank; the banRate average is left empty, not zero."
rogue-s9-5-bronze,rogue,Rogue,seasonalRank,9.5,competitive,bronze,,,pickRate,0.0877,ratio,77713,,rivalstracker,primary,https://rivalstracker.com/heroes/rogue,2026-08-25T14:02:59.000Z,2026-08-25T18:18:25.445Z,B,21,55,"Filters: Season 9.5, Competitive, Bronze. Percentages are displayed by RivalsTracker to two decimal places and converted to ratios without further precision. sample_matches repeats the source Matches field for each metric row. hero_rank is the displayed table order (win rate descending); tier_label is source-provided. Platform, region, and sample_players are not stated by the source and are left empty. RivalsTracker does not publish Ban Rate for this rank; the banRate average is left empty, not zero."
rogue-s9-5-bronze,rogue,Rogue,seasonalRank,9.5,competitive,bronze,,,banRate,,ratio,77713,,rivalstracker,primary,https://rivalstracker.com/heroes/rogue,2026-08-25T14:02:59.000Z,2026-08-25T18:18:25.445Z,B,21,55,"Filters: Season 9.5, Competitive, Bronze. Percentages are displayed by RivalsTracker to two decimal places and converted to ratios without further precision. sample_matches repeats the source Matches field for each metric row. hero_rank is the displayed table order (win rate descending); tier_label is source-provided. Platform, region, and sample_players are not stated by the source and are left empty. RivalsTracker does not publish Ban Rate for this rank; the banRate average is left empty, not zero."
cloak-and-dagger-s9-5-bronze,cloak-and-dagger,Cloak & Dagger,seasonalRank,9.5,competitive,bronze,,,winRate,0.4858,ratio,222457,,rivalstracker,primary,https://rivalstracker.com/heroes/cloak-&-dagger,2026-08-25T14:02:59.000Z,2026-08-25T18:18:25.445Z,A,22,55,"Filters: Season 9.5, Competitive, Bronze. Percentages are displayed by RivalsTracker to two decimal places and converted to ratios without further precision. sample_matches repeats the source Matches field for each metric row. hero_rank is the displayed table order (win rate descending); tier_label is source-provided. Platform, region, and sample_players are not stated by the source and are left empty. RivalsTracker does not publish Ban Rate for this rank; the banRate average is left empty, not zero."
cloak-and-dagger-s9-5-bronze,cloak-and-dagger,Cloak & Dagger,seasonalRank,9.5,competitive,bronze,,,pickRate,0.2509,ratio,222457,,rivalstracker,primary,https://rivalstracker.com/heroes/cloak-&-dagger,2026-08-25T14:02:59.000Z,2026-08-25T18:18:25.445Z,A,22,55,"Filters: Season 9.5, Competitive, Bronze. Percentages are displayed by RivalsTracker to two decimal places and converted to ratios without further precision. sample_matches repeats the source Matches field for each metric row. hero_rank is the displayed table order (win rate descending); tier_label is source-provided. Platform, region, and sample_players are not stated by the source and are left empty. RivalsTracker does not publish Ban Rate for this rank; the banRate average is left empty, not zero."
cloak-and-dagger-s9-5-bronze,cloak-and-dagger,Cloak & Dagger,seasonalRank,9.5,competitive,bronze,,,banRate,,ratio,222457,,rivalstracker,primary,https://rivalstracker.com/heroes/cloak-&-dagger,2026-08-25T14:02:59.000Z,2026-08-25T18:18:25.445Z,A,22,55,"Filters: Season 9.5, Competitive, Bronze. Percentages are displayed by RivalsTracker to two decimal places and converted to ratios without further precision. sample_matches repeats the source Matches field for each metric row. hero_rank is the displayed table order (win rate descending); tier_label is source-provided. Platform, region, and sample_players are not stated by the source and are left empty. RivalsTracker does not publish Ban Rate for this rank; the banRate average is left empty, not zero."
iron-man-s9-5-bronze,iron-man,Iron Man,seasonalRank,9.5,competitive,bronze,,,winRate,0.4857,ratio,50066,,rivalstracker,primary,https://rivalstracker.com/heroes/iron-man,2026-08-25T14:02:59.000Z,2026-08-25T18:18:25.445Z,B,23,55,"Filters: Season 9.5, Competitive, Bronze. Percentages are displayed by RivalsTracker to two decimal places and converted to ratios without further precision. sample_matches repeats the source Matches field for each metric row. hero_rank is the displayed table order (win rate descending); tier_label is source-provided. Platform, region, and sample_players are not stated by the source and are left empty. RivalsTracker does not publish Ban Rate for this rank; the banRate average is left empty, not zero."
iron-man-s9-5-bronze,iron-man,Iron Man,seasonalRank,9.5,competitive,bronze,,,pickRate,0.0565,ratio,50066,,rivalstracker,primary,https://rivalstracker.com/heroes/iron-man,2026-08-25T14:02:59.000Z,2026-08-25T18:18:25.445Z,B,23,55,"Filters: Season 9.5, Competitive, Bronze. Percentages are displayed by RivalsTracker to two decimal places and converted to ratios without further precision. sample_matches repeats the source Matches field for each metric row. hero_rank is the displayed table order (win rate descending); tier_label is source-provided. Platform, region, and sample_players are not stated by the source and are left empty. RivalsTracker does not publish Ban Rate for this rank; the banRate average is left empty, not zero."
iron-man-s9-5-bronze,iron-man,Iron Man,seasonalRank,9.5,competitive,bronze,,,banRate,,ratio,50066,,rivalstracker,primary,https://rivalstracker.com/heroes/iron-man,2026-08-25T14:02:59.000Z,2026-08-25T18:18:25.445Z,B,23,55,"Filters: Season 9.5, Competitive, Bronze. Percentages are displayed by RivalsTracker to two decimal places and converted to ratios without further precision. sample_matches repeats the source Matches field for each metric row. hero_rank is the displayed table order (win rate descending); tier_label is source-provided. Platform, region, and sample_players are not stated by the source and are left empty. RivalsTracker does not publish Ban Rate for this rank; the banRate average is left empty, not zero."
winter-soldier-s9-5-bronze,winter-soldier,Winter Soldier,seasonalRank,9.5,competitive,bronze,,,winRate,0.4848,ratio,141080,,rivalstracker,primary,https://rivalstracker.com/heroes/winter-soldier,2026-08-25T14:02:59.000Z,2026-08-25T18:18:25.445Z,A,24,55,"Filters: Season 9.5, Competitive, Bronze. Percentages are displayed by RivalsTracker to two decimal places and converted to ratios without further precision. sample_matches repeats the source Matches field for each metric row. hero_rank is the displayed table order (win rate descending); tier_label is source-provided. Platform, region, and sample_players are not stated by the source and are left empty. RivalsTracker does not publish Ban Rate for this rank; the banRate average is left empty, not zero."
winter-soldier-s9-5-bronze,winter-soldier,Winter Soldier,seasonalRank,9.5,competitive,bronze,,,pickRate,0.1591,ratio,141080,,rivalstracker,primary,https://rivalstracker.com/heroes/winter-soldier,2026-08-25T14:02:59.000Z,2026-08-25T18:18:25.445Z,A,24,55,"Filters: Season 9.5, Competitive, Bronze. Percentages are displayed by RivalsTracker to two decimal places and converted to ratios without further precision. sample_matches repeats the source Matches field for each metric row. hero_rank is the displayed table order (win rate descending); tier_label is source-provided. Platform, region, and sample_players are not stated by the source and are left empty. RivalsTracker does not publish Ban Rate for this rank; the banRate average is left empty, not zero."
winter-soldier-s9-5-bronze,winter-soldier,Winter Soldier,seasonalRank,9.5,competitive,bronze,,,banRate,,ratio,141080,,rivalstracker,primary,https://rivalstracker.com/heroes/winter-soldier,2026-08-25T14:02:59.000Z,2026-08-25T18:18:25.445Z,A,24,55,"Filters: Season 9.5, Competitive, Bronze. Percentages are displayed by RivalsTracker to two decimal places and converted to ratios without further precision. sample_matches repeats the source Matches field for each metric row. hero_rank is the displayed table order (win rate descending); tier_label is source-provided. Platform, region, and sample_players are not stated by the source and are left empty. RivalsTracker does not publish Ban Rate for this rank; the banRate average is left empty, not zero."
human-torch-s9-5-bronze,human-torch,Human Torch,seasonalRank,9.5,competitive,bronze,,,winRate,0.4836,ratio,37048,,rivalstracker,primary,https://rivalstracker.com/heroes/human-torch,2026-08-25T14:02:59.000Z,2026-08-25T18:18:25.445Z,B,25,55,"Filters: Season 9.5, Competitive, Bronze. Percentages are displayed by RivalsTracker to two decimal places and converted to ratios without further precision. sample_matches repeats the source Matches field for each metric row. hero_rank is the displayed table order (win rate descending); tier_label is source-provided. Platform, region, and sample_players are not stated by the source and are left empty. RivalsTracker does not publish Ban Rate for this rank; the banRate average is left empty, not zero."
human-torch-s9-5-bronze,human-torch,Human Torch,seasonalRank,9.5,competitive,bronze,,,pickRate,0.0418,ratio,37048,,rivalstracker,primary,https://rivalstracker.com/heroes/human-torch,2026-08-25T14:02:59.000Z,2026-08-25T18:18:25.445Z,B,25,55,"Filters: Season 9.5, Competitive, Bronze. Percentages are displayed by RivalsTracker to two decimal places and converted to ratios without further precision. sample_matches repeats the source Matches field for each metric row. hero_rank is the displayed table order (win rate descending); tier_label is source-provided. Platform, region, and sample_players are not stated by the source and are left empty. RivalsTracker does not publish Ban Rate for this rank; the banRate average is left empty, not zero."
human-torch-s9-5-bronze,human-torch,Human Torch,seasonalRank,9.5,competitive,bronze,,,banRate,,ratio,37048,,rivalstracker,primary,https://rivalstracker.com/heroes/human-torch,2026-08-25T14:02:59.000Z,2026-08-25T18:18:25.445Z,B,25,55,"Filters: Season 9.5, Competitive, Bronze. Percentages are displayed by RivalsTracker to two decimal places and converted to ratios without further precision. sample_matches repeats the source Matches field for each metric row. hero_rank is the displayed table order (win rate descending); tier_label is source-provided. Platform, region, and sample_players are not stated by the source and are left empty. RivalsTracker does not publish Ban Rate for this rank; the banRate average is left empty, not zero."
groot-s9-5-bronze,groot,Groot,seasonalRank,9.5,competitive,bronze,,,winRate,0.4826,ratio,36288,,rivalstracker,primary,https://rivalstracker.com/heroes/groot,2026-08-25T14:02:59.000Z,2026-08-25T18:18:25.445Z,B,26,55,"Filters: Season 9.5, Competitive, Bronze. Percentages are displayed by RivalsTracker to two decimal places and converted to ratios without further precision. sample_matches repeats the source Matches field for each metric row. hero_rank is the displayed table order (win rate descending); tier_label is source-provided. Platform, region, and sample_players are not stated by the source and are left empty. RivalsTracker does not publish Ban Rate for this rank; the banRate average is left empty, not zero."
groot-s9-5-bronze,groot,Groot,seasonalRank,9.5,competitive,bronze,,,pickRate,0.0409,ratio,36288,,rivalstracker,primary,https://rivalstracker.com/heroes/groot,2026-08-25T14:02:59.000Z,2026-08-25T18:18:25.445Z,B,26,55,"Filters: Season 9.5, Competitive, Bronze. Percentages are displayed by RivalsTracker to two decimal places and converted to ratios without further precision. sample_matches repeats the source Matches field for each metric row. hero_rank is the displayed table order (win rate descending); tier_label is source-provided. Platform, region, and sample_players are not stated by the source and are left empty. RivalsTracker does not publish Ban Rate for this rank; the banRate average is left empty, not zero."
groot-s9-5-bronze,groot,Groot,seasonalRank,9.5,competitive,bronze,,,banRate,,ratio,36288,,rivalstracker,primary,https://rivalstracker.com/heroes/groot,2026-08-25T14:02:59.000Z,2026-08-25T18:18:25.445Z,B,26,55,"Filters: Season 9.5, Competitive, Bronze. Percentages are displayed by RivalsTracker to two decimal places and converted to ratios without further precision. sample_matches repeats the source Matches field for each metric row. hero_rank is the displayed table order (win rate descending); tier_label is source-provided. Platform, region, and sample_players are not stated by the source and are left empty. RivalsTracker does not publish Ban Rate for this rank; the banRate average is left empty, not zero."
white-fox-s9-5-bronze,white-fox,White Fox,seasonalRank,9.5,competitive,bronze,,,winRate,0.4826,ratio,165052,,rivalstracker,primary,https://rivalstracker.com/heroes/white-fox,2026-08-25T14:02:59.000Z,2026-08-25T18:18:25.445Z,B,27,55,"Filters: Season 9.5, Competitive, Bronze. Percentages are displayed by RivalsTracker to two decimal places and converted to ratios without further precision. sample_matches repeats the source Matches field for each metric row. hero_rank is the displayed table order (win rate descending); tier_label is source-provided. Platform, region, and sample_players are not stated by the source and are left empty. RivalsTracker does not publish Ban Rate for this rank; the banRate average is left empty, not zero."
white-fox-s9-5-bronze,white-fox,White Fox,seasonalRank,9.5,competitive,bronze,,,pickRate,0.1862,ratio,165052,,rivalstracker,primary,https://rivalstracker.com/heroes/white-fox,2026-08-25T14:02:59.000Z,2026-08-25T18:18:25.445Z,B,27,55,"Filters: Season 9.5, Competitive, Bronze. Percentages are displayed by RivalsTracker to two decimal places and converted to ratios without further precision. sample_matches repeats the source Matches field for each metric row. hero_rank is the displayed table order (win rate descending); tier_label is source-provided. Platform, region, and sample_players are not stated by the source and are left empty. RivalsTracker does not publish Ban Rate for this rank; the banRate average is left empty, not zero."
white-fox-s9-5-bronze,white-fox,White Fox,seasonalRank,9.5,competitive,bronze,,,banRate,,ratio,165052,,rivalstracker,primary,https://rivalstracker.com/heroes/white-fox,2026-08-25T14:02:59.000Z,2026-08-25T18:18:25.445Z,B,27,55,"Filters: Season 9.5, Competitive, Bronze. Percentages are displayed by RivalsTracker to two decimal places and converted to ratios without further precision. sample_matches repeats the source Matches field for each metric row. hero_rank is the displayed table order (win rate descending); tier_label is source-provided. Platform, region, and sample_players are not stated by the source and are left empty. RivalsTracker does not publish Ban Rate for this rank; the banRate average is left empty, not zero."
devil-dinosaur-s9-5-bronze,devil-dinosaur,Devil Dinosaur,seasonalRank,9.5,competitive,bronze,,,winRate,0.4825,ratio,94769,,rivalstracker,primary,https://rivalstracker.com/heroes/devil-dinosaur,2026-08-25T14:02:59.000Z,2026-08-25T18:18:25.445Z,B,28,55,"Filters: Season 9.5, Competitive, Bronze. Percentages are displayed by RivalsTracker to two decimal places and converted to ratios without further precision. sample_matches repeats the source Matches field for each metric row. hero_rank is the displayed table order (win rate descending); tier_label is source-provided. Platform, region, and sample_players are not stated by the source and are left empty. RivalsTracker does not publish Ban Rate for this rank; the banRate average is left empty, not zero."
devil-dinosaur-s9-5-bronze,devil-dinosaur,Devil Dinosaur,seasonalRank,9.5,competitive,bronze,,,pickRate,0.1069,ratio,94769,,rivalstracker,primary,https://rivalstracker.com/heroes/devil-dinosaur,2026-08-25T14:02:59.000Z,2026-08-25T18:18:25.445Z,B,28,55,"Filters: Season 9.5, Competitive, Bronze. Percentages are displayed by RivalsTracker to two decimal places and converted to ratios without further precision. sample_matches repeats the source Matches field for each metric row. hero_rank is the displayed table order (win rate descending); tier_label is source-provided. Platform, region, and sample_players are not stated by the source and are left empty. RivalsTracker does not publish Ban Rate for this rank; the banRate average is left empty, not zero."
devil-dinosaur-s9-5-bronze,devil-dinosaur,Devil Dinosaur,seasonalRank,9.5,competitive,bronze,,,banRate,,ratio,94769,,rivalstracker,primary,https://rivalstracker.com/heroes/devil-dinosaur,2026-08-25T14:02:59.000Z,2026-08-25T18:18:25.445Z,B,28,55,"Filters: Season 9.5, Competitive, Bronze. Percentages are displayed by RivalsTracker to two decimal places and converted to ratios without further precision. sample_matches repeats the source Matches field for each metric row. hero_rank is the displayed table order (win rate descending); tier_label is source-provided. Platform, region, and sample_players are not stated by the source and are left empty. RivalsTracker does not publish Ban Rate for this rank; the banRate average is left empty, not zero."
captain-america-s9-5-bronze,captain-america,Captain America,seasonalRank,9.5,competitive,bronze,,,winRate,0.4809,ratio,34437,,rivalstracker,primary,https://rivalstracker.com/heroes/captain-america,2026-08-25T14:02:59.000Z,2026-08-25T18:18:25.445Z,C,29,55,"Filters: Season 9.5, Competitive, Bronze. Percentages are displayed by RivalsTracker to two decimal places and converted to ratios without further precision. sample_matches repeats the source Matches field for each metric row. hero_rank is the displayed table order (win rate descending); tier_label is source-provided. Platform, region, and sample_players are not stated by the source and are left empty. RivalsTracker does not publish Ban Rate for this rank; the banRate average is left empty, not zero."
captain-america-s9-5-bronze,captain-america,Captain America,seasonalRank,9.5,competitive,bronze,,,pickRate,0.0388,ratio,34437,,rivalstracker,primary,https://rivalstracker.com/heroes/captain-america,2026-08-25T14:02:59.000Z,2026-08-25T18:18:25.445Z,C,29,55,"Filters: Season 9.5, Competitive, Bronze. Percentages are displayed by RivalsTracker to two decimal places and converted to ratios without further precision. sample_matches repeats the source Matches field for each metric row. hero_rank is the displayed table order (win rate descending); tier_label is source-provided. Platform, region, and sample_players are not stated by the source and are left empty. RivalsTracker does not publish Ban Rate for this rank; the banRate average is left empty, not zero."
captain-america-s9-5-bronze,captain-america,Captain America,seasonalRank,9.5,competitive,bronze,,,banRate,,ratio,34437,,rivalstracker,primary,https://rivalstracker.com/heroes/captain-america,2026-08-25T14:02:59.000Z,2026-08-25T18:18:25.445Z,C,29,55,"Filters: Season 9.5, Competitive, Bronze. Percentages are displayed by RivalsTracker to two decimal places and converted to ratios without further precision. sample_matches repeats the source Matches field for each metric row. hero_rank is the displayed table order (win rate descending); tier_label is source-provided. Platform, region, and sample_players are not stated by the source and are left empty. RivalsTracker does not publish Ban Rate for this rank; the banRate average is left empty, not zero."
doctor-strange-s9-5-bronze,doctor-strange,Doctor Strange,seasonalRank,9.5,competitive,bronze,,,winRate,0.4802,ratio,76673,,rivalstracker,primary,https://rivalstracker.com/heroes/doctor-strange,2026-08-25T14:02:59.000Z,2026-08-25T18:18:25.445Z,B,30,55,"Filters: Season 9.5, Competitive, Bronze. Percentages are displayed by RivalsTracker to two decimal places and converted to ratios without further precision. sample_matches repeats the source Matches field for each metric row. hero_rank is the displayed table order (win rate descending); tier_label is source-provided. Platform, region, and sample_players are not stated by the source and are left empty. RivalsTracker does not publish Ban Rate for this rank; the banRate average is left empty, not zero."
doctor-strange-s9-5-bronze,doctor-strange,Doctor Strange,seasonalRank,9.5,competitive,bronze,,,pickRate,0.0865,ratio,76673,,rivalstracker,primary,https://rivalstracker.com/heroes/doctor-strange,2026-08-25T14:02:59.000Z,2026-08-25T18:18:25.445Z,B,30,55,"Filters: Season 9.5, Competitive, Bronze. Percentages are displayed by RivalsTracker to two decimal places and converted to ratios without further precision. sample_matches repeats the source Matches field for each metric row. hero_rank is the displayed table order (win rate descending); tier_label is source-provided. Platform, region, and sample_players are not stated by the source and are left empty. RivalsTracker does not publish Ban Rate for this rank; the banRate average is left empty, not zero."
doctor-strange-s9-5-bronze,doctor-strange,Doctor Strange,seasonalRank,9.5,competitive,bronze,,,banRate,,ratio,76673,,rivalstracker,primary,https://rivalstracker.com/heroes/doctor-strange,2026-08-25T14:02:59.000Z,2026-08-25T18:18:25.445Z,B,30,55,"Filters: Season 9.5, Competitive, Bronze. Percentages are displayed by RivalsTracker to two decimal places and converted to ratios without further precision. sample_matches repeats the source Matches field for each metric row. hero_rank is the displayed table order (win rate descending); tier_label is source-provided. Platform, region, and sample_players are not stated by the source and are left empty. RivalsTracker does not publish Ban Rate for this rank; the banRate average is left empty, not zero."
black-cat-s9-5-bronze,black-cat,Black Cat,seasonalRank,9.5,competitive,bronze,,,winRate,0.4774,ratio,137200,,rivalstracker,primary,https://rivalstracker.com/heroes/black-cat,2026-08-25T14:02:59.000Z,2026-08-25T18:18:25.445Z,B,31,55,"Filters: Season 9.5, Competitive, Bronze. Percentages are displayed by RivalsTracker to two decimal places and converted to ratios without further precision. sample_matches repeats the source Matches field for each metric row. hero_rank is the displayed table order (win rate descending); tier_label is source-provided. Platform, region, and sample_players are not stated by the source and are left empty. RivalsTracker does not publish Ban Rate for this rank; the banRate average is left empty, not zero."
black-cat-s9-5-bronze,black-cat,Black Cat,seasonalRank,9.5,competitive,bronze,,,pickRate,0.1547,ratio,137200,,rivalstracker,primary,https://rivalstracker.com/heroes/black-cat,2026-08-25T14:02:59.000Z,2026-08-25T18:18:25.445Z,B,31,55,"Filters: Season 9.5, Competitive, Bronze. Percentages are displayed by RivalsTracker to two decimal places and converted to ratios without further precision. sample_matches repeats the source Matches field for each metric row. hero_rank is the displayed table order (win rate descending); tier_label is source-provided. Platform, region, and sample_players are not stated by the source and are left empty. RivalsTracker does not publish Ban Rate for this rank; the banRate average is left empty, not zero."
black-cat-s9-5-bronze,black-cat,Black Cat,seasonalRank,9.5,competitive,bronze,,,banRate,,ratio,137200,,rivalstracker,primary,https://rivalstracker.com/heroes/black-cat,2026-08-25T14:02:59.000Z,2026-08-25T18:18:25.445Z,B,31,55,"Filters: Season 9.5, Competitive, Bronze. Percentages are displayed by RivalsTracker to two decimal places and converted to ratios without further precision. sample_matches repeats the source Matches field for each metric row. hero_rank is the displayed table order (win rate descending); tier_label is source-provided. Platform, region, and sample_players are not stated by the source and are left empty. RivalsTracker does not publish Ban Rate for this rank; the banRate average is left empty, not zero."
venom-s9-5-bronze,venom,Venom,seasonalRank,9.5,competitive,bronze,,,winRate,0.4768,ratio,97425,,rivalstracker,primary,https://rivalstracker.com/heroes/venom,2026-08-25T14:02:59.000Z,2026-08-25T18:18:25.445Z,B,32,55,"Filters: Season 9.5, Competitive, Bronze. Percentages are displayed by RivalsTracker to two decimal places and converted to ratios without further precision. sample_matches repeats the source Matches field for each metric row. hero_rank is the displayed table order (win rate descending); tier_label is source-provided. Platform, region, and sample_players are not stated by the source and are left empty. RivalsTracker does not publish Ban Rate for this rank; the banRate average is left empty, not zero."
venom-s9-5-bronze,venom,Venom,seasonalRank,9.5,competitive,bronze,,,pickRate,0.1099,ratio,97425,,rivalstracker,primary,https://rivalstracker.com/heroes/venom,2026-08-25T14:02:59.000Z,2026-08-25T18:18:25.445Z,B,32,55,"Filters: Season 9.5, Competitive, Bronze. Percentages are displayed by RivalsTracker to two decimal places and converted to ratios without further precision. sample_matches repeats the source Matches field for each metric row. hero_rank is the displayed table order (win rate descending); tier_label is source-provided. Platform, region, and sample_players are not stated by the source and are left empty. RivalsTracker does not publish Ban Rate for this rank; the banRate average is left empty, not zero."
venom-s9-5-bronze,venom,Venom,seasonalRank,9.5,competitive,bronze,,,banRate,,ratio,97425,,rivalstracker,primary,https://rivalstracker.com/heroes/venom,2026-08-25T14:02:59.000Z,2026-08-25T18:18:25.445Z,B,32,55,"Filters: Season 9.5, Competitive, Bronze. Percentages are displayed by RivalsTracker to two decimal places and converted to ratios without further precision. sample_matches repeats the source Matches field for each metric row. hero_rank is the displayed table order (win rate descending); tier_label is source-provided. Platform, region, and sample_players are not stated by the source and are left empty. RivalsTracker does not publish Ban Rate for this rank; the banRate average is left empty, not zero."
gambit-s9-5-bronze,gambit,Gambit,seasonalRank,9.5,competitive,bronze,,,winRate,0.4758,ratio,184061,,rivalstracker,primary,https://rivalstracker.com/heroes/gambit,2026-08-25T14:02:59.000Z,2026-08-25T18:18:25.445Z,B,33,55,"Filters: Season 9.5, Competitive, Bronze. Percentages are displayed by RivalsTracker to two decimal places and converted to ratios without further precision. sample_matches repeats the source Matches field for each metric row. hero_rank is the displayed table order (win rate descending); tier_label is source-provided. Platform, region, and sample_players are not stated by the source and are left empty. RivalsTracker does not publish Ban Rate for this rank; the banRate average is left empty, not zero."
gambit-s9-5-bronze,gambit,Gambit,seasonalRank,9.5,competitive,bronze,,,pickRate,0.2076,ratio,184061,,rivalstracker,primary,https://rivalstracker.com/heroes/gambit,2026-08-25T14:02:59.000Z,2026-08-25T18:18:25.445Z,B,33,55,"Filters: Season 9.5, Competitive, Bronze. Percentages are displayed by RivalsTracker to two decimal places and converted to ratios without further precision. sample_matches repeats the source Matches field for each metric row. hero_rank is the displayed table order (win rate descending); tier_label is source-provided. Platform, region, and sample_players are not stated by the source and are left empty. RivalsTracker does not publish Ban Rate for this rank; the banRate average is left empty, not zero."
gambit-s9-5-bronze,gambit,Gambit,seasonalRank,9.5,competitive,bronze,,,banRate,,ratio,184061,,rivalstracker,primary,https://rivalstracker.com/heroes/gambit,2026-08-25T14:02:59.000Z,2026-08-25T18:18:25.445Z,B,33,55,"Filters: Season 9.5, Competitive, Bronze. Percentages are displayed by RivalsTracker to two decimal places and converted to ratios without further precision. sample_matches repeats the source Matches field for each metric row. hero_rank is the displayed table order (win rate descending); tier_label is source-provided. Platform, region, and sample_players are not stated by the source and are left empty. RivalsTracker does not publish Ban Rate for this rank; the banRate average is left empty, not zero."
scarlet-witch-s9-5-bronze,scarlet-witch,Scarlet Witch,seasonalRank,9.5,competitive,bronze,,,winRate,0.4741,ratio,82482,,rivalstracker,primary,https://rivalstracker.com/heroes/scarlet-witch,2026-08-25T14:02:59.000Z,2026-08-25T18:18:25.445Z,B,34,55,"Filters: Season 9.5, Competitive, Bronze. Percentages are displayed by RivalsTracker to two decimal places and converted to ratios without further precision. sample_matches repeats the source Matches field for each metric row. hero_rank is the displayed table order (win rate descending); tier_label is source-provided. Platform, region, and sample_players are not stated by the source and are left empty. RivalsTracker does not publish Ban Rate for this rank; the banRate average is left empty, not zero."
scarlet-witch-s9-5-bronze,scarlet-witch,Scarlet Witch,seasonalRank,9.5,competitive,bronze,,,pickRate,0.0930,ratio,82482,,rivalstracker,primary,https://rivalstracker.com/heroes/scarlet-witch,2026-08-25T14:02:59.000Z,2026-08-25T18:18:25.445Z,B,34,55,"Filters: Season 9.5, Competitive, Bronze. Percentages are displayed by RivalsTracker to two decimal places and converted to ratios without further precision. sample_matches repeats the source Matches field for each metric row. hero_rank is the displayed table order (win rate descending); tier_label is source-provided. Platform, region, and sample_players are not stated by the source and are left empty. RivalsTracker does not publish Ban Rate for this rank; the banRate average is left empty, not zero."
scarlet-witch-s9-5-bronze,scarlet-witch,Scarlet Witch,seasonalRank,9.5,competitive,bronze,,,banRate,,ratio,82482,,rivalstracker,primary,https://rivalstracker.com/heroes/scarlet-witch,2026-08-25T14:02:59.000Z,2026-08-25T18:18:25.445Z,B,34,55,"Filters: Season 9.5, Competitive, Bronze. Percentages are displayed by RivalsTracker to two decimal places and converted to ratios without further precision. sample_matches repeats the source Matches field for each metric row. hero_rank is the displayed table order (win rate descending); tier_label is source-provided. Platform, region, and sample_players are not stated by the source and are left empty. RivalsTracker does not publish Ban Rate for this rank; the banRate average is left empty, not zero."
wolverine-s9-5-bronze,wolverine,Wolverine,seasonalRank,9.5,competitive,bronze,,,winRate,0.4717,ratio,42778,,rivalstracker,primary,https://rivalstracker.com/heroes/wolverine,2026-08-25T14:02:59.000Z,2026-08-25T18:18:25.445Z,C,35,55,"Filters: Season 9.5, Competitive, Bronze. Percentages are displayed by RivalsTracker to two decimal places and converted to ratios without further precision. sample_matches repeats the source Matches field for each metric row. hero_rank is the displayed table order (win rate descending); tier_label is source-provided. Platform, region, and sample_players are not stated by the source and are left empty. RivalsTracker does not publish Ban Rate for this rank; the banRate average is left empty, not zero."
wolverine-s9-5-bronze,wolverine,Wolverine,seasonalRank,9.5,competitive,bronze,,,pickRate,0.0482,ratio,42778,,rivalstracker,primary,https://rivalstracker.com/heroes/wolverine,2026-08-25T14:02:59.000Z,2026-08-25T18:18:25.445Z,C,35,55,"Filters: Season 9.5, Competitive, Bronze. Percentages are displayed by RivalsTracker to two decimal places and converted to ratios without further precision. sample_matches repeats the source Matches field for each metric row. hero_rank is the displayed table order (win rate descending); tier_label is source-provided. Platform, region, and sample_players are not stated by the source and are left empty. RivalsTracker does not publish Ban Rate for this rank; the banRate average is left empty, not zero."
wolverine-s9-5-bronze,wolverine,Wolverine,seasonalRank,9.5,competitive,bronze,,,banRate,,ratio,42778,,rivalstracker,primary,https://rivalstracker.com/heroes/wolverine,2026-08-25T14:02:59.000Z,2026-08-25T18:18:25.445Z,C,35,55,"Filters: Season 9.5, Competitive, Bronze. Percentages are displayed by RivalsTracker to two decimal places and converted to ratios without further precision. sample_matches repeats the source Matches field for each metric row. hero_rank is the displayed table order (win rate descending); tier_label is source-provided. Platform, region, and sample_players are not stated by the source and are left empty. RivalsTracker does not publish Ban Rate for this rank; the banRate average is left empty, not zero."
elsa-bloodstone-s9-5-bronze,elsa-bloodstone,Elsa Bloodstone,seasonalRank,9.5,competitive,bronze,,,winRate,0.4682,ratio,95216,,rivalstracker,primary,https://rivalstracker.com/heroes/elsa-bloodstone,2026-08-25T14:02:59.000Z,2026-08-25T18:18:25.445Z,B,36,55,"Filters: Season 9.5, Competitive, Bronze. Percentages are displayed by RivalsTracker to two decimal places and converted to ratios without further precision. sample_matches repeats the source Matches field for each metric row. hero_rank is the displayed table order (win rate descending); tier_label is source-provided. Platform, region, and sample_players are not stated by the source and are left empty. RivalsTracker does not publish Ban Rate for this rank; the banRate average is left empty, not zero."
elsa-bloodstone-s9-5-bronze,elsa-bloodstone,Elsa Bloodstone,seasonalRank,9.5,competitive,bronze,,,pickRate,0.1074,ratio,95216,,rivalstracker,primary,https://rivalstracker.com/heroes/elsa-bloodstone,2026-08-25T14:02:59.000Z,2026-08-25T18:18:25.445Z,B,36,55,"Filters: Season 9.5, Competitive, Bronze. Percentages are displayed by RivalsTracker to two decimal places and converted to ratios without further precision. sample_matches repeats the source Matches field for each metric row. hero_rank is the displayed table order (win rate descending); tier_label is source-provided. Platform, region, and sample_players are not stated by the source and are left empty. RivalsTracker does not publish Ban Rate for this rank; the banRate average is left empty, not zero."
elsa-bloodstone-s9-5-bronze,elsa-bloodstone,Elsa Bloodstone,seasonalRank,9.5,competitive,bronze,,,banRate,,ratio,95216,,rivalstracker,primary,https://rivalstracker.com/heroes/elsa-bloodstone,2026-08-25T14:02:59.000Z,2026-08-25T18:18:25.445Z,B,36,55,"Filters: Season 9.5, Competitive, Bronze. Percentages are displayed by RivalsTracker to two decimal places and converted to ratios without further precision. sample_matches repeats the source Matches field for each metric row. hero_rank is the displayed table order (win rate descending); tier_label is source-provided. Platform, region, and sample_players are not stated by the source and are left empty. RivalsTracker does not publish Ban Rate for this rank; the banRate average is left empty, not zero."
black-widow-s9-5-bronze,black-widow,Black Widow,seasonalRank,9.5,competitive,bronze,,,winRate,0.4643,ratio,66748,,rivalstracker,primary,https://rivalstracker.com/heroes/black-widow,2026-08-25T14:02:59.000Z,2026-08-25T18:18:25.445Z,C,37,55,"Filters: Season 9.5, Competitive, Bronze. Percentages are displayed by RivalsTracker to two decimal places and converted to ratios without further precision. sample_matches repeats the source Matches field for each metric row. hero_rank is the displayed table order (win rate descending); tier_label is source-provided. Platform, region, and sample_players are not stated by the source and are left empty. RivalsTracker does not publish Ban Rate for this rank; the banRate average is left empty, not zero."
black-widow-s9-5-bronze,black-widow,Black Widow,seasonalRank,9.5,competitive,bronze,,,pickRate,0.0753,ratio,66748,,rivalstracker,primary,https://rivalstracker.com/heroes/black-widow,2026-08-25T14:02:59.000Z,2026-08-25T18:18:25.445Z,C,37,55,"Filters: Season 9.5, Competitive, Bronze. Percentages are displayed by RivalsTracker to two decimal places and converted to ratios without further precision. sample_matches repeats the source Matches field for each metric row. hero_rank is the displayed table order (win rate descending); tier_label is source-provided. Platform, region, and sample_players are not stated by the source and are left empty. RivalsTracker does not publish Ban Rate for this rank; the banRate average is left empty, not zero."
black-widow-s9-5-bronze,black-widow,Black Widow,seasonalRank,9.5,competitive,bronze,,,banRate,,ratio,66748,,rivalstracker,primary,https://rivalstracker.com/heroes/black-widow,2026-08-25T14:02:59.000Z,2026-08-25T18:18:25.445Z,C,37,55,"Filters: Season 9.5, Competitive, Bronze. Percentages are displayed by RivalsTracker to two decimal places and converted to ratios without further precision. sample_matches repeats the source Matches field for each metric row. hero_rank is the displayed table order (win rate descending); tier_label is source-provided. Platform, region, and sample_players are not stated by the source and are left empty. RivalsTracker does not publish Ban Rate for this rank; the banRate average is left empty, not zero."
black-panther-s9-5-bronze,black-panther,Black Panther,seasonalRank,9.5,competitive,bronze,,,winRate,0.4641,ratio,73478,,rivalstracker,primary,https://rivalstracker.com/heroes/black-panther,2026-08-25T14:02:59.000Z,2026-08-25T18:18:25.445Z,C,38,55,"Filters: Season 9.5, Competitive, Bronze. Percentages are displayed by RivalsTracker to two decimal places and converted to ratios without further precision. sample_matches repeats the source Matches field for each metric row. hero_rank is the displayed table order (win rate descending); tier_label is source-provided. Platform, region, and sample_players are not stated by the source and are left empty. RivalsTracker does not publish Ban Rate for this rank; the banRate average is left empty, not zero."
black-panther-s9-5-bronze,black-panther,Black Panther,seasonalRank,9.5,competitive,bronze,,,pickRate,0.0829,ratio,73478,,rivalstracker,primary,https://rivalstracker.com/heroes/black-panther,2026-08-25T14:02:59.000Z,2026-08-25T18:18:25.445Z,C,38,55,"Filters: Season 9.5, Competitive, Bronze. Percentages are displayed by RivalsTracker to two decimal places and converted to ratios without further precision. sample_matches repeats the source Matches field for each metric row. hero_rank is the displayed table order (win rate descending); tier_label is source-provided. Platform, region, and sample_players are not stated by the source and are left empty. RivalsTracker does not publish Ban Rate for this rank; the banRate average is left empty, not zero."
black-panther-s9-5-bronze,black-panther,Black Panther,seasonalRank,9.5,competitive,bronze,,,banRate,,ratio,73478,,rivalstracker,primary,https://rivalstracker.com/heroes/black-panther,2026-08-25T14:02:59.000Z,2026-08-25T18:18:25.445Z,C,38,55,"Filters: Season 9.5, Competitive, Bronze. Percentages are displayed by RivalsTracker to two decimal places and converted to ratios without further precision. sample_matches repeats the source Matches field for each metric row. hero_rank is the displayed table order (win rate descending); tier_label is source-provided. Platform, region, and sample_players are not stated by the source and are left empty. RivalsTracker does not publish Ban Rate for this rank; the banRate average is left empty, not zero."
invisible-woman-s9-5-bronze,invisible-woman,Invisible Woman,seasonalRank,9.5,competitive,bronze,,,winRate,0.4635,ratio,126046,,rivalstracker,primary,https://rivalstracker.com/heroes/invisible-woman,2026-08-25T14:02:59.000Z,2026-08-25T18:18:25.445Z,B,39,55,"Filters: Season 9.5, Competitive, Bronze. Percentages are displayed by RivalsTracker to two decimal places and converted to ratios without further precision. sample_matches repeats the source Matches field for each metric row. hero_rank is the displayed table order (win rate descending); tier_label is source-provided. Platform, region, and sample_players are not stated by the source and are left empty. RivalsTracker does not publish Ban Rate for this rank; the banRate average is left empty, not zero."
invisible-woman-s9-5-bronze,invisible-woman,Invisible Woman,seasonalRank,9.5,competitive,bronze,,,pickRate,0.1422,ratio,126046,,rivalstracker,primary,https://rivalstracker.com/heroes/invisible-woman,2026-08-25T14:02:59.000Z,2026-08-25T18:18:25.445Z,B,39,55,"Filters: Season 9.5, Competitive, Bronze. Percentages are displayed by RivalsTracker to two decimal places and converted to ratios without further precision. sample_matches repeats the source Matches field for each metric row. hero_rank is the displayed table order (win rate descending); tier_label is source-provided. Platform, region, and sample_players are not stated by the source and are left empty. RivalsTracker does not publish Ban Rate for this rank; the banRate average is left empty, not zero."
invisible-woman-s9-5-bronze,invisible-woman,Invisible Woman,seasonalRank,9.5,competitive,bronze,,,banRate,,ratio,126046,,rivalstracker,primary,https://rivalstracker.com/heroes/invisible-woman,2026-08-25T14:02:59.000Z,2026-08-25T18:18:25.445Z,B,39,55,"Filters: Season 9.5, Competitive, Bronze. Percentages are displayed by RivalsTracker to two decimal places and converted to ratios without further precision. sample_matches repeats the source Matches field for each metric row. hero_rank is the displayed table order (win rate descending); tier_label is source-provided. Platform, region, and sample_players are not stated by the source and are left empty. RivalsTracker does not publish Ban Rate for this rank; the banRate average is left empty, not zero."
star-lord-s9-5-bronze,star-lord,Star-lord,seasonalRank,9.5,competitive,bronze,,,winRate,0.4635,ratio,54311,,rivalstracker,primary,https://rivalstracker.com/heroes/star-lord,2026-08-25T14:02:59.000Z,2026-08-25T18:18:25.445Z,C,40,55,"Filters: Season 9.5, Competitive, Bronze. Percentages are displayed by RivalsTracker to two decimal places and converted to ratios without further precision. sample_matches repeats the source Matches field for each metric row. hero_rank is the displayed table order (win rate descending); tier_label is source-provided. Platform, region, and sample_players are not stated by the source and are left empty. RivalsTracker does not publish Ban Rate for this rank; the banRate average is left empty, not zero."
star-lord-s9-5-bronze,star-lord,Star-lord,seasonalRank,9.5,competitive,bronze,,,pickRate,0.0613,ratio,54311,,rivalstracker,primary,https://rivalstracker.com/heroes/star-lord,2026-08-25T14:02:59.000Z,2026-08-25T18:18:25.445Z,C,40,55,"Filters: Season 9.5, Competitive, Bronze. Percentages are displayed by RivalsTracker to two decimal places and converted to ratios without further precision. sample_matches repeats the source Matches field for each metric row. hero_rank is the displayed table order (win rate descending); tier_label is source-provided. Platform, region, and sample_players are not stated by the source and are left empty. RivalsTracker does not publish Ban Rate for this rank; the banRate average is left empty, not zero."
star-lord-s9-5-bronze,star-lord,Star-lord,seasonalRank,9.5,competitive,bronze,,,banRate,,ratio,54311,,rivalstracker,primary,https://rivalstracker.com/heroes/star-lord,2026-08-25T14:02:59.000Z,2026-08-25T18:18:25.445Z,C,40,55,"Filters: Season 9.5, Competitive, Bronze. Percentages are displayed by RivalsTracker to two decimal places and converted to ratios without further precision. sample_matches repeats the source Matches field for each metric row. hero_rank is the displayed table order (win rate descending); tier_label is source-provided. Platform, region, and sample_players are not stated by the source and are left empty. RivalsTracker does not publish Ban Rate for this rank; the banRate average is left empty, not zero."
spider-man-s9-5-bronze,spider-man,Spider-man,seasonalRank,9.5,competitive,bronze,,,winRate,0.4631,ratio,206903,,rivalstracker,primary,https://rivalstracker.com/heroes/spider-man,2026-08-25T14:02:59.000Z,2026-08-25T18:18:25.445Z,B,41,55,"Filters: Season 9.5, Competitive, Bronze. Percentages are displayed by RivalsTracker to two decimal places and converted to ratios without further precision. sample_matches repeats the source Matches field for each metric row. hero_rank is the displayed table order (win rate descending); tier_label is source-provided. Platform, region, and sample_players are not stated by the source and are left empty. RivalsTracker does not publish Ban Rate for this rank; the banRate average is left empty, not zero."
spider-man-s9-5-bronze,spider-man,Spider-man,seasonalRank,9.5,competitive,bronze,,,pickRate,0.2334,ratio,206903,,rivalstracker,primary,https://rivalstracker.com/heroes/spider-man,2026-08-25T14:02:59.000Z,2026-08-25T18:18:25.445Z,B,41,55,"Filters: Season 9.5, Competitive, Bronze. Percentages are displayed by RivalsTracker to two decimal places and converted to ratios without further precision. sample_matches repeats the source Matches field for each metric row. hero_rank is the displayed table order (win rate descending); tier_label is source-provided. Platform, region, and sample_players are not stated by the source and are left empty. RivalsTracker does not publish Ban Rate for this rank; the banRate average is left empty, not zero."
spider-man-s9-5-bronze,spider-man,Spider-man,seasonalRank,9.5,competitive,bronze,,,banRate,,ratio,206903,,rivalstracker,primary,https://rivalstracker.com/heroes/spider-man,2026-08-25T14:02:59.000Z,2026-08-25T18:18:25.445Z,B,41,55,"Filters: Season 9.5, Competitive, Bronze. Percentages are displayed by RivalsTracker to two decimal places and converted to ratios without further precision. sample_matches repeats the source Matches field for each metric row. hero_rank is the displayed table order (win rate descending); tier_label is source-provided. Platform, region, and sample_players are not stated by the source and are left empty. RivalsTracker does not publish Ban Rate for this rank; the banRate average is left empty, not zero."
emma-frost-s9-5-bronze,emma-frost,Emma Frost,seasonalRank,9.5,competitive,bronze,,,winRate,0.4629,ratio,109791,,rivalstracker,primary,https://rivalstracker.com/heroes/emma-frost,2026-08-25T14:02:59.000Z,2026-08-25T18:18:25.445Z,C,42,55,"Filters: Season 9.5, Competitive, Bronze. Percentages are displayed by RivalsTracker to two decimal places and converted to ratios without further precision. sample_matches repeats the source Matches field for each metric row. hero_rank is the displayed table order (win rate descending); tier_label is source-provided. Platform, region, and sample_players are not stated by the source and are left empty. RivalsTracker does not publish Ban Rate for this rank; the banRate average is left empty, not zero."
emma-frost-s9-5-bronze,emma-frost,Emma Frost,seasonalRank,9.5,competitive,bronze,,,pickRate,0.1238,ratio,109791,,rivalstracker,primary,https://rivalstracker.com/heroes/emma-frost,2026-08-25T14:02:59.000Z,2026-08-25T18:18:25.445Z,C,42,55,"Filters: Season 9.5, Competitive, Bronze. Percentages are displayed by RivalsTracker to two decimal places and converted to ratios without further precision. sample_matches repeats the source Matches field for each metric row. hero_rank is the displayed table order (win rate descending); tier_label is source-provided. Platform, region, and sample_players are not stated by the source and are left empty. RivalsTracker does not publish Ban Rate for this rank; the banRate average is left empty, not zero."
emma-frost-s9-5-bronze,emma-frost,Emma Frost,seasonalRank,9.5,competitive,bronze,,,banRate,,ratio,109791,,rivalstracker,primary,https://rivalstracker.com/heroes/emma-frost,2026-08-25T14:02:59.000Z,2026-08-25T18:18:25.445Z,C,42,55,"Filters: Season 9.5, Competitive, Bronze. Percentages are displayed by RivalsTracker to two decimal places and converted to ratios without further precision. sample_matches repeats the source Matches field for each metric row. hero_rank is the displayed table order (win rate descending); tier_label is source-provided. Platform, region, and sample_players are not stated by the source and are left empty. RivalsTracker does not publish Ban Rate for this rank; the banRate average is left empty, not zero."
moon-knight-s9-5-bronze,moon-knight,Moon Knight,seasonalRank,9.5,competitive,bronze,,,winRate,0.4616,ratio,58430,,rivalstracker,primary,https://rivalstracker.com/heroes/moon-knight,2026-08-25T14:02:59.000Z,2026-08-25T18:18:25.445Z,C,43,55,"Filters: Season 9.5, Competitive, Bronze. Percentages are displayed by RivalsTracker to two decimal places and converted to ratios without further precision. sample_matches repeats the source Matches field for each metric row. hero_rank is the displayed table order (win rate descending); tier_label is source-provided. Platform, region, and sample_players are not stated by the source and are left empty. RivalsTracker does not publish Ban Rate for this rank; the banRate average is left empty, not zero."
moon-knight-s9-5-bronze,moon-knight,Moon Knight,seasonalRank,9.5,competitive,bronze,,,pickRate,0.0659,ratio,58430,,rivalstracker,primary,https://rivalstracker.com/heroes/moon-knight,2026-08-25T14:02:59.000Z,2026-08-25T18:18:25.445Z,C,43,55,"Filters: Season 9.5, Competitive, Bronze. Percentages are displayed by RivalsTracker to two decimal places and converted to ratios without further precision. sample_matches repeats the source Matches field for each metric row. hero_rank is the displayed table order (win rate descending); tier_label is source-provided. Platform, region, and sample_players are not stated by the source and are left empty. RivalsTracker does not publish Ban Rate for this rank; the banRate average is left empty, not zero."
moon-knight-s9-5-bronze,moon-knight,Moon Knight,seasonalRank,9.5,competitive,bronze,,,banRate,,ratio,58430,,rivalstracker,primary,https://rivalstracker.com/heroes/moon-knight,2026-08-25T14:02:59.000Z,2026-08-25T18:18:25.445Z,C,43,55,"Filters: Season 9.5, Competitive, Bronze. Percentages are displayed by RivalsTracker to two decimal places and converted to ratios without further precision. sample_matches repeats the source Matches field for each metric row. hero_rank is the displayed table order (win rate descending); tier_label is source-provided. Platform, region, and sample_players are not stated by the source and are left empty. RivalsTracker does not publish Ban Rate for this rank; the banRate average is left empty, not zero."
psylocke-s9-5-bronze,psylocke,Psylocke,seasonalRank,9.5,competitive,bronze,,,winRate,0.4590,ratio,44562,,rivalstracker,primary,https://rivalstracker.com/heroes/psylocke,2026-08-25T14:02:59.000Z,2026-08-25T18:18:25.445Z,C,44,55,"Filters: Season 9.5, Competitive, Bronze. Percentages are displayed by RivalsTracker to two decimal places and converted to ratios without further precision. sample_matches repeats the source Matches field for each metric row. hero_rank is the displayed table order (win rate descending); tier_label is source-provided. Platform, region, and sample_players are not stated by the source and are left empty. RivalsTracker does not publish Ban Rate for this rank; the banRate average is left empty, not zero."
psylocke-s9-5-bronze,psylocke,Psylocke,seasonalRank,9.5,competitive,bronze,,,pickRate,0.0503,ratio,44562,,rivalstracker,primary,https://rivalstracker.com/heroes/psylocke,2026-08-25T14:02:59.000Z,2026-08-25T18:18:25.445Z,C,44,55,"Filters: Season 9.5, Competitive, Bronze. Percentages are displayed by RivalsTracker to two decimal places and converted to ratios without further precision. sample_matches repeats the source Matches field for each metric row. hero_rank is the displayed table order (win rate descending); tier_label is source-provided. Platform, region, and sample_players are not stated by the source and are left empty. RivalsTracker does not publish Ban Rate for this rank; the banRate average is left empty, not zero."
psylocke-s9-5-bronze,psylocke,Psylocke,seasonalRank,9.5,competitive,bronze,,,banRate,,ratio,44562,,rivalstracker,primary,https://rivalstracker.com/heroes/psylocke,2026-08-25T14:02:59.000Z,2026-08-25T18:18:25.445Z,C,44,55,"Filters: Season 9.5, Competitive, Bronze. Percentages are displayed by RivalsTracker to two decimal places and converted to ratios without further precision. sample_matches repeats the source Matches field for each metric row. hero_rank is the displayed table order (win rate descending); tier_label is source-provided. Platform, region, and sample_players are not stated by the source and are left empty. RivalsTracker does not publish Ban Rate for this rank; the banRate average is left empty, not zero."
luna-snow-s9-5-bronze,luna-snow,Luna Snow,seasonalRank,9.5,competitive,bronze,,,winRate,0.4582,ratio,178634,,rivalstracker,primary,https://rivalstracker.com/heroes/luna-snow,2026-08-25T14:02:59.000Z,2026-08-25T18:18:25.445Z,C,45,55,"Filters: Season 9.5, Competitive, Bronze. Percentages are displayed by RivalsTracker to two decimal places and converted to ratios without further precision. sample_matches repeats the source Matches field for each metric row. hero_rank is the displayed table order (win rate descending); tier_label is source-provided. Platform, region, and sample_players are not stated by the source and are left empty. RivalsTracker does not publish Ban Rate for this rank; the banRate average is left empty, not zero."
luna-snow-s9-5-bronze,luna-snow,Luna Snow,seasonalRank,9.5,competitive,bronze,,,pickRate,0.2015,ratio,178634,,rivalstracker,primary,https://rivalstracker.com/heroes/luna-snow,2026-08-25T14:02:59.000Z,2026-08-25T18:18:25.445Z,C,45,55,"Filters: Season 9.5, Competitive, Bronze. Percentages are displayed by RivalsTracker to two decimal places and converted to ratios without further precision. sample_matches repeats the source Matches field for each metric row. hero_rank is the displayed table order (win rate descending); tier_label is source-provided. Platform, region, and sample_players are not stated by the source and are left empty. RivalsTracker does not publish Ban Rate for this rank; the banRate average is left empty, not zero."
luna-snow-s9-5-bronze,luna-snow,Luna Snow,seasonalRank,9.5,competitive,bronze,,,banRate,,ratio,178634,,rivalstracker,primary,https://rivalstracker.com/heroes/luna-snow,2026-08-25T14:02:59.000Z,2026-08-25T18:18:25.445Z,C,45,55,"Filters: Season 9.5, Competitive, Bronze. Percentages are displayed by RivalsTracker to two decimal places and converted to ratios without further precision. sample_matches repeats the source Matches field for each metric row. hero_rank is the displayed table order (win rate descending); tier_label is source-provided. Platform, region, and sample_players are not stated by the source and are left empty. RivalsTracker does not publish Ban Rate for this rank; the banRate average is left empty, not zero."
namor-s9-5-bronze,namor,Namor,seasonalRank,9.5,competitive,bronze,,,winRate,0.4576,ratio,91469,,rivalstracker,primary,https://rivalstracker.com/heroes/namor,2026-08-25T14:02:59.000Z,2026-08-25T18:18:25.445Z,C,46,55,"Filters: Season 9.5, Competitive, Bronze. Percentages are displayed by RivalsTracker to two decimal places and converted to ratios without further precision. sample_matches repeats the source Matches field for each metric row. hero_rank is the displayed table order (win rate descending); tier_label is source-provided. Platform, region, and sample_players are not stated by the source and are left empty. RivalsTracker does not publish Ban Rate for this rank; the banRate average is left empty, not zero."
namor-s9-5-bronze,namor,Namor,seasonalRank,9.5,competitive,bronze,,,pickRate,0.1032,ratio,91469,,rivalstracker,primary,https://rivalstracker.com/heroes/namor,2026-08-25T14:02:59.000Z,2026-08-25T18:18:25.445Z,C,46,55,"Filters: Season 9.5, Competitive, Bronze. Percentages are displayed by RivalsTracker to two decimal places and converted to ratios without further precision. sample_matches repeats the source Matches field for each metric row. hero_rank is the displayed table order (win rate descending); tier_label is source-provided. Platform, region, and sample_players are not stated by the source and are left empty. RivalsTracker does not publish Ban Rate for this rank; the banRate average is left empty, not zero."
namor-s9-5-bronze,namor,Namor,seasonalRank,9.5,competitive,bronze,,,banRate,,ratio,91469,,rivalstracker,primary,https://rivalstracker.com/heroes/namor,2026-08-25T14:02:59.000Z,2026-08-25T18:18:25.445Z,C,46,55,"Filters: Season 9.5, Competitive, Bronze. Percentages are displayed by RivalsTracker to two decimal places and converted to ratios without further precision. sample_matches repeats the source Matches field for each metric row. hero_rank is the displayed table order (win rate descending); tier_label is source-provided. Platform, region, and sample_players are not stated by the source and are left empty. RivalsTracker does not publish Ban Rate for this rank; the banRate average is left empty, not zero."
cyclops-s9-5-bronze,cyclops,Cyclops,seasonalRank,9.5,competitive,bronze,,,winRate,0.4529,ratio,148591,,rivalstracker,primary,https://rivalstracker.com/heroes/cyclops,2026-08-25T14:02:59.000Z,2026-08-25T18:18:25.445Z,C,47,55,"Filters: Season 9.5, Competitive, Bronze. Percentages are displayed by RivalsTracker to two decimal places and converted to ratios without further precision. sample_matches repeats the source Matches field for each metric row. hero_rank is the displayed table order (win rate descending); tier_label is source-provided. Platform, region, and sample_players are not stated by the source and are left empty. RivalsTracker does not publish Ban Rate for this rank; the banRate average is left empty, not zero."
cyclops-s9-5-bronze,cyclops,Cyclops,seasonalRank,9.5,competitive,bronze,,,pickRate,0.1676,ratio,148591,,rivalstracker,primary,https://rivalstracker.com/heroes/cyclops,2026-08-25T14:02:59.000Z,2026-08-25T18:18:25.445Z,C,47,55,"Filters: Season 9.5, Competitive, Bronze. Percentages are displayed by RivalsTracker to two decimal places and converted to ratios without further precision. sample_matches repeats the source Matches field for each metric row. hero_rank is the displayed table order (win rate descending); tier_label is source-provided. Platform, region, and sample_players are not stated by the source and are left empty. RivalsTracker does not publish Ban Rate for this rank; the banRate average is left empty, not zero."
cyclops-s9-5-bronze,cyclops,Cyclops,seasonalRank,9.5,competitive,bronze,,,banRate,,ratio,148591,,rivalstracker,primary,https://rivalstracker.com/heroes/cyclops,2026-08-25T14:02:59.000Z,2026-08-25T18:18:25.445Z,C,47,55,"Filters: Season 9.5, Competitive, Bronze. Percentages are displayed by RivalsTracker to two decimal places and converted to ratios without further precision. sample_matches repeats the source Matches field for each metric row. hero_rank is the displayed table order (win rate descending); tier_label is source-provided. Platform, region, and sample_players are not stated by the source and are left empty. RivalsTracker does not publish Ban Rate for this rank; the banRate average is left empty, not zero."
deadpool-duelist-s9-5-bronze,deadpool-duelist,Deadpool (Duelist),seasonalRank,9.5,competitive,bronze,,,winRate,0.4510,ratio,39039,,rivalstracker,primary,https://rivalstracker.com/heroes/deadpool-duelist,2026-08-25T14:02:59.000Z,2026-08-25T18:18:25.445Z,D,48,55,"Filters: Season 9.5, Competitive, Bronze. Percentages are displayed by RivalsTracker to two decimal places and converted to ratios without further precision. sample_matches repeats the source Matches field for each metric row. hero_rank is the displayed table order (win rate descending); tier_label is source-provided. Platform, region, and sample_players are not stated by the source and are left empty. RivalsTracker does not publish Ban Rate for this rank; the banRate average is left empty, not zero."
deadpool-duelist-s9-5-bronze,deadpool-duelist,Deadpool (Duelist),seasonalRank,9.5,competitive,bronze,,,pickRate,0.0440,ratio,39039,,rivalstracker,primary,https://rivalstracker.com/heroes/deadpool-duelist,2026-08-25T14:02:59.000Z,2026-08-25T18:18:25.445Z,D,48,55,"Filters: Season 9.5, Competitive, Bronze. Percentages are displayed by RivalsTracker to two decimal places and converted to ratios without further precision. sample_matches repeats the source Matches field for each metric row. hero_rank is the displayed table order (win rate descending); tier_label is source-provided. Platform, region, and sample_players are not stated by the source and are left empty. RivalsTracker does not publish Ban Rate for this rank; the banRate average is left empty, not zero."
deadpool-duelist-s9-5-bronze,deadpool-duelist,Deadpool (Duelist),seasonalRank,9.5,competitive,bronze,,,banRate,,ratio,39039,,rivalstracker,primary,https://rivalstracker.com/heroes/deadpool-duelist,2026-08-25T14:02:59.000Z,2026-08-25T18:18:25.445Z,D,48,55,"Filters: Season 9.5, Competitive, Bronze. Percentages are displayed by RivalsTracker to two decimal places and converted to ratios without further precision. sample_matches repeats the source Matches field for each metric row. hero_rank is the displayed table order (win rate descending); tier_label is source-provided. Platform, region, and sample_players are not stated by the source and are left empty. RivalsTracker does not publish Ban Rate for this rank; the banRate average is left empty, not zero."
deadpool-strategist-s9-5-bronze,deadpool-strategist,Deadpool (Strategist),seasonalRank,9.5,competitive,bronze,,,winRate,0.4506,ratio,84260,,rivalstracker,primary,https://rivalstracker.com/heroes/deadpool-strategist,2026-08-25T14:02:59.000Z,2026-08-25T18:18:25.445Z,C,49,55,"Filters: Season 9.5, Competitive, Bronze. Percentages are displayed by RivalsTracker to two decimal places and converted to ratios without further precision. sample_matches repeats the source Matches field for each metric row. hero_rank is the displayed table order (win rate descending); tier_label is source-provided. Platform, region, and sample_players are not stated by the source and are left empty. RivalsTracker does not publish Ban Rate for this rank; the banRate average is left empty, not zero."
deadpool-strategist-s9-5-bronze,deadpool-strategist,Deadpool (Strategist),seasonalRank,9.5,competitive,bronze,,,pickRate,0.0950,ratio,84260,,rivalstracker,primary,https://rivalstracker.com/heroes/deadpool-strategist,2026-08-25T14:02:59.000Z,2026-08-25T18:18:25.445Z,C,49,55,"Filters: Season 9.5, Competitive, Bronze. Percentages are displayed by RivalsTracker to two decimal places and converted to ratios without further precision. sample_matches repeats the source Matches field for each metric row. hero_rank is the displayed table order (win rate descending); tier_label is source-provided. Platform, region, and sample_players are not stated by the source and are left empty. RivalsTracker does not publish Ban Rate for this rank; the banRate average is left empty, not zero."
deadpool-strategist-s9-5-bronze,deadpool-strategist,Deadpool (Strategist),seasonalRank,9.5,competitive,bronze,,,banRate,,ratio,84260,,rivalstracker,primary,https://rivalstracker.com/heroes/deadpool-strategist,2026-08-25T14:02:59.000Z,2026-08-25T18:18:25.445Z,C,49,55,"Filters: Season 9.5, Competitive, Bronze. Percentages are displayed by RivalsTracker to two decimal places and converted to ratios without further precision. sample_matches repeats the source Matches field for each metric row. hero_rank is the displayed table order (win rate descending); tier_label is source-provided. Platform, region, and sample_players are not stated by the source and are left empty. RivalsTracker does not publish Ban Rate for this rank; the banRate average is left empty, not zero."
hawkeye-s9-5-bronze,hawkeye,Hawkeye,seasonalRank,9.5,competitive,bronze,,,winRate,0.4444,ratio,34047,,rivalstracker,primary,https://rivalstracker.com/heroes/hawkeye,2026-08-25T14:02:59.000Z,2026-08-25T18:18:25.445Z,D,50,55,"Filters: Season 9.5, Competitive, Bronze. Percentages are displayed by RivalsTracker to two decimal places and converted to ratios without further precision. sample_matches repeats the source Matches field for each metric row. hero_rank is the displayed table order (win rate descending); tier_label is source-provided. Platform, region, and sample_players are not stated by the source and are left empty. RivalsTracker does not publish Ban Rate for this rank; the banRate average is left empty, not zero."
hawkeye-s9-5-bronze,hawkeye,Hawkeye,seasonalRank,9.5,competitive,bronze,,,pickRate,0.0384,ratio,34047,,rivalstracker,primary,https://rivalstracker.com/heroes/hawkeye,2026-08-25T14:02:59.000Z,2026-08-25T18:18:25.445Z,D,50,55,"Filters: Season 9.5, Competitive, Bronze. Percentages are displayed by RivalsTracker to two decimal places and converted to ratios without further precision. sample_matches repeats the source Matches field for each metric row. hero_rank is the displayed table order (win rate descending); tier_label is source-provided. Platform, region, and sample_players are not stated by the source and are left empty. RivalsTracker does not publish Ban Rate for this rank; the banRate average is left empty, not zero."
hawkeye-s9-5-bronze,hawkeye,Hawkeye,seasonalRank,9.5,competitive,bronze,,,banRate,,ratio,34047,,rivalstracker,primary,https://rivalstracker.com/heroes/hawkeye,2026-08-25T14:02:59.000Z,2026-08-25T18:18:25.445Z,D,50,55,"Filters: Season 9.5, Competitive, Bronze. Percentages are displayed by RivalsTracker to two decimal places and converted to ratios without further precision. sample_matches repeats the source Matches field for each metric row. hero_rank is the displayed table order (win rate descending); tier_label is source-provided. Platform, region, and sample_players are not stated by the source and are left empty. RivalsTracker does not publish Ban Rate for this rank; the banRate average is left empty, not zero."
jeff-the-land-shark-s9-5-bronze,jeff-the-land-shark,Jeff The Land Shark,seasonalRank,9.5,competitive,bronze,,,winRate,0.4356,ratio,128835,,rivalstracker,primary,https://rivalstracker.com/heroes/jeff-the-land-shark,2026-08-25T14:02:59.000Z,2026-08-25T18:18:25.445Z,C,51,55,"Filters: Season 9.5, Competitive, Bronze. Percentages are displayed by RivalsTracker to two decimal places and converted to ratios without further precision. sample_matches repeats the source Matches field for each metric row. hero_rank is the displayed table order (win rate descending); tier_label is source-provided. Platform, region, and sample_players are not stated by the source and are left empty. RivalsTracker does not publish Ban Rate for this rank; the banRate average is left empty, not zero."
jeff-the-land-shark-s9-5-bronze,jeff-the-land-shark,Jeff The Land Shark,seasonalRank,9.5,competitive,bronze,,,pickRate,0.1453,ratio,128835,,rivalstracker,primary,https://rivalstracker.com/heroes/jeff-the-land-shark,2026-08-25T14:02:59.000Z,2026-08-25T18:18:25.445Z,C,51,55,"Filters: Season 9.5, Competitive, Bronze. Percentages are displayed by RivalsTracker to two decimal places and converted to ratios without further precision. sample_matches repeats the source Matches field for each metric row. hero_rank is the displayed table order (win rate descending); tier_label is source-provided. Platform, region, and sample_players are not stated by the source and are left empty. RivalsTracker does not publish Ban Rate for this rank; the banRate average is left empty, not zero."
jeff-the-land-shark-s9-5-bronze,jeff-the-land-shark,Jeff The Land Shark,seasonalRank,9.5,competitive,bronze,,,banRate,,ratio,128835,,rivalstracker,primary,https://rivalstracker.com/heroes/jeff-the-land-shark,2026-08-25T14:02:59.000Z,2026-08-25T18:18:25.445Z,C,51,55,"Filters: Season 9.5, Competitive, Bronze. Percentages are displayed by RivalsTracker to two decimal places and converted to ratios without further precision. sample_matches repeats the source Matches field for each metric row. hero_rank is the displayed table order (win rate descending); tier_label is source-provided. Platform, region, and sample_players are not stated by the source and are left empty. RivalsTracker does not publish Ban Rate for this rank; the banRate average is left empty, not zero."
squirrel-girl-s9-5-bronze,squirrel-girl,Squirrel Girl,seasonalRank,9.5,competitive,bronze,,,winRate,0.4312,ratio,45529,,rivalstracker,primary,https://rivalstracker.com/heroes/squirrel-girl,2026-08-25T14:02:59.000Z,2026-08-25T18:18:25.445Z,D,52,55,"Filters: Season 9.5, Competitive, Bronze. Percentages are displayed by RivalsTracker to two decimal places and converted to ratios without further precision. sample_matches repeats the source Matches field for each metric row. hero_rank is the displayed table order (win rate descending); tier_label is source-provided. Platform, region, and sample_players are not stated by the source and are left empty. RivalsTracker does not publish Ban Rate for this rank; the banRate average is left empty, not zero."
squirrel-girl-s9-5-bronze,squirrel-girl,Squirrel Girl,seasonalRank,9.5,competitive,bronze,,,pickRate,0.0514,ratio,45529,,rivalstracker,primary,https://rivalstracker.com/heroes/squirrel-girl,2026-08-25T14:02:59.000Z,2026-08-25T18:18:25.445Z,D,52,55,"Filters: Season 9.5, Competitive, Bronze. Percentages are displayed by RivalsTracker to two decimal places and converted to ratios without further precision. sample_matches repeats the source Matches field for each metric row. hero_rank is the displayed table order (win rate descending); tier_label is source-provided. Platform, region, and sample_players are not stated by the source and are left empty. RivalsTracker does not publish Ban Rate for this rank; the banRate average is left empty, not zero."
squirrel-girl-s9-5-bronze,squirrel-girl,Squirrel Girl,seasonalRank,9.5,competitive,bronze,,,banRate,,ratio,45529,,rivalstracker,primary,https://rivalstracker.com/heroes/squirrel-girl,2026-08-25T14:02:59.000Z,2026-08-25T18:18:25.445Z,D,52,55,"Filters: Season 9.5, Competitive, Bronze. Percentages are displayed by RivalsTracker to two decimal places and converted to ratios without further precision. sample_matches repeats the source Matches field for each metric row. hero_rank is the displayed table order (win rate descending); tier_label is source-provided. Platform, region, and sample_players are not stated by the source and are left empty. RivalsTracker does not publish Ban Rate for this rank; the banRate average is left empty, not zero."
the-punisher-s9-5-bronze,the-punisher,The Punisher,seasonalRank,9.5,competitive,bronze,,,winRate,0.4295,ratio,81189,,rivalstracker,primary,https://rivalstracker.com/heroes/the-punisher,2026-08-25T14:02:59.000Z,2026-08-25T18:18:25.445Z,D,53,55,"Filters: Season 9.5, Competitive, Bronze. Percentages are displayed by RivalsTracker to two decimal places and converted to ratios without further precision. sample_matches repeats the source Matches field for each metric row. hero_rank is the displayed table order (win rate descending); tier_label is source-provided. Platform, region, and sample_players are not stated by the source and are left empty. RivalsTracker does not publish Ban Rate for this rank; the banRate average is left empty, not zero."
the-punisher-s9-5-bronze,the-punisher,The Punisher,seasonalRank,9.5,competitive,bronze,,,pickRate,0.0916,ratio,81189,,rivalstracker,primary,https://rivalstracker.com/heroes/the-punisher,2026-08-25T14:02:59.000Z,2026-08-25T18:18:25.445Z,D,53,55,"Filters: Season 9.5, Competitive, Bronze. Percentages are displayed by RivalsTracker to two decimal places and converted to ratios without further precision. sample_matches repeats the source Matches field for each metric row. hero_rank is the displayed table order (win rate descending); tier_label is source-provided. Platform, region, and sample_players are not stated by the source and are left empty. RivalsTracker does not publish Ban Rate for this rank; the banRate average is left empty, not zero."
the-punisher-s9-5-bronze,the-punisher,The Punisher,seasonalRank,9.5,competitive,bronze,,,banRate,,ratio,81189,,rivalstracker,primary,https://rivalstracker.com/heroes/the-punisher,2026-08-25T14:02:59.000Z,2026-08-25T18:18:25.445Z,D,53,55,"Filters: Season 9.5, Competitive, Bronze. Percentages are displayed by RivalsTracker to two decimal places and converted to ratios without further precision. sample_matches repeats the source Matches field for each metric row. hero_rank is the displayed table order (win rate descending); tier_label is source-provided. Platform, region, and sample_players are not stated by the source and are left empty. RivalsTracker does not publish Ban Rate for this rank; the banRate average is left empty, not zero."
phoenix-s9-5-bronze,phoenix,Phoenix,seasonalRank,9.5,competitive,bronze,,,winRate,0.4254,ratio,64535,,rivalstracker,primary,https://rivalstracker.com/heroes/phoenix,2026-08-25T14:02:59.000Z,2026-08-25T18:18:25.445Z,D,54,55,"Filters: Season 9.5, Competitive, Bronze. Percentages are displayed by RivalsTracker to two decimal places and converted to ratios without further precision. sample_matches repeats the source Matches field for each metric row. hero_rank is the displayed table order (win rate descending); tier_label is source-provided. Platform, region, and sample_players are not stated by the source and are left empty. RivalsTracker does not publish Ban Rate for this rank; the banRate average is left empty, not zero."
phoenix-s9-5-bronze,phoenix,Phoenix,seasonalRank,9.5,competitive,bronze,,,pickRate,0.0728,ratio,64535,,rivalstracker,primary,https://rivalstracker.com/heroes/phoenix,2026-08-25T14:02:59.000Z,2026-08-25T18:18:25.445Z,D,54,55,"Filters: Season 9.5, Competitive, Bronze. Percentages are displayed by RivalsTracker to two decimal places and converted to ratios without further precision. sample_matches repeats the source Matches field for each metric row. hero_rank is the displayed table order (win rate descending); tier_label is source-provided. Platform, region, and sample_players are not stated by the source and are left empty. RivalsTracker does not publish Ban Rate for this rank; the banRate average is left empty, not zero."
phoenix-s9-5-bronze,phoenix,Phoenix,seasonalRank,9.5,competitive,bronze,,,banRate,,ratio,64535,,rivalstracker,primary,https://rivalstracker.com/heroes/phoenix,2026-08-25T14:02:59.000Z,2026-08-25T18:18:25.445Z,D,54,55,"Filters: Season 9.5, Competitive, Bronze. Percentages are displayed by RivalsTracker to two decimal places and converted to ratios without further precision. sample_matches repeats the source Matches field for each metric row. hero_rank is the displayed table order (win rate descending); tier_label is source-provided. Platform, region, and sample_players are not stated by the source and are left empty. RivalsTracker does not publish Ban Rate for this rank; the banRate average is left empty, not zero."
deadpool-vanguard-s9-5-bronze,deadpool-vanguard,Deadpool (Vanguard),seasonalRank,9.5,competitive,bronze,,,winRate,0.4238,ratio,40724,,rivalstracker,primary,https://rivalstracker.com/heroes/deadpool-vanguard,2026-08-25T14:02:59.000Z,2026-08-25T18:18:25.445Z,D,55,55,"Filters: Season 9.5, Competitive, Bronze. Percentages are displayed by RivalsTracker to two decimal places and converted to ratios without further precision. sample_matches repeats the source Matches field for each metric row. hero_rank is the displayed table order (win rate descending); tier_label is source-provided. Platform, region, and sample_players are not stated by the source and are left empty. RivalsTracker does not publish Ban Rate for this rank; the banRate average is left empty, not zero."
deadpool-vanguard-s9-5-bronze,deadpool-vanguard,Deadpool (Vanguard),seasonalRank,9.5,competitive,bronze,,,pickRate,0.0459,ratio,40724,,rivalstracker,primary,https://rivalstracker.com/heroes/deadpool-vanguard,2026-08-25T14:02:59.000Z,2026-08-25T18:18:25.445Z,D,55,55,"Filters: Season 9.5, Competitive, Bronze. Percentages are displayed by RivalsTracker to two decimal places and converted to ratios without further precision. sample_matches repeats the source Matches field for each metric row. hero_rank is the displayed table order (win rate descending); tier_label is source-provided. Platform, region, and sample_players are not stated by the source and are left empty. RivalsTracker does not publish Ban Rate for this rank; the banRate average is left empty, not zero."
deadpool-vanguard-s9-5-bronze,deadpool-vanguard,Deadpool (Vanguard),seasonalRank,9.5,competitive,bronze,,,banRate,,ratio,40724,,rivalstracker,primary,https://rivalstracker.com/heroes/deadpool-vanguard,2026-08-25T14:02:59.000Z,2026-08-25T18:18:25.445Z,D,55,55,"Filters: Season 9.5, Competitive, Bronze. Percentages are displayed by RivalsTracker to two decimal places and converted to ratios without further precision. sample_matches repeats the source Matches field for each metric row. hero_rank is the displayed table order (win rate descending); tier_label is source-provided. Platform, region, and sample_players are not stated by the source and are left empty. RivalsTracker does not publish Ban Rate for this rank; the banRate average is left empty, not zero."
