benchmark_group_id,hero_id,hero_name,context_type,season,game_mode,rank_tier,platform,region,metric_name,average,unit,sample_matches,sample_players,source_id,source_role,source_url,source_updated_at,collected_at,tier_label,hero_rank,hero_pool_size,methodology_notes
ultron-s9-5-gold,ultron,Ultron,seasonalRank,9.5,competitive,gold,,,winRate,0.6007,ratio,2563,,rivalstracker,primary,https://rivalstracker.com/heroes/ultron,2026-08-25T10:04:58.000Z,2026-08-25T14:58:14.626Z,A,1,55,"Filters: Season 9.5, Competitive, Gold. Percentages are displayed by RivalsTracker to two decimal places and converted to ratios without further precision. sample_matches repeats the source Matches field for each metric row. hero_rank is the displayed table order (win rate descending); tier_label is source-provided. Platform, region, and sample_players are not stated by the source and are left empty."
ultron-s9-5-gold,ultron,Ultron,seasonalRank,9.5,competitive,gold,,,pickRate,0.0458,ratio,2563,,rivalstracker,primary,https://rivalstracker.com/heroes/ultron,2026-08-25T10:04:58.000Z,2026-08-25T14:58:14.626Z,A,1,55,"Filters: Season 9.5, Competitive, Gold. Percentages are displayed by RivalsTracker to two decimal places and converted to ratios without further precision. sample_matches repeats the source Matches field for each metric row. hero_rank is the displayed table order (win rate descending); tier_label is source-provided. Platform, region, and sample_players are not stated by the source and are left empty."
ultron-s9-5-gold,ultron,Ultron,seasonalRank,9.5,competitive,gold,,,banRate,0.0019,ratio,2563,,rivalstracker,primary,https://rivalstracker.com/heroes/ultron,2026-08-25T10:04:58.000Z,2026-08-25T14:58:14.626Z,A,1,55,"Filters: Season 9.5, Competitive, Gold. Percentages are displayed by RivalsTracker to two decimal places and converted to ratios without further precision. sample_matches repeats the source Matches field for each metric row. hero_rank is the displayed table order (win rate descending); tier_label is source-provided. Platform, region, and sample_players are not stated by the source and are left empty."
magik-s9-5-gold,magik,Magik,seasonalRank,9.5,competitive,gold,,,winRate,0.5886,ratio,6723,,rivalstracker,primary,https://rivalstracker.com/heroes/magik,2026-08-25T10:04:58.000Z,2026-08-25T14:58:14.626Z,S,2,55,"Filters: Season 9.5, Competitive, Gold. Percentages are displayed by RivalsTracker to two decimal places and converted to ratios without further precision. sample_matches repeats the source Matches field for each metric row. hero_rank is the displayed table order (win rate descending); tier_label is source-provided. Platform, region, and sample_players are not stated by the source and are left empty."
magik-s9-5-gold,magik,Magik,seasonalRank,9.5,competitive,gold,,,pickRate,0.1202,ratio,6723,,rivalstracker,primary,https://rivalstracker.com/heroes/magik,2026-08-25T10:04:58.000Z,2026-08-25T14:58:14.626Z,S,2,55,"Filters: Season 9.5, Competitive, Gold. Percentages are displayed by RivalsTracker to two decimal places and converted to ratios without further precision. sample_matches repeats the source Matches field for each metric row. hero_rank is the displayed table order (win rate descending); tier_label is source-provided. Platform, region, and sample_players are not stated by the source and are left empty."
magik-s9-5-gold,magik,Magik,seasonalRank,9.5,competitive,gold,,,banRate,0.0796,ratio,6723,,rivalstracker,primary,https://rivalstracker.com/heroes/magik,2026-08-25T10:04:58.000Z,2026-08-25T14:58:14.626Z,S,2,55,"Filters: Season 9.5, Competitive, Gold. Percentages are displayed by RivalsTracker to two decimal places and converted to ratios without further precision. sample_matches repeats the source Matches field for each metric row. hero_rank is the displayed table order (win rate descending); tier_label is source-provided. Platform, region, and sample_players are not stated by the source and are left empty."
peni-parker-s9-5-gold,peni-parker,Peni Parker,seasonalRank,9.5,competitive,gold,,,winRate,0.5765,ratio,3548,,rivalstracker,primary,https://rivalstracker.com/heroes/peni-parker,2026-08-25T10:04:58.000Z,2026-08-25T14:58:14.626Z,S,3,55,"Filters: Season 9.5, Competitive, Gold. Percentages are displayed by RivalsTracker to two decimal places and converted to ratios without further precision. sample_matches repeats the source Matches field for each metric row. hero_rank is the displayed table order (win rate descending); tier_label is source-provided. Platform, region, and sample_players are not stated by the source and are left empty."
peni-parker-s9-5-gold,peni-parker,Peni Parker,seasonalRank,9.5,competitive,gold,,,pickRate,0.0635,ratio,3548,,rivalstracker,primary,https://rivalstracker.com/heroes/peni-parker,2026-08-25T10:04:58.000Z,2026-08-25T14:58:14.626Z,S,3,55,"Filters: Season 9.5, Competitive, Gold. Percentages are displayed by RivalsTracker to two decimal places and converted to ratios without further precision. sample_matches repeats the source Matches field for each metric row. hero_rank is the displayed table order (win rate descending); tier_label is source-provided. Platform, region, and sample_players are not stated by the source and are left empty."
peni-parker-s9-5-gold,peni-parker,Peni Parker,seasonalRank,9.5,competitive,gold,,,banRate,0.1966,ratio,3548,,rivalstracker,primary,https://rivalstracker.com/heroes/peni-parker,2026-08-25T10:04:58.000Z,2026-08-25T14:58:14.626Z,S,3,55,"Filters: Season 9.5, Competitive, Gold. Percentages are displayed by RivalsTracker to two decimal places and converted to ratios without further precision. sample_matches repeats the source Matches field for each metric row. hero_rank is the displayed table order (win rate descending); tier_label is source-provided. Platform, region, and sample_players are not stated by the source and are left empty."
mantis-s9-5-gold,mantis,Mantis,seasonalRank,9.5,competitive,gold,,,winRate,0.5740,ratio,5897,,rivalstracker,primary,https://rivalstracker.com/heroes/mantis,2026-08-25T10:04:58.000Z,2026-08-25T14:58:14.626Z,S,4,55,"Filters: Season 9.5, Competitive, Gold. Percentages are displayed by RivalsTracker to two decimal places and converted to ratios without further precision. sample_matches repeats the source Matches field for each metric row. hero_rank is the displayed table order (win rate descending); tier_label is source-provided. Platform, region, and sample_players are not stated by the source and are left empty."
mantis-s9-5-gold,mantis,Mantis,seasonalRank,9.5,competitive,gold,,,pickRate,0.1055,ratio,5897,,rivalstracker,primary,https://rivalstracker.com/heroes/mantis,2026-08-25T10:04:58.000Z,2026-08-25T14:58:14.626Z,S,4,55,"Filters: Season 9.5, Competitive, Gold. Percentages are displayed by RivalsTracker to two decimal places and converted to ratios without further precision. sample_matches repeats the source Matches field for each metric row. hero_rank is the displayed table order (win rate descending); tier_label is source-provided. Platform, region, and sample_players are not stated by the source and are left empty."
mantis-s9-5-gold,mantis,Mantis,seasonalRank,9.5,competitive,gold,,,banRate,0.0080,ratio,5897,,rivalstracker,primary,https://rivalstracker.com/heroes/mantis,2026-08-25T10:04:58.000Z,2026-08-25T14:58:14.626Z,S,4,55,"Filters: Season 9.5, Competitive, Gold. Percentages are displayed by RivalsTracker to two decimal places and converted to ratios without further precision. sample_matches repeats the source Matches field for each metric row. hero_rank is the displayed table order (win rate descending); tier_label is source-provided. Platform, region, and sample_players are not stated by the source and are left empty."
daredevil-s9-5-gold,daredevil,Daredevil,seasonalRank,9.5,competitive,gold,,,winRate,0.5642,ratio,2131,,rivalstracker,primary,https://rivalstracker.com/heroes/daredevil,2026-08-25T10:04:58.000Z,2026-08-25T14:58:14.626Z,A,5,55,"Filters: Season 9.5, Competitive, Gold. Percentages are displayed by RivalsTracker to two decimal places and converted to ratios without further precision. sample_matches repeats the source Matches field for each metric row. hero_rank is the displayed table order (win rate descending); tier_label is source-provided. Platform, region, and sample_players are not stated by the source and are left empty."
daredevil-s9-5-gold,daredevil,Daredevil,seasonalRank,9.5,competitive,gold,,,pickRate,0.0381,ratio,2131,,rivalstracker,primary,https://rivalstracker.com/heroes/daredevil,2026-08-25T10:04:58.000Z,2026-08-25T14:58:14.626Z,A,5,55,"Filters: Season 9.5, Competitive, Gold. Percentages are displayed by RivalsTracker to two decimal places and converted to ratios without further precision. sample_matches repeats the source Matches field for each metric row. hero_rank is the displayed table order (win rate descending); tier_label is source-provided. Platform, region, and sample_players are not stated by the source and are left empty."
daredevil-s9-5-gold,daredevil,Daredevil,seasonalRank,9.5,competitive,gold,,,banRate,0.0377,ratio,2131,,rivalstracker,primary,https://rivalstracker.com/heroes/daredevil,2026-08-25T10:04:58.000Z,2026-08-25T14:58:14.626Z,A,5,55,"Filters: Season 9.5, Competitive, Gold. Percentages are displayed by RivalsTracker to two decimal places and converted to ratios without further precision. sample_matches repeats the source Matches field for each metric row. hero_rank is the displayed table order (win rate descending); tier_label is source-provided. Platform, region, and sample_players are not stated by the source and are left empty."
black-cat-s9-5-gold,black-cat,Black Cat,seasonalRank,9.5,competitive,gold,,,winRate,0.5564,ratio,2709,,rivalstracker,primary,https://rivalstracker.com/heroes/black-cat,2026-08-25T10:04:58.000Z,2026-08-25T14:58:14.626Z,S,6,55,"Filters: Season 9.5, Competitive, Gold. Percentages are displayed by RivalsTracker to two decimal places and converted to ratios without further precision. sample_matches repeats the source Matches field for each metric row. hero_rank is the displayed table order (win rate descending); tier_label is source-provided. Platform, region, and sample_players are not stated by the source and are left empty."
black-cat-s9-5-gold,black-cat,Black Cat,seasonalRank,9.5,competitive,gold,,,pickRate,0.0484,ratio,2709,,rivalstracker,primary,https://rivalstracker.com/heroes/black-cat,2026-08-25T10:04:58.000Z,2026-08-25T14:58:14.626Z,S,6,55,"Filters: Season 9.5, Competitive, Gold. Percentages are displayed by RivalsTracker to two decimal places and converted to ratios without further precision. sample_matches repeats the source Matches field for each metric row. hero_rank is the displayed table order (win rate descending); tier_label is source-provided. Platform, region, and sample_players are not stated by the source and are left empty."
black-cat-s9-5-gold,black-cat,Black Cat,seasonalRank,9.5,competitive,gold,,,banRate,0.1579,ratio,2709,,rivalstracker,primary,https://rivalstracker.com/heroes/black-cat,2026-08-25T10:04:58.000Z,2026-08-25T14:58:14.626Z,S,6,55,"Filters: Season 9.5, Competitive, Gold. Percentages are displayed by RivalsTracker to two decimal places and converted to ratios without further precision. sample_matches repeats the source Matches field for each metric row. hero_rank is the displayed table order (win rate descending); tier_label is source-provided. Platform, region, and sample_players are not stated by the source and are left empty."
the-thing-s9-5-gold,the-thing,The Thing,seasonalRank,9.5,competitive,gold,,,winRate,0.5462,ratio,7259,,rivalstracker,primary,https://rivalstracker.com/heroes/the-thing,2026-08-25T10:04:58.000Z,2026-08-25T14:58:14.626Z,S,7,55,"Filters: Season 9.5, Competitive, Gold. Percentages are displayed by RivalsTracker to two decimal places and converted to ratios without further precision. sample_matches repeats the source Matches field for each metric row. hero_rank is the displayed table order (win rate descending); tier_label is source-provided. Platform, region, and sample_players are not stated by the source and are left empty."
the-thing-s9-5-gold,the-thing,The Thing,seasonalRank,9.5,competitive,gold,,,pickRate,0.1298,ratio,7259,,rivalstracker,primary,https://rivalstracker.com/heroes/the-thing,2026-08-25T10:04:58.000Z,2026-08-25T14:58:14.626Z,S,7,55,"Filters: Season 9.5, Competitive, Gold. Percentages are displayed by RivalsTracker to two decimal places and converted to ratios without further precision. sample_matches repeats the source Matches field for each metric row. hero_rank is the displayed table order (win rate descending); tier_label is source-provided. Platform, region, and sample_players are not stated by the source and are left empty."
the-thing-s9-5-gold,the-thing,The Thing,seasonalRank,9.5,competitive,gold,,,banRate,0.1551,ratio,7259,,rivalstracker,primary,https://rivalstracker.com/heroes/the-thing,2026-08-25T10:04:58.000Z,2026-08-25T14:58:14.626Z,S,7,55,"Filters: Season 9.5, Competitive, Gold. Percentages are displayed by RivalsTracker to two decimal places and converted to ratios without further precision. sample_matches repeats the source Matches field for each metric row. hero_rank is the displayed table order (win rate descending); tier_label is source-provided. Platform, region, and sample_players are not stated by the source and are left empty."
black-panther-s9-5-gold,black-panther,Black Panther,seasonalRank,9.5,competitive,gold,,,winRate,0.5432,ratio,2165,,rivalstracker,primary,https://rivalstracker.com/heroes/black-panther,2026-08-25T10:04:58.000Z,2026-08-25T14:58:14.626Z,A,8,55,"Filters: Season 9.5, Competitive, Gold. Percentages are displayed by RivalsTracker to two decimal places and converted to ratios without further precision. sample_matches repeats the source Matches field for each metric row. hero_rank is the displayed table order (win rate descending); tier_label is source-provided. Platform, region, and sample_players are not stated by the source and are left empty."
black-panther-s9-5-gold,black-panther,Black Panther,seasonalRank,9.5,competitive,gold,,,pickRate,0.0387,ratio,2165,,rivalstracker,primary,https://rivalstracker.com/heroes/black-panther,2026-08-25T10:04:58.000Z,2026-08-25T14:58:14.626Z,A,8,55,"Filters: Season 9.5, Competitive, Gold. Percentages are displayed by RivalsTracker to two decimal places and converted to ratios without further precision. sample_matches repeats the source Matches field for each metric row. hero_rank is the displayed table order (win rate descending); tier_label is source-provided. Platform, region, and sample_players are not stated by the source and are left empty."
black-panther-s9-5-gold,black-panther,Black Panther,seasonalRank,9.5,competitive,gold,,,banRate,0.2436,ratio,2165,,rivalstracker,primary,https://rivalstracker.com/heroes/black-panther,2026-08-25T10:04:58.000Z,2026-08-25T14:58:14.626Z,A,8,55,"Filters: Season 9.5, Competitive, Gold. Percentages are displayed by RivalsTracker to two decimal places and converted to ratios without further precision. sample_matches repeats the source Matches field for each metric row. hero_rank is the displayed table order (win rate descending); tier_label is source-provided. Platform, region, and sample_players are not stated by the source and are left empty."
rocket-raccoon-s9-5-gold,rocket-raccoon,Rocket Raccoon,seasonalRank,9.5,competitive,gold,,,winRate,0.5415,ratio,10163,,rivalstracker,primary,https://rivalstracker.com/heroes/rocket-raccoon,2026-08-25T10:04:58.000Z,2026-08-25T14:58:14.626Z,S,9,55,"Filters: Season 9.5, Competitive, Gold. Percentages are displayed by RivalsTracker to two decimal places and converted to ratios without further precision. sample_matches repeats the source Matches field for each metric row. hero_rank is the displayed table order (win rate descending); tier_label is source-provided. Platform, region, and sample_players are not stated by the source and are left empty."
rocket-raccoon-s9-5-gold,rocket-raccoon,Rocket Raccoon,seasonalRank,9.5,competitive,gold,,,pickRate,0.1818,ratio,10163,,rivalstracker,primary,https://rivalstracker.com/heroes/rocket-raccoon,2026-08-25T10:04:58.000Z,2026-08-25T14:58:14.626Z,S,9,55,"Filters: Season 9.5, Competitive, Gold. Percentages are displayed by RivalsTracker to two decimal places and converted to ratios without further precision. sample_matches repeats the source Matches field for each metric row. hero_rank is the displayed table order (win rate descending); tier_label is source-provided. Platform, region, and sample_players are not stated by the source and are left empty."
rocket-raccoon-s9-5-gold,rocket-raccoon,Rocket Raccoon,seasonalRank,9.5,competitive,gold,,,banRate,0.0066,ratio,10163,,rivalstracker,primary,https://rivalstracker.com/heroes/rocket-raccoon,2026-08-25T10:04:58.000Z,2026-08-25T14:58:14.626Z,S,9,55,"Filters: Season 9.5, Competitive, Gold. Percentages are displayed by RivalsTracker to two decimal places and converted to ratios without further precision. sample_matches repeats the source Matches field for each metric row. hero_rank is the displayed table order (win rate descending); tier_label is source-provided. Platform, region, and sample_players are not stated by the source and are left empty."
storm-s9-5-gold,storm,Storm,seasonalRank,9.5,competitive,gold,,,winRate,0.5412,ratio,1927,,rivalstracker,primary,https://rivalstracker.com/heroes/storm,2026-08-25T10:04:58.000Z,2026-08-25T14:58:14.626Z,A,10,55,"Filters: Season 9.5, Competitive, Gold. Percentages are displayed by RivalsTracker to two decimal places and converted to ratios without further precision. sample_matches repeats the source Matches field for each metric row. hero_rank is the displayed table order (win rate descending); tier_label is source-provided. Platform, region, and sample_players are not stated by the source and are left empty."
storm-s9-5-gold,storm,Storm,seasonalRank,9.5,competitive,gold,,,pickRate,0.0345,ratio,1927,,rivalstracker,primary,https://rivalstracker.com/heroes/storm,2026-08-25T10:04:58.000Z,2026-08-25T14:58:14.626Z,A,10,55,"Filters: Season 9.5, Competitive, Gold. Percentages are displayed by RivalsTracker to two decimal places and converted to ratios without further precision. sample_matches repeats the source Matches field for each metric row. hero_rank is the displayed table order (win rate descending); tier_label is source-provided. Platform, region, and sample_players are not stated by the source and are left empty."
storm-s9-5-gold,storm,Storm,seasonalRank,9.5,competitive,gold,,,banRate,0.0019,ratio,1927,,rivalstracker,primary,https://rivalstracker.com/heroes/storm,2026-08-25T10:04:58.000Z,2026-08-25T14:58:14.626Z,A,10,55,"Filters: Season 9.5, Competitive, Gold. Percentages are displayed by RivalsTracker to two decimal places and converted to ratios without further precision. sample_matches repeats the source Matches field for each metric row. hero_rank is the displayed table order (win rate descending); tier_label is source-provided. Platform, region, and sample_players are not stated by the source and are left empty."
iron-fist-s9-5-gold,iron-fist,Iron Fist,seasonalRank,9.5,competitive,gold,,,winRate,0.5377,ratio,2996,,rivalstracker,primary,https://rivalstracker.com/heroes/iron-fist,2026-08-25T10:04:58.000Z,2026-08-25T14:58:14.626Z,A,11,55,"Filters: Season 9.5, Competitive, Gold. Percentages are displayed by RivalsTracker to two decimal places and converted to ratios without further precision. sample_matches repeats the source Matches field for each metric row. hero_rank is the displayed table order (win rate descending); tier_label is source-provided. Platform, region, and sample_players are not stated by the source and are left empty."
iron-fist-s9-5-gold,iron-fist,Iron Fist,seasonalRank,9.5,competitive,gold,,,pickRate,0.0536,ratio,2996,,rivalstracker,primary,https://rivalstracker.com/heroes/iron-fist,2026-08-25T10:04:58.000Z,2026-08-25T14:58:14.626Z,A,11,55,"Filters: Season 9.5, Competitive, Gold. Percentages are displayed by RivalsTracker to two decimal places and converted to ratios without further precision. sample_matches repeats the source Matches field for each metric row. hero_rank is the displayed table order (win rate descending); tier_label is source-provided. Platform, region, and sample_players are not stated by the source and are left empty."
iron-fist-s9-5-gold,iron-fist,Iron Fist,seasonalRank,9.5,competitive,gold,,,banRate,0.0148,ratio,2996,,rivalstracker,primary,https://rivalstracker.com/heroes/iron-fist,2026-08-25T10:04:58.000Z,2026-08-25T14:58:14.626Z,A,11,55,"Filters: Season 9.5, Competitive, Gold. Percentages are displayed by RivalsTracker to two decimal places and converted to ratios without further precision. sample_matches repeats the source Matches field for each metric row. hero_rank is the displayed table order (win rate descending); tier_label is source-provided. Platform, region, and sample_players are not stated by the source and are left empty."
the-hood-s9-5-gold,the-hood,The Hood,seasonalRank,9.5,competitive,gold,,,winRate,0.5340,ratio,18373,,rivalstracker,primary,https://rivalstracker.com/heroes/the-hood,2026-08-25T10:04:58.000Z,2026-08-25T14:58:14.626Z,S,12,55,"Filters: Season 9.5, Competitive, Gold. Percentages are displayed by RivalsTracker to two decimal places and converted to ratios without further precision. sample_matches repeats the source Matches field for each metric row. hero_rank is the displayed table order (win rate descending); tier_label is source-provided. Platform, region, and sample_players are not stated by the source and are left empty."
the-hood-s9-5-gold,the-hood,The Hood,seasonalRank,9.5,competitive,gold,,,pickRate,0.3286,ratio,18373,,rivalstracker,primary,https://rivalstracker.com/heroes/the-hood,2026-08-25T10:04:58.000Z,2026-08-25T14:58:14.626Z,S,12,55,"Filters: Season 9.5, Competitive, Gold. Percentages are displayed by RivalsTracker to two decimal places and converted to ratios without further precision. sample_matches repeats the source Matches field for each metric row. hero_rank is the displayed table order (win rate descending); tier_label is source-provided. Platform, region, and sample_players are not stated by the source and are left empty."
the-hood-s9-5-gold,the-hood,The Hood,seasonalRank,9.5,competitive,gold,,,banRate,0.0898,ratio,18373,,rivalstracker,primary,https://rivalstracker.com/heroes/the-hood,2026-08-25T10:04:58.000Z,2026-08-25T14:58:14.626Z,S,12,55,"Filters: Season 9.5, Competitive, Gold. Percentages are displayed by RivalsTracker to two decimal places and converted to ratios without further precision. sample_matches repeats the source Matches field for each metric row. hero_rank is the displayed table order (win rate descending); tier_label is source-provided. Platform, region, and sample_players are not stated by the source and are left empty."
angela-s9-5-gold,angela,Angela,seasonalRank,9.5,competitive,gold,,,winRate,0.5331,ratio,2055,,rivalstracker,primary,https://rivalstracker.com/heroes/angela,2026-08-25T10:04:58.000Z,2026-08-25T14:58:14.626Z,B,13,55,"Filters: Season 9.5, Competitive, Gold. Percentages are displayed by RivalsTracker to two decimal places and converted to ratios without further precision. sample_matches repeats the source Matches field for each metric row. hero_rank is the displayed table order (win rate descending); tier_label is source-provided. Platform, region, and sample_players are not stated by the source and are left empty."
angela-s9-5-gold,angela,Angela,seasonalRank,9.5,competitive,gold,,,pickRate,0.0368,ratio,2055,,rivalstracker,primary,https://rivalstracker.com/heroes/angela,2026-08-25T10:04:58.000Z,2026-08-25T14:58:14.626Z,B,13,55,"Filters: Season 9.5, Competitive, Gold. Percentages are displayed by RivalsTracker to two decimal places and converted to ratios without further precision. sample_matches repeats the source Matches field for each metric row. hero_rank is the displayed table order (win rate descending); tier_label is source-provided. Platform, region, and sample_players are not stated by the source and are left empty."
angela-s9-5-gold,angela,Angela,seasonalRank,9.5,competitive,gold,,,banRate,0.0083,ratio,2055,,rivalstracker,primary,https://rivalstracker.com/heroes/angela,2026-08-25T10:04:58.000Z,2026-08-25T14:58:14.626Z,B,13,55,"Filters: Season 9.5, Competitive, Gold. Percentages are displayed by RivalsTracker to two decimal places and converted to ratios without further precision. sample_matches repeats the source Matches field for each metric row. hero_rank is the displayed table order (win rate descending); tier_label is source-provided. Platform, region, and sample_players are not stated by the source and are left empty."
iron-man-s9-5-gold,iron-man,Iron Man,seasonalRank,9.5,competitive,gold,,,winRate,0.5331,ratio,4086,,rivalstracker,primary,https://rivalstracker.com/heroes/iron-man,2026-08-25T10:04:58.000Z,2026-08-25T14:58:14.626Z,A,14,55,"Filters: Season 9.5, Competitive, Gold. Percentages are displayed by RivalsTracker to two decimal places and converted to ratios without further precision. sample_matches repeats the source Matches field for each metric row. hero_rank is the displayed table order (win rate descending); tier_label is source-provided. Platform, region, and sample_players are not stated by the source and are left empty."
iron-man-s9-5-gold,iron-man,Iron Man,seasonalRank,9.5,competitive,gold,,,pickRate,0.0731,ratio,4086,,rivalstracker,primary,https://rivalstracker.com/heroes/iron-man,2026-08-25T10:04:58.000Z,2026-08-25T14:58:14.626Z,A,14,55,"Filters: Season 9.5, Competitive, Gold. Percentages are displayed by RivalsTracker to two decimal places and converted to ratios without further precision. sample_matches repeats the source Matches field for each metric row. hero_rank is the displayed table order (win rate descending); tier_label is source-provided. Platform, region, and sample_players are not stated by the source and are left empty."
iron-man-s9-5-gold,iron-man,Iron Man,seasonalRank,9.5,competitive,gold,,,banRate,0.0161,ratio,4086,,rivalstracker,primary,https://rivalstracker.com/heroes/iron-man,2026-08-25T10:04:58.000Z,2026-08-25T14:58:14.626Z,A,14,55,"Filters: Season 9.5, Competitive, Gold. Percentages are displayed by RivalsTracker to two decimal places and converted to ratios without further precision. sample_matches repeats the source Matches field for each metric row. hero_rank is the displayed table order (win rate descending); tier_label is source-provided. Platform, region, and sample_players are not stated by the source and are left empty."
blade-s9-5-gold,blade,Blade,seasonalRank,9.5,competitive,gold,,,winRate,0.5305,ratio,3472,,rivalstracker,primary,https://rivalstracker.com/heroes/blade,2026-08-25T10:04:58.000Z,2026-08-25T14:58:14.626Z,A,15,55,"Filters: Season 9.5, Competitive, Gold. Percentages are displayed by RivalsTracker to two decimal places and converted to ratios without further precision. sample_matches repeats the source Matches field for each metric row. hero_rank is the displayed table order (win rate descending); tier_label is source-provided. Platform, region, and sample_players are not stated by the source and are left empty."
blade-s9-5-gold,blade,Blade,seasonalRank,9.5,competitive,gold,,,pickRate,0.0621,ratio,3472,,rivalstracker,primary,https://rivalstracker.com/heroes/blade,2026-08-25T10:04:58.000Z,2026-08-25T14:58:14.626Z,A,15,55,"Filters: Season 9.5, Competitive, Gold. Percentages are displayed by RivalsTracker to two decimal places and converted to ratios without further precision. sample_matches repeats the source Matches field for each metric row. hero_rank is the displayed table order (win rate descending); tier_label is source-provided. Platform, region, and sample_players are not stated by the source and are left empty."
blade-s9-5-gold,blade,Blade,seasonalRank,9.5,competitive,gold,,,banRate,0.0211,ratio,3472,,rivalstracker,primary,https://rivalstracker.com/heroes/blade,2026-08-25T10:04:58.000Z,2026-08-25T14:58:14.626Z,A,15,55,"Filters: Season 9.5, Competitive, Gold. Percentages are displayed by RivalsTracker to two decimal places and converted to ratios without further precision. sample_matches repeats the source Matches field for each metric row. hero_rank is the displayed table order (win rate descending); tier_label is source-provided. Platform, region, and sample_players are not stated by the source and are left empty."
hulk-s9-5-gold,hulk,Hulk,seasonalRank,9.5,competitive,gold,,,winRate,0.5261,ratio,2847,,rivalstracker,primary,https://rivalstracker.com/heroes/hulk,2026-08-25T10:04:58.000Z,2026-08-25T14:58:14.626Z,B,16,55,"Filters: Season 9.5, Competitive, Gold. Percentages are displayed by RivalsTracker to two decimal places and converted to ratios without further precision. sample_matches repeats the source Matches field for each metric row. hero_rank is the displayed table order (win rate descending); tier_label is source-provided. Platform, region, and sample_players are not stated by the source and are left empty."
hulk-s9-5-gold,hulk,Hulk,seasonalRank,9.5,competitive,gold,,,pickRate,0.0509,ratio,2847,,rivalstracker,primary,https://rivalstracker.com/heroes/hulk,2026-08-25T10:04:58.000Z,2026-08-25T14:58:14.626Z,B,16,55,"Filters: Season 9.5, Competitive, Gold. Percentages are displayed by RivalsTracker to two decimal places and converted to ratios without further precision. sample_matches repeats the source Matches field for each metric row. hero_rank is the displayed table order (win rate descending); tier_label is source-provided. Platform, region, and sample_players are not stated by the source and are left empty."
hulk-s9-5-gold,hulk,Hulk,seasonalRank,9.5,competitive,gold,,,banRate,0.0025,ratio,2847,,rivalstracker,primary,https://rivalstracker.com/heroes/hulk,2026-08-25T10:04:58.000Z,2026-08-25T14:58:14.626Z,B,16,55,"Filters: Season 9.5, Competitive, Gold. Percentages are displayed by RivalsTracker to two decimal places and converted to ratios without further precision. sample_matches repeats the source Matches field for each metric row. hero_rank is the displayed table order (win rate descending); tier_label is source-provided. Platform, region, and sample_players are not stated by the source and are left empty."
spider-man-s9-5-gold,spider-man,Spider-man,seasonalRank,9.5,competitive,gold,,,winRate,0.5248,ratio,5256,,rivalstracker,primary,https://rivalstracker.com/heroes/spider-man,2026-08-25T10:04:58.000Z,2026-08-25T14:58:14.626Z,A,17,55,"Filters: Season 9.5, Competitive, Gold. Percentages are displayed by RivalsTracker to two decimal places and converted to ratios without further precision. sample_matches repeats the source Matches field for each metric row. hero_rank is the displayed table order (win rate descending); tier_label is source-provided. Platform, region, and sample_players are not stated by the source and are left empty."
spider-man-s9-5-gold,spider-man,Spider-man,seasonalRank,9.5,competitive,gold,,,pickRate,0.0940,ratio,5256,,rivalstracker,primary,https://rivalstracker.com/heroes/spider-man,2026-08-25T10:04:58.000Z,2026-08-25T14:58:14.626Z,A,17,55,"Filters: Season 9.5, Competitive, Gold. Percentages are displayed by RivalsTracker to two decimal places and converted to ratios without further precision. sample_matches repeats the source Matches field for each metric row. hero_rank is the displayed table order (win rate descending); tier_label is source-provided. Platform, region, and sample_players are not stated by the source and are left empty."
spider-man-s9-5-gold,spider-man,Spider-man,seasonalRank,9.5,competitive,gold,,,banRate,0.2490,ratio,5256,,rivalstracker,primary,https://rivalstracker.com/heroes/spider-man,2026-08-25T10:04:58.000Z,2026-08-25T14:58:14.626Z,A,17,55,"Filters: Season 9.5, Competitive, Gold. Percentages are displayed by RivalsTracker to two decimal places and converted to ratios without further precision. sample_matches repeats the source Matches field for each metric row. hero_rank is the displayed table order (win rate descending); tier_label is source-provided. Platform, region, and sample_players are not stated by the source and are left empty."
mister-fantastic-s9-5-gold,mister-fantastic,Mister Fantastic,seasonalRank,9.5,competitive,gold,,,winRate,0.5209,ratio,2350,,rivalstracker,primary,https://rivalstracker.com/heroes/mister-fantastic,2026-08-25T10:04:58.000Z,2026-08-25T14:58:14.626Z,B,18,55,"Filters: Season 9.5, Competitive, Gold. Percentages are displayed by RivalsTracker to two decimal places and converted to ratios without further precision. sample_matches repeats the source Matches field for each metric row. hero_rank is the displayed table order (win rate descending); tier_label is source-provided. Platform, region, and sample_players are not stated by the source and are left empty."
mister-fantastic-s9-5-gold,mister-fantastic,Mister Fantastic,seasonalRank,9.5,competitive,gold,,,pickRate,0.0420,ratio,2350,,rivalstracker,primary,https://rivalstracker.com/heroes/mister-fantastic,2026-08-25T10:04:58.000Z,2026-08-25T14:58:14.626Z,B,18,55,"Filters: Season 9.5, Competitive, Gold. Percentages are displayed by RivalsTracker to two decimal places and converted to ratios without further precision. sample_matches repeats the source Matches field for each metric row. hero_rank is the displayed table order (win rate descending); tier_label is source-provided. Platform, region, and sample_players are not stated by the source and are left empty."
mister-fantastic-s9-5-gold,mister-fantastic,Mister Fantastic,seasonalRank,9.5,competitive,gold,,,banRate,0.0030,ratio,2350,,rivalstracker,primary,https://rivalstracker.com/heroes/mister-fantastic,2026-08-25T10:04:58.000Z,2026-08-25T14:58:14.626Z,B,18,55,"Filters: Season 9.5, Competitive, Gold. Percentages are displayed by RivalsTracker to two decimal places and converted to ratios without further precision. sample_matches repeats the source Matches field for each metric row. hero_rank is the displayed table order (win rate descending); tier_label is source-provided. Platform, region, and sample_players are not stated by the source and are left empty."
thor-s9-5-gold,thor,Thor,seasonalRank,9.5,competitive,gold,,,winRate,0.5194,ratio,4606,,rivalstracker,primary,https://rivalstracker.com/heroes/thor,2026-08-25T10:04:58.000Z,2026-08-25T14:58:14.626Z,B,19,55,"Filters: Season 9.5, Competitive, Gold. Percentages are displayed by RivalsTracker to two decimal places and converted to ratios without further precision. sample_matches repeats the source Matches field for each metric row. hero_rank is the displayed table order (win rate descending); tier_label is source-provided. Platform, region, and sample_players are not stated by the source and are left empty."
thor-s9-5-gold,thor,Thor,seasonalRank,9.5,competitive,gold,,,pickRate,0.0824,ratio,4606,,rivalstracker,primary,https://rivalstracker.com/heroes/thor,2026-08-25T10:04:58.000Z,2026-08-25T14:58:14.626Z,B,19,55,"Filters: Season 9.5, Competitive, Gold. Percentages are displayed by RivalsTracker to two decimal places and converted to ratios without further precision. sample_matches repeats the source Matches field for each metric row. hero_rank is the displayed table order (win rate descending); tier_label is source-provided. Platform, region, and sample_players are not stated by the source and are left empty."
thor-s9-5-gold,thor,Thor,seasonalRank,9.5,competitive,gold,,,banRate,0.0063,ratio,4606,,rivalstracker,primary,https://rivalstracker.com/heroes/thor,2026-08-25T10:04:58.000Z,2026-08-25T14:58:14.626Z,B,19,55,"Filters: Season 9.5, Competitive, Gold. Percentages are displayed by RivalsTracker to two decimal places and converted to ratios without further precision. sample_matches repeats the source Matches field for each metric row. hero_rank is the displayed table order (win rate descending); tier_label is source-provided. Platform, region, and sample_players are not stated by the source and are left empty."
winter-soldier-s9-5-gold,winter-soldier,Winter Soldier,seasonalRank,9.5,competitive,gold,,,winRate,0.5165,ratio,9371,,rivalstracker,primary,https://rivalstracker.com/heroes/winter-soldier,2026-08-25T10:04:58.000Z,2026-08-25T14:58:14.626Z,A,20,55,"Filters: Season 9.5, Competitive, Gold. Percentages are displayed by RivalsTracker to two decimal places and converted to ratios without further precision. sample_matches repeats the source Matches field for each metric row. hero_rank is the displayed table order (win rate descending); tier_label is source-provided. Platform, region, and sample_players are not stated by the source and are left empty."
winter-soldier-s9-5-gold,winter-soldier,Winter Soldier,seasonalRank,9.5,competitive,gold,,,pickRate,0.1676,ratio,9371,,rivalstracker,primary,https://rivalstracker.com/heroes/winter-soldier,2026-08-25T10:04:58.000Z,2026-08-25T14:58:14.626Z,A,20,55,"Filters: Season 9.5, Competitive, Gold. Percentages are displayed by RivalsTracker to two decimal places and converted to ratios without further precision. sample_matches repeats the source Matches field for each metric row. hero_rank is the displayed table order (win rate descending); tier_label is source-provided. Platform, region, and sample_players are not stated by the source and are left empty."
winter-soldier-s9-5-gold,winter-soldier,Winter Soldier,seasonalRank,9.5,competitive,gold,,,banRate,0.0361,ratio,9371,,rivalstracker,primary,https://rivalstracker.com/heroes/winter-soldier,2026-08-25T10:04:58.000Z,2026-08-25T14:58:14.626Z,A,20,55,"Filters: Season 9.5, Competitive, Gold. Percentages are displayed by RivalsTracker to two decimal places and converted to ratios without further precision. sample_matches repeats the source Matches field for each metric row. hero_rank is the displayed table order (win rate descending); tier_label is source-provided. Platform, region, and sample_players are not stated by the source and are left empty."
hela-s9-5-gold,hela,Hela,seasonalRank,9.5,competitive,gold,,,winRate,0.5098,ratio,5114,,rivalstracker,primary,https://rivalstracker.com/heroes/hela,2026-08-25T10:04:58.000Z,2026-08-25T14:58:14.626Z,A,21,55,"Filters: Season 9.5, Competitive, Gold. Percentages are displayed by RivalsTracker to two decimal places and converted to ratios without further precision. sample_matches repeats the source Matches field for each metric row. hero_rank is the displayed table order (win rate descending); tier_label is source-provided. Platform, region, and sample_players are not stated by the source and are left empty."
hela-s9-5-gold,hela,Hela,seasonalRank,9.5,competitive,gold,,,pickRate,0.0915,ratio,5114,,rivalstracker,primary,https://rivalstracker.com/heroes/hela,2026-08-25T10:04:58.000Z,2026-08-25T14:58:14.626Z,A,21,55,"Filters: Season 9.5, Competitive, Gold. Percentages are displayed by RivalsTracker to two decimal places and converted to ratios without further precision. sample_matches repeats the source Matches field for each metric row. hero_rank is the displayed table order (win rate descending); tier_label is source-provided. Platform, region, and sample_players are not stated by the source and are left empty."
hela-s9-5-gold,hela,Hela,seasonalRank,9.5,competitive,gold,,,banRate,0.0498,ratio,5114,,rivalstracker,primary,https://rivalstracker.com/heroes/hela,2026-08-25T10:04:58.000Z,2026-08-25T14:58:14.626Z,A,21,55,"Filters: Season 9.5, Competitive, Gold. Percentages are displayed by RivalsTracker to two decimal places and converted to ratios without further precision. sample_matches repeats the source Matches field for each metric row. hero_rank is the displayed table order (win rate descending); tier_label is source-provided. Platform, region, and sample_players are not stated by the source and are left empty."
adam-warlock-s9-5-gold,adam-warlock,Adam Warlock,seasonalRank,9.5,competitive,gold,,,winRate,0.5082,ratio,1545,,rivalstracker,primary,https://rivalstracker.com/heroes/adam-warlock,2026-08-25T10:04:58.000Z,2026-08-25T14:58:14.626Z,B,22,55,"Filters: Season 9.5, Competitive, Gold. Percentages are displayed by RivalsTracker to two decimal places and converted to ratios without further precision. sample_matches repeats the source Matches field for each metric row. hero_rank is the displayed table order (win rate descending); tier_label is source-provided. Platform, region, and sample_players are not stated by the source and are left empty."
adam-warlock-s9-5-gold,adam-warlock,Adam Warlock,seasonalRank,9.5,competitive,gold,,,pickRate,0.0276,ratio,1545,,rivalstracker,primary,https://rivalstracker.com/heroes/adam-warlock,2026-08-25T10:04:58.000Z,2026-08-25T14:58:14.626Z,B,22,55,"Filters: Season 9.5, Competitive, Gold. Percentages are displayed by RivalsTracker to two decimal places and converted to ratios without further precision. sample_matches repeats the source Matches field for each metric row. hero_rank is the displayed table order (win rate descending); tier_label is source-provided. Platform, region, and sample_players are not stated by the source and are left empty."
adam-warlock-s9-5-gold,adam-warlock,Adam Warlock,seasonalRank,9.5,competitive,gold,,,banRate,0.0010,ratio,1545,,rivalstracker,primary,https://rivalstracker.com/heroes/adam-warlock,2026-08-25T10:04:58.000Z,2026-08-25T14:58:14.626Z,B,22,55,"Filters: Season 9.5, Competitive, Gold. Percentages are displayed by RivalsTracker to two decimal places and converted to ratios without further precision. sample_matches repeats the source Matches field for each metric row. hero_rank is the displayed table order (win rate descending); tier_label is source-provided. Platform, region, and sample_players are not stated by the source and are left empty."
groot-s9-5-gold,groot,Groot,seasonalRank,9.5,competitive,gold,,,winRate,0.5065,ratio,3472,,rivalstracker,primary,https://rivalstracker.com/heroes/groot,2026-08-25T10:04:58.000Z,2026-08-25T14:58:14.626Z,B,23,55,"Filters: Season 9.5, Competitive, Gold. Percentages are displayed by RivalsTracker to two decimal places and converted to ratios without further precision. sample_matches repeats the source Matches field for each metric row. hero_rank is the displayed table order (win rate descending); tier_label is source-provided. Platform, region, and sample_players are not stated by the source and are left empty."
groot-s9-5-gold,groot,Groot,seasonalRank,9.5,competitive,gold,,,pickRate,0.0621,ratio,3472,,rivalstracker,primary,https://rivalstracker.com/heroes/groot,2026-08-25T10:04:58.000Z,2026-08-25T14:58:14.626Z,B,23,55,"Filters: Season 9.5, Competitive, Gold. Percentages are displayed by RivalsTracker to two decimal places and converted to ratios without further precision. sample_matches repeats the source Matches field for each metric row. hero_rank is the displayed table order (win rate descending); tier_label is source-provided. Platform, region, and sample_players are not stated by the source and are left empty."
groot-s9-5-gold,groot,Groot,seasonalRank,9.5,competitive,gold,,,banRate,0.0815,ratio,3472,,rivalstracker,primary,https://rivalstracker.com/heroes/groot,2026-08-25T10:04:58.000Z,2026-08-25T14:58:14.626Z,B,23,55,"Filters: Season 9.5, Competitive, Gold. Percentages are displayed by RivalsTracker to two decimal places and converted to ratios without further precision. sample_matches repeats the source Matches field for each metric row. hero_rank is the displayed table order (win rate descending); tier_label is source-provided. Platform, region, and sample_players are not stated by the source and are left empty."
magneto-s9-5-gold,magneto,Magneto,seasonalRank,9.5,competitive,gold,,,winRate,0.5064,ratio,17688,,rivalstracker,primary,https://rivalstracker.com/heroes/magneto,2026-08-25T10:04:58.000Z,2026-08-25T14:58:14.626Z,A,24,55,"Filters: Season 9.5, Competitive, Gold. Percentages are displayed by RivalsTracker to two decimal places and converted to ratios without further precision. sample_matches repeats the source Matches field for each metric row. hero_rank is the displayed table order (win rate descending); tier_label is source-provided. Platform, region, and sample_players are not stated by the source and are left empty."
magneto-s9-5-gold,magneto,Magneto,seasonalRank,9.5,competitive,gold,,,pickRate,0.3163,ratio,17688,,rivalstracker,primary,https://rivalstracker.com/heroes/magneto,2026-08-25T10:04:58.000Z,2026-08-25T14:58:14.626Z,A,24,55,"Filters: Season 9.5, Competitive, Gold. Percentages are displayed by RivalsTracker to two decimal places and converted to ratios without further precision. sample_matches repeats the source Matches field for each metric row. hero_rank is the displayed table order (win rate descending); tier_label is source-provided. Platform, region, and sample_players are not stated by the source and are left empty."
magneto-s9-5-gold,magneto,Magneto,seasonalRank,9.5,competitive,gold,,,banRate,0.0638,ratio,17688,,rivalstracker,primary,https://rivalstracker.com/heroes/magneto,2026-08-25T10:04:58.000Z,2026-08-25T14:58:14.626Z,A,24,55,"Filters: Season 9.5, Competitive, Gold. Percentages are displayed by RivalsTracker to two decimal places and converted to ratios without further precision. sample_matches repeats the source Matches field for each metric row. hero_rank is the displayed table order (win rate descending); tier_label is source-provided. Platform, region, and sample_players are not stated by the source and are left empty."
human-torch-s9-5-gold,human-torch,Human Torch,seasonalRank,9.5,competitive,gold,,,winRate,0.5045,ratio,1481,,rivalstracker,primary,https://rivalstracker.com/heroes/human-torch,2026-08-25T10:04:58.000Z,2026-08-25T14:58:14.626Z,B,25,55,"Filters: Season 9.5, Competitive, Gold. Percentages are displayed by RivalsTracker to two decimal places and converted to ratios without further precision. sample_matches repeats the source Matches field for each metric row. hero_rank is the displayed table order (win rate descending); tier_label is source-provided. Platform, region, and sample_players are not stated by the source and are left empty."
human-torch-s9-5-gold,human-torch,Human Torch,seasonalRank,9.5,competitive,gold,,,pickRate,0.0265,ratio,1481,,rivalstracker,primary,https://rivalstracker.com/heroes/human-torch,2026-08-25T10:04:58.000Z,2026-08-25T14:58:14.626Z,B,25,55,"Filters: Season 9.5, Competitive, Gold. Percentages are displayed by RivalsTracker to two decimal places and converted to ratios without further precision. sample_matches repeats the source Matches field for each metric row. hero_rank is the displayed table order (win rate descending); tier_label is source-provided. Platform, region, and sample_players are not stated by the source and are left empty."
human-torch-s9-5-gold,human-torch,Human Torch,seasonalRank,9.5,competitive,gold,,,banRate,0.0022,ratio,1481,,rivalstracker,primary,https://rivalstracker.com/heroes/human-torch,2026-08-25T10:04:58.000Z,2026-08-25T14:58:14.626Z,B,25,55,"Filters: Season 9.5, Competitive, Gold. Percentages are displayed by RivalsTracker to two decimal places and converted to ratios without further precision. sample_matches repeats the source Matches field for each metric row. hero_rank is the displayed table order (win rate descending); tier_label is source-provided. Platform, region, and sample_players are not stated by the source and are left empty."
loki-s9-5-gold,loki,Loki,seasonalRank,9.5,competitive,gold,,,winRate,0.4994,ratio,2541,,rivalstracker,primary,https://rivalstracker.com/heroes/loki,2026-08-25T10:04:58.000Z,2026-08-25T14:58:14.626Z,B,26,55,"Filters: Season 9.5, Competitive, Gold. Percentages are displayed by RivalsTracker to two decimal places and converted to ratios without further precision. sample_matches repeats the source Matches field for each metric row. hero_rank is the displayed table order (win rate descending); tier_label is source-provided. Platform, region, and sample_players are not stated by the source and are left empty."
loki-s9-5-gold,loki,Loki,seasonalRank,9.5,competitive,gold,,,pickRate,0.0454,ratio,2541,,rivalstracker,primary,https://rivalstracker.com/heroes/loki,2026-08-25T10:04:58.000Z,2026-08-25T14:58:14.626Z,B,26,55,"Filters: Season 9.5, Competitive, Gold. Percentages are displayed by RivalsTracker to two decimal places and converted to ratios without further precision. sample_matches repeats the source Matches field for each metric row. hero_rank is the displayed table order (win rate descending); tier_label is source-provided. Platform, region, and sample_players are not stated by the source and are left empty."
loki-s9-5-gold,loki,Loki,seasonalRank,9.5,competitive,gold,,,banRate,0.0035,ratio,2541,,rivalstracker,primary,https://rivalstracker.com/heroes/loki,2026-08-25T10:04:58.000Z,2026-08-25T14:58:14.626Z,B,26,55,"Filters: Season 9.5, Competitive, Gold. Percentages are displayed by RivalsTracker to two decimal places and converted to ratios without further precision. sample_matches repeats the source Matches field for each metric row. hero_rank is the displayed table order (win rate descending); tier_label is source-provided. Platform, region, and sample_players are not stated by the source and are left empty."
cloak-and-dagger-s9-5-gold,cloak-and-dagger,Cloak & Dagger,seasonalRank,9.5,competitive,gold,,,winRate,0.4993,ratio,22290,,rivalstracker,primary,https://rivalstracker.com/heroes/cloak-&-dagger,2026-08-25T10:04:58.000Z,2026-08-25T14:58:14.626Z,A,27,55,"Filters: Season 9.5, Competitive, Gold. Percentages are displayed by RivalsTracker to two decimal places and converted to ratios without further precision. sample_matches repeats the source Matches field for each metric row. hero_rank is the displayed table order (win rate descending); tier_label is source-provided. Platform, region, and sample_players are not stated by the source and are left empty."
cloak-and-dagger-s9-5-gold,cloak-and-dagger,Cloak & Dagger,seasonalRank,9.5,competitive,gold,,,pickRate,0.3986,ratio,22290,,rivalstracker,primary,https://rivalstracker.com/heroes/cloak-&-dagger,2026-08-25T10:04:58.000Z,2026-08-25T14:58:14.626Z,A,27,55,"Filters: Season 9.5, Competitive, Gold. Percentages are displayed by RivalsTracker to two decimal places and converted to ratios without further precision. sample_matches repeats the source Matches field for each metric row. hero_rank is the displayed table order (win rate descending); tier_label is source-provided. Platform, region, and sample_players are not stated by the source and are left empty."
cloak-and-dagger-s9-5-gold,cloak-and-dagger,Cloak & Dagger,seasonalRank,9.5,competitive,gold,,,banRate,0.1272,ratio,22290,,rivalstracker,primary,https://rivalstracker.com/heroes/cloak-&-dagger,2026-08-25T10:04:58.000Z,2026-08-25T14:58:14.626Z,A,27,55,"Filters: Season 9.5, Competitive, Gold. Percentages are displayed by RivalsTracker to two decimal places and converted to ratios without further precision. sample_matches repeats the source Matches field for each metric row. hero_rank is the displayed table order (win rate descending); tier_label is source-provided. Platform, region, and sample_players are not stated by the source and are left empty."
rogue-s9-5-gold,rogue,Rogue,seasonalRank,9.5,competitive,gold,,,winRate,0.4931,ratio,3507,,rivalstracker,primary,https://rivalstracker.com/heroes/rogue,2026-08-25T10:04:58.000Z,2026-08-25T14:58:14.626Z,B,28,55,"Filters: Season 9.5, Competitive, Gold. Percentages are displayed by RivalsTracker to two decimal places and converted to ratios without further precision. sample_matches repeats the source Matches field for each metric row. hero_rank is the displayed table order (win rate descending); tier_label is source-provided. Platform, region, and sample_players are not stated by the source and are left empty."
rogue-s9-5-gold,rogue,Rogue,seasonalRank,9.5,competitive,gold,,,pickRate,0.0627,ratio,3507,,rivalstracker,primary,https://rivalstracker.com/heroes/rogue,2026-08-25T10:04:58.000Z,2026-08-25T14:58:14.626Z,B,28,55,"Filters: Season 9.5, Competitive, Gold. Percentages are displayed by RivalsTracker to two decimal places and converted to ratios without further precision. sample_matches repeats the source Matches field for each metric row. hero_rank is the displayed table order (win rate descending); tier_label is source-provided. Platform, region, and sample_players are not stated by the source and are left empty."
rogue-s9-5-gold,rogue,Rogue,seasonalRank,9.5,competitive,gold,,,banRate,0.0044,ratio,3507,,rivalstracker,primary,https://rivalstracker.com/heroes/rogue,2026-08-25T10:04:58.000Z,2026-08-25T14:58:14.626Z,B,28,55,"Filters: Season 9.5, Competitive, Gold. Percentages are displayed by RivalsTracker to two decimal places and converted to ratios without further precision. sample_matches repeats the source Matches field for each metric row. hero_rank is the displayed table order (win rate descending); tier_label is source-provided. Platform, region, and sample_players are not stated by the source and are left empty."
psylocke-s9-5-gold,psylocke,Psylocke,seasonalRank,9.5,competitive,gold,,,winRate,0.4923,ratio,2381,,rivalstracker,primary,https://rivalstracker.com/heroes/psylocke,2026-08-25T10:04:58.000Z,2026-08-25T14:58:14.626Z,B,29,55,"Filters: Season 9.5, Competitive, Gold. Percentages are displayed by RivalsTracker to two decimal places and converted to ratios without further precision. sample_matches repeats the source Matches field for each metric row. hero_rank is the displayed table order (win rate descending); tier_label is source-provided. Platform, region, and sample_players are not stated by the source and are left empty."
psylocke-s9-5-gold,psylocke,Psylocke,seasonalRank,9.5,competitive,gold,,,pickRate,0.0426,ratio,2381,,rivalstracker,primary,https://rivalstracker.com/heroes/psylocke,2026-08-25T10:04:58.000Z,2026-08-25T14:58:14.626Z,B,29,55,"Filters: Season 9.5, Competitive, Gold. Percentages are displayed by RivalsTracker to two decimal places and converted to ratios without further precision. sample_matches repeats the source Matches field for each metric row. hero_rank is the displayed table order (win rate descending); tier_label is source-provided. Platform, region, and sample_players are not stated by the source and are left empty."
psylocke-s9-5-gold,psylocke,Psylocke,seasonalRank,9.5,competitive,gold,,,banRate,0.0035,ratio,2381,,rivalstracker,primary,https://rivalstracker.com/heroes/psylocke,2026-08-25T10:04:58.000Z,2026-08-25T14:58:14.626Z,B,29,55,"Filters: Season 9.5, Competitive, Gold. Percentages are displayed by RivalsTracker to two decimal places and converted to ratios without further precision. sample_matches repeats the source Matches field for each metric row. hero_rank is the displayed table order (win rate descending); tier_label is source-provided. Platform, region, and sample_players are not stated by the source and are left empty."
wolverine-s9-5-gold,wolverine,Wolverine,seasonalRank,9.5,competitive,gold,,,winRate,0.4912,ratio,1612,,rivalstracker,primary,https://rivalstracker.com/heroes/wolverine,2026-08-25T10:04:58.000Z,2026-08-25T14:58:14.626Z,C,30,55,"Filters: Season 9.5, Competitive, Gold. Percentages are displayed by RivalsTracker to two decimal places and converted to ratios without further precision. sample_matches repeats the source Matches field for each metric row. hero_rank is the displayed table order (win rate descending); tier_label is source-provided. Platform, region, and sample_players are not stated by the source and are left empty."
wolverine-s9-5-gold,wolverine,Wolverine,seasonalRank,9.5,competitive,gold,,,pickRate,0.0288,ratio,1612,,rivalstracker,primary,https://rivalstracker.com/heroes/wolverine,2026-08-25T10:04:58.000Z,2026-08-25T14:58:14.626Z,C,30,55,"Filters: Season 9.5, Competitive, Gold. Percentages are displayed by RivalsTracker to two decimal places and converted to ratios without further precision. sample_matches repeats the source Matches field for each metric row. hero_rank is the displayed table order (win rate descending); tier_label is source-provided. Platform, region, and sample_players are not stated by the source and are left empty."
wolverine-s9-5-gold,wolverine,Wolverine,seasonalRank,9.5,competitive,gold,,,banRate,0.0069,ratio,1612,,rivalstracker,primary,https://rivalstracker.com/heroes/wolverine,2026-08-25T10:04:58.000Z,2026-08-25T14:58:14.626Z,C,30,55,"Filters: Season 9.5, Competitive, Gold. Percentages are displayed by RivalsTracker to two decimal places and converted to ratios without further precision. sample_matches repeats the source Matches field for each metric row. hero_rank is the displayed table order (win rate descending); tier_label is source-provided. Platform, region, and sample_players are not stated by the source and are left empty."
devil-dinosaur-s9-5-gold,devil-dinosaur,Devil Dinosaur,seasonalRank,9.5,competitive,gold,,,winRate,0.4907,ratio,6744,,rivalstracker,primary,https://rivalstracker.com/heroes/devil-dinosaur,2026-08-25T10:04:58.000Z,2026-08-25T14:58:14.626Z,B,31,55,"Filters: Season 9.5, Competitive, Gold. Percentages are displayed by RivalsTracker to two decimal places and converted to ratios without further precision. sample_matches repeats the source Matches field for each metric row. hero_rank is the displayed table order (win rate descending); tier_label is source-provided. Platform, region, and sample_players are not stated by the source and are left empty."
devil-dinosaur-s9-5-gold,devil-dinosaur,Devil Dinosaur,seasonalRank,9.5,competitive,gold,,,pickRate,0.1206,ratio,6744,,rivalstracker,primary,https://rivalstracker.com/heroes/devil-dinosaur,2026-08-25T10:04:58.000Z,2026-08-25T14:58:14.626Z,B,31,55,"Filters: Season 9.5, Competitive, Gold. Percentages are displayed by RivalsTracker to two decimal places and converted to ratios without further precision. sample_matches repeats the source Matches field for each metric row. hero_rank is the displayed table order (win rate descending); tier_label is source-provided. Platform, region, and sample_players are not stated by the source and are left empty."
devil-dinosaur-s9-5-gold,devil-dinosaur,Devil Dinosaur,seasonalRank,9.5,competitive,gold,,,banRate,0.0519,ratio,6744,,rivalstracker,primary,https://rivalstracker.com/heroes/devil-dinosaur,2026-08-25T10:04:58.000Z,2026-08-25T14:58:14.626Z,B,31,55,"Filters: Season 9.5, Competitive, Gold. Percentages are displayed by RivalsTracker to two decimal places and converted to ratios without further precision. sample_matches repeats the source Matches field for each metric row. hero_rank is the displayed table order (win rate descending); tier_label is source-provided. Platform, region, and sample_players are not stated by the source and are left empty."
venom-s9-5-gold,venom,Venom,seasonalRank,9.5,competitive,gold,,,winRate,0.4904,ratio,6574,,rivalstracker,primary,https://rivalstracker.com/heroes/venom,2026-08-25T10:04:58.000Z,2026-08-25T14:58:14.626Z,B,32,55,"Filters: Season 9.5, Competitive, Gold. Percentages are displayed by RivalsTracker to two decimal places and converted to ratios without further precision. sample_matches repeats the source Matches field for each metric row. hero_rank is the displayed table order (win rate descending); tier_label is source-provided. Platform, region, and sample_players are not stated by the source and are left empty."
venom-s9-5-gold,venom,Venom,seasonalRank,9.5,competitive,gold,,,pickRate,0.1176,ratio,6574,,rivalstracker,primary,https://rivalstracker.com/heroes/venom,2026-08-25T10:04:58.000Z,2026-08-25T14:58:14.626Z,B,32,55,"Filters: Season 9.5, Competitive, Gold. Percentages are displayed by RivalsTracker to two decimal places and converted to ratios without further precision. sample_matches repeats the source Matches field for each metric row. hero_rank is the displayed table order (win rate descending); tier_label is source-provided. Platform, region, and sample_players are not stated by the source and are left empty."
venom-s9-5-gold,venom,Venom,seasonalRank,9.5,competitive,gold,,,banRate,0.0631,ratio,6574,,rivalstracker,primary,https://rivalstracker.com/heroes/venom,2026-08-25T10:04:58.000Z,2026-08-25T14:58:14.626Z,B,32,55,"Filters: Season 9.5, Competitive, Gold. Percentages are displayed by RivalsTracker to two decimal places and converted to ratios without further precision. sample_matches repeats the source Matches field for each metric row. hero_rank is the displayed table order (win rate descending); tier_label is source-provided. Platform, region, and sample_players are not stated by the source and are left empty."
jubilee-s9-5-gold,jubilee,Jubilee,seasonalRank,9.5,competitive,gold,,,winRate,0.4903,ratio,19433,,rivalstracker,primary,https://rivalstracker.com/heroes/jubilee,2026-08-25T10:04:58.000Z,2026-08-25T14:58:14.626Z,B,33,55,"Filters: Season 9.5, Competitive, Gold. Percentages are displayed by RivalsTracker to two decimal places and converted to ratios without further precision. sample_matches repeats the source Matches field for each metric row. hero_rank is the displayed table order (win rate descending); tier_label is source-provided. Platform, region, and sample_players are not stated by the source and are left empty."
jubilee-s9-5-gold,jubilee,Jubilee,seasonalRank,9.5,competitive,gold,,,pickRate,0.3476,ratio,19433,,rivalstracker,primary,https://rivalstracker.com/heroes/jubilee,2026-08-25T10:04:58.000Z,2026-08-25T14:58:14.626Z,B,33,55,"Filters: Season 9.5, Competitive, Gold. Percentages are displayed by RivalsTracker to two decimal places and converted to ratios without further precision. sample_matches repeats the source Matches field for each metric row. hero_rank is the displayed table order (win rate descending); tier_label is source-provided. Platform, region, and sample_players are not stated by the source and are left empty."
jubilee-s9-5-gold,jubilee,Jubilee,seasonalRank,9.5,competitive,gold,,,banRate,0.0391,ratio,19433,,rivalstracker,primary,https://rivalstracker.com/heroes/jubilee,2026-08-25T10:04:58.000Z,2026-08-25T14:58:14.626Z,B,33,55,"Filters: Season 9.5, Competitive, Gold. Percentages are displayed by RivalsTracker to two decimal places and converted to ratios without further precision. sample_matches repeats the source Matches field for each metric row. hero_rank is the displayed table order (win rate descending); tier_label is source-provided. Platform, region, and sample_players are not stated by the source and are left empty."
elsa-bloodstone-s9-5-gold,elsa-bloodstone,Elsa Bloodstone,seasonalRank,9.5,competitive,gold,,,winRate,0.4902,ratio,4205,,rivalstracker,primary,https://rivalstracker.com/heroes/elsa-bloodstone,2026-08-25T10:04:58.000Z,2026-08-25T14:58:14.626Z,B,34,55,"Filters: Season 9.5, Competitive, Gold. Percentages are displayed by RivalsTracker to two decimal places and converted to ratios without further precision. sample_matches repeats the source Matches field for each metric row. hero_rank is the displayed table order (win rate descending); tier_label is source-provided. Platform, region, and sample_players are not stated by the source and are left empty."
elsa-bloodstone-s9-5-gold,elsa-bloodstone,Elsa Bloodstone,seasonalRank,9.5,competitive,gold,,,pickRate,0.0752,ratio,4205,,rivalstracker,primary,https://rivalstracker.com/heroes/elsa-bloodstone,2026-08-25T10:04:58.000Z,2026-08-25T14:58:14.626Z,B,34,55,"Filters: Season 9.5, Competitive, Gold. Percentages are displayed by RivalsTracker to two decimal places and converted to ratios without further precision. sample_matches repeats the source Matches field for each metric row. hero_rank is the displayed table order (win rate descending); tier_label is source-provided. Platform, region, and sample_players are not stated by the source and are left empty."
elsa-bloodstone-s9-5-gold,elsa-bloodstone,Elsa Bloodstone,seasonalRank,9.5,competitive,gold,,,banRate,0.0396,ratio,4205,,rivalstracker,primary,https://rivalstracker.com/heroes/elsa-bloodstone,2026-08-25T10:04:58.000Z,2026-08-25T14:58:14.626Z,B,34,55,"Filters: Season 9.5, Competitive, Gold. Percentages are displayed by RivalsTracker to two decimal places and converted to ratios without further precision. sample_matches repeats the source Matches field for each metric row. hero_rank is the displayed table order (win rate descending); tier_label is source-provided. Platform, region, and sample_players are not stated by the source and are left empty."
black-widow-s9-5-gold,black-widow,Black Widow,seasonalRank,9.5,competitive,gold,,,winRate,0.4887,ratio,3800,,rivalstracker,primary,https://rivalstracker.com/heroes/black-widow,2026-08-25T10:04:58.000Z,2026-08-25T14:58:14.626Z,C,35,55,"Filters: Season 9.5, Competitive, Gold. Percentages are displayed by RivalsTracker to two decimal places and converted to ratios without further precision. sample_matches repeats the source Matches field for each metric row. hero_rank is the displayed table order (win rate descending); tier_label is source-provided. Platform, region, and sample_players are not stated by the source and are left empty."
black-widow-s9-5-gold,black-widow,Black Widow,seasonalRank,9.5,competitive,gold,,,pickRate,0.0680,ratio,3800,,rivalstracker,primary,https://rivalstracker.com/heroes/black-widow,2026-08-25T10:04:58.000Z,2026-08-25T14:58:14.626Z,C,35,55,"Filters: Season 9.5, Competitive, Gold. Percentages are displayed by RivalsTracker to two decimal places and converted to ratios without further precision. sample_matches repeats the source Matches field for each metric row. hero_rank is the displayed table order (win rate descending); tier_label is source-provided. Platform, region, and sample_players are not stated by the source and are left empty."
black-widow-s9-5-gold,black-widow,Black Widow,seasonalRank,9.5,competitive,gold,,,banRate,0.0087,ratio,3800,,rivalstracker,primary,https://rivalstracker.com/heroes/black-widow,2026-08-25T10:04:58.000Z,2026-08-25T14:58:14.626Z,C,35,55,"Filters: Season 9.5, Competitive, Gold. Percentages are displayed by RivalsTracker to two decimal places and converted to ratios without further precision. sample_matches repeats the source Matches field for each metric row. hero_rank is the displayed table order (win rate descending); tier_label is source-provided. Platform, region, and sample_players are not stated by the source and are left empty."
hawkeye-s9-5-gold,hawkeye,Hawkeye,seasonalRank,9.5,competitive,gold,,,winRate,0.4835,ratio,1696,,rivalstracker,primary,https://rivalstracker.com/heroes/hawkeye,2026-08-25T10:04:58.000Z,2026-08-25T14:58:14.626Z,C,36,55,"Filters: Season 9.5, Competitive, Gold. Percentages are displayed by RivalsTracker to two decimal places and converted to ratios without further precision. sample_matches repeats the source Matches field for each metric row. hero_rank is the displayed table order (win rate descending); tier_label is source-provided. Platform, region, and sample_players are not stated by the source and are left empty."
hawkeye-s9-5-gold,hawkeye,Hawkeye,seasonalRank,9.5,competitive,gold,,,pickRate,0.0303,ratio,1696,,rivalstracker,primary,https://rivalstracker.com/heroes/hawkeye,2026-08-25T10:04:58.000Z,2026-08-25T14:58:14.626Z,C,36,55,"Filters: Season 9.5, Competitive, Gold. Percentages are displayed by RivalsTracker to two decimal places and converted to ratios without further precision. sample_matches repeats the source Matches field for each metric row. hero_rank is the displayed table order (win rate descending); tier_label is source-provided. Platform, region, and sample_players are not stated by the source and are left empty."
hawkeye-s9-5-gold,hawkeye,Hawkeye,seasonalRank,9.5,competitive,gold,,,banRate,0.0035,ratio,1696,,rivalstracker,primary,https://rivalstracker.com/heroes/hawkeye,2026-08-25T10:04:58.000Z,2026-08-25T14:58:14.626Z,C,36,55,"Filters: Season 9.5, Competitive, Gold. Percentages are displayed by RivalsTracker to two decimal places and converted to ratios without further precision. sample_matches repeats the source Matches field for each metric row. hero_rank is the displayed table order (win rate descending); tier_label is source-provided. Platform, region, and sample_players are not stated by the source and are left empty."
moon-knight-s9-5-gold,moon-knight,Moon Knight,seasonalRank,9.5,competitive,gold,,,winRate,0.4831,ratio,6904,,rivalstracker,primary,https://rivalstracker.com/heroes/moon-knight,2026-08-25T10:04:58.000Z,2026-08-25T14:58:14.626Z,B,37,55,"Filters: Season 9.5, Competitive, Gold. Percentages are displayed by RivalsTracker to two decimal places and converted to ratios without further precision. sample_matches repeats the source Matches field for each metric row. hero_rank is the displayed table order (win rate descending); tier_label is source-provided. Platform, region, and sample_players are not stated by the source and are left empty."
moon-knight-s9-5-gold,moon-knight,Moon Knight,seasonalRank,9.5,competitive,gold,,,pickRate,0.1235,ratio,6904,,rivalstracker,primary,https://rivalstracker.com/heroes/moon-knight,2026-08-25T10:04:58.000Z,2026-08-25T14:58:14.626Z,B,37,55,"Filters: Season 9.5, Competitive, Gold. Percentages are displayed by RivalsTracker to two decimal places and converted to ratios without further precision. sample_matches repeats the source Matches field for each metric row. hero_rank is the displayed table order (win rate descending); tier_label is source-provided. Platform, region, and sample_players are not stated by the source and are left empty."
moon-knight-s9-5-gold,moon-knight,Moon Knight,seasonalRank,9.5,competitive,gold,,,banRate,0.0280,ratio,6904,,rivalstracker,primary,https://rivalstracker.com/heroes/moon-knight,2026-08-25T10:04:58.000Z,2026-08-25T14:58:14.626Z,B,37,55,"Filters: Season 9.5, Competitive, Gold. Percentages are displayed by RivalsTracker to two decimal places and converted to ratios without further precision. sample_matches repeats the source Matches field for each metric row. hero_rank is the displayed table order (win rate descending); tier_label is source-provided. Platform, region, and sample_players are not stated by the source and are left empty."
star-lord-s9-5-gold,star-lord,Star-lord,seasonalRank,9.5,competitive,gold,,,winRate,0.4829,ratio,3170,,rivalstracker,primary,https://rivalstracker.com/heroes/star-lord,2026-08-25T10:04:58.000Z,2026-08-25T14:58:14.626Z,C,38,55,"Filters: Season 9.5, Competitive, Gold. Percentages are displayed by RivalsTracker to two decimal places and converted to ratios without further precision. sample_matches repeats the source Matches field for each metric row. hero_rank is the displayed table order (win rate descending); tier_label is source-provided. Platform, region, and sample_players are not stated by the source and are left empty."
star-lord-s9-5-gold,star-lord,Star-lord,seasonalRank,9.5,competitive,gold,,,pickRate,0.0567,ratio,3170,,rivalstracker,primary,https://rivalstracker.com/heroes/star-lord,2026-08-25T10:04:58.000Z,2026-08-25T14:58:14.626Z,C,38,55,"Filters: Season 9.5, Competitive, Gold. Percentages are displayed by RivalsTracker to two decimal places and converted to ratios without further precision. sample_matches repeats the source Matches field for each metric row. hero_rank is the displayed table order (win rate descending); tier_label is source-provided. Platform, region, and sample_players are not stated by the source and are left empty."
star-lord-s9-5-gold,star-lord,Star-lord,seasonalRank,9.5,competitive,gold,,,banRate,0.0036,ratio,3170,,rivalstracker,primary,https://rivalstracker.com/heroes/star-lord,2026-08-25T10:04:58.000Z,2026-08-25T14:58:14.626Z,C,38,55,"Filters: Season 9.5, Competitive, Gold. Percentages are displayed by RivalsTracker to two decimal places and converted to ratios without further precision. sample_matches repeats the source Matches field for each metric row. hero_rank is the displayed table order (win rate descending); tier_label is source-provided. Platform, region, and sample_players are not stated by the source and are left empty."
doctor-strange-s9-5-gold,doctor-strange,Doctor Strange,seasonalRank,9.5,competitive,gold,,,winRate,0.4809,ratio,8447,,rivalstracker,primary,https://rivalstracker.com/heroes/doctor-strange,2026-08-25T10:04:58.000Z,2026-08-25T14:58:14.626Z,B,39,55,"Filters: Season 9.5, Competitive, Gold. Percentages are displayed by RivalsTracker to two decimal places and converted to ratios without further precision. sample_matches repeats the source Matches field for each metric row. hero_rank is the displayed table order (win rate descending); tier_label is source-provided. Platform, region, and sample_players are not stated by the source and are left empty."
doctor-strange-s9-5-gold,doctor-strange,Doctor Strange,seasonalRank,9.5,competitive,gold,,,pickRate,0.1511,ratio,8447,,rivalstracker,primary,https://rivalstracker.com/heroes/doctor-strange,2026-08-25T10:04:58.000Z,2026-08-25T14:58:14.626Z,B,39,55,"Filters: Season 9.5, Competitive, Gold. Percentages are displayed by RivalsTracker to two decimal places and converted to ratios without further precision. sample_matches repeats the source Matches field for each metric row. hero_rank is the displayed table order (win rate descending); tier_label is source-provided. Platform, region, and sample_players are not stated by the source and are left empty."
doctor-strange-s9-5-gold,doctor-strange,Doctor Strange,seasonalRank,9.5,competitive,gold,,,banRate,0.0100,ratio,8447,,rivalstracker,primary,https://rivalstracker.com/heroes/doctor-strange,2026-08-25T10:04:58.000Z,2026-08-25T14:58:14.626Z,B,39,55,"Filters: Season 9.5, Competitive, Gold. Percentages are displayed by RivalsTracker to two decimal places and converted to ratios without further precision. sample_matches repeats the source Matches field for each metric row. hero_rank is the displayed table order (win rate descending); tier_label is source-provided. Platform, region, and sample_players are not stated by the source and are left empty."
namor-s9-5-gold,namor,Namor,seasonalRank,9.5,competitive,gold,,,winRate,0.4782,ratio,6627,,rivalstracker,primary,https://rivalstracker.com/heroes/namor,2026-08-25T10:04:58.000Z,2026-08-25T14:58:14.626Z,B,40,55,"Filters: Season 9.5, Competitive, Gold. Percentages are displayed by RivalsTracker to two decimal places and converted to ratios without further precision. sample_matches repeats the source Matches field for each metric row. hero_rank is the displayed table order (win rate descending); tier_label is source-provided. Platform, region, and sample_players are not stated by the source and are left empty."
namor-s9-5-gold,namor,Namor,seasonalRank,9.5,competitive,gold,,,pickRate,0.1185,ratio,6627,,rivalstracker,primary,https://rivalstracker.com/heroes/namor,2026-08-25T10:04:58.000Z,2026-08-25T14:58:14.626Z,B,40,55,"Filters: Season 9.5, Competitive, Gold. Percentages are displayed by RivalsTracker to two decimal places and converted to ratios without further precision. sample_matches repeats the source Matches field for each metric row. hero_rank is the displayed table order (win rate descending); tier_label is source-provided. Platform, region, and sample_players are not stated by the source and are left empty."
namor-s9-5-gold,namor,Namor,seasonalRank,9.5,competitive,gold,,,banRate,0.1689,ratio,6627,,rivalstracker,primary,https://rivalstracker.com/heroes/namor,2026-08-25T10:04:58.000Z,2026-08-25T14:58:14.626Z,B,40,55,"Filters: Season 9.5, Competitive, Gold. Percentages are displayed by RivalsTracker to two decimal places and converted to ratios without further precision. sample_matches repeats the source Matches field for each metric row. hero_rank is the displayed table order (win rate descending); tier_label is source-provided. Platform, region, and sample_players are not stated by the source and are left empty."
captain-america-s9-5-gold,captain-america,Captain America,seasonalRank,9.5,competitive,gold,,,winRate,0.4758,ratio,1731,,rivalstracker,primary,https://rivalstracker.com/heroes/captain-america,2026-08-25T10:04:58.000Z,2026-08-25T14:58:14.626Z,D,41,55,"Filters: Season 9.5, Competitive, Gold. Percentages are displayed by RivalsTracker to two decimal places and converted to ratios without further precision. sample_matches repeats the source Matches field for each metric row. hero_rank is the displayed table order (win rate descending); tier_label is source-provided. Platform, region, and sample_players are not stated by the source and are left empty."
captain-america-s9-5-gold,captain-america,Captain America,seasonalRank,9.5,competitive,gold,,,pickRate,0.0310,ratio,1731,,rivalstracker,primary,https://rivalstracker.com/heroes/captain-america,2026-08-25T10:04:58.000Z,2026-08-25T14:58:14.626Z,D,41,55,"Filters: Season 9.5, Competitive, Gold. Percentages are displayed by RivalsTracker to two decimal places and converted to ratios without further precision. sample_matches repeats the source Matches field for each metric row. hero_rank is the displayed table order (win rate descending); tier_label is source-provided. Platform, region, and sample_players are not stated by the source and are left empty."
captain-america-s9-5-gold,captain-america,Captain America,seasonalRank,9.5,competitive,gold,,,banRate,0.0022,ratio,1731,,rivalstracker,primary,https://rivalstracker.com/heroes/captain-america,2026-08-25T10:04:58.000Z,2026-08-25T14:58:14.626Z,D,41,55,"Filters: Season 9.5, Competitive, Gold. Percentages are displayed by RivalsTracker to two decimal places and converted to ratios without further precision. sample_matches repeats the source Matches field for each metric row. hero_rank is the displayed table order (win rate descending); tier_label is source-provided. Platform, region, and sample_players are not stated by the source and are left empty."
invisible-woman-s9-5-gold,invisible-woman,Invisible Woman,seasonalRank,9.5,competitive,gold,,,winRate,0.4754,ratio,11971,,rivalstracker,primary,https://rivalstracker.com/heroes/invisible-woman,2026-08-25T10:04:58.000Z,2026-08-25T14:58:14.626Z,B,42,55,"Filters: Season 9.5, Competitive, Gold. Percentages are displayed by RivalsTracker to two decimal places and converted to ratios without further precision. sample_matches repeats the source Matches field for each metric row. hero_rank is the displayed table order (win rate descending); tier_label is source-provided. Platform, region, and sample_players are not stated by the source and are left empty."
invisible-woman-s9-5-gold,invisible-woman,Invisible Woman,seasonalRank,9.5,competitive,gold,,,pickRate,0.2141,ratio,11971,,rivalstracker,primary,https://rivalstracker.com/heroes/invisible-woman,2026-08-25T10:04:58.000Z,2026-08-25T14:58:14.626Z,B,42,55,"Filters: Season 9.5, Competitive, Gold. Percentages are displayed by RivalsTracker to two decimal places and converted to ratios without further precision. sample_matches repeats the source Matches field for each metric row. hero_rank is the displayed table order (win rate descending); tier_label is source-provided. Platform, region, and sample_players are not stated by the source and are left empty."
invisible-woman-s9-5-gold,invisible-woman,Invisible Woman,seasonalRank,9.5,competitive,gold,,,banRate,0.0125,ratio,11971,,rivalstracker,primary,https://rivalstracker.com/heroes/invisible-woman,2026-08-25T10:04:58.000Z,2026-08-25T14:58:14.626Z,B,42,55,"Filters: Season 9.5, Competitive, Gold. Percentages are displayed by RivalsTracker to two decimal places and converted to ratios without further precision. sample_matches repeats the source Matches field for each metric row. hero_rank is the displayed table order (win rate descending); tier_label is source-provided. Platform, region, and sample_players are not stated by the source and are left empty."
white-fox-s9-5-gold,white-fox,White Fox,seasonalRank,9.5,competitive,gold,,,winRate,0.4751,ratio,10342,,rivalstracker,primary,https://rivalstracker.com/heroes/white-fox,2026-08-25T10:04:58.000Z,2026-08-25T14:58:14.626Z,C,43,55,"Filters: Season 9.5, Competitive, Gold. Percentages are displayed by RivalsTracker to two decimal places and converted to ratios without further precision. sample_matches repeats the source Matches field for each metric row. hero_rank is the displayed table order (win rate descending); tier_label is source-provided. Platform, region, and sample_players are not stated by the source and are left empty."
white-fox-s9-5-gold,white-fox,White Fox,seasonalRank,9.5,competitive,gold,,,pickRate,0.1850,ratio,10342,,rivalstracker,primary,https://rivalstracker.com/heroes/white-fox,2026-08-25T10:04:58.000Z,2026-08-25T14:58:14.626Z,C,43,55,"Filters: Season 9.5, Competitive, Gold. Percentages are displayed by RivalsTracker to two decimal places and converted to ratios without further precision. sample_matches repeats the source Matches field for each metric row. hero_rank is the displayed table order (win rate descending); tier_label is source-provided. Platform, region, and sample_players are not stated by the source and are left empty."
white-fox-s9-5-gold,white-fox,White Fox,seasonalRank,9.5,competitive,gold,,,banRate,0.0120,ratio,10342,,rivalstracker,primary,https://rivalstracker.com/heroes/white-fox,2026-08-25T10:04:58.000Z,2026-08-25T14:58:14.626Z,C,43,55,"Filters: Season 9.5, Competitive, Gold. Percentages are displayed by RivalsTracker to two decimal places and converted to ratios without further precision. sample_matches repeats the source Matches field for each metric row. hero_rank is the displayed table order (win rate descending); tier_label is source-provided. Platform, region, and sample_players are not stated by the source and are left empty."
emma-frost-s9-5-gold,emma-frost,Emma Frost,seasonalRank,9.5,competitive,gold,,,winRate,0.4737,ratio,11001,,rivalstracker,primary,https://rivalstracker.com/heroes/emma-frost,2026-08-25T10:04:58.000Z,2026-08-25T14:58:14.626Z,C,44,55,"Filters: Season 9.5, Competitive, Gold. Percentages are displayed by RivalsTracker to two decimal places and converted to ratios without further precision. sample_matches repeats the source Matches field for each metric row. hero_rank is the displayed table order (win rate descending); tier_label is source-provided. Platform, region, and sample_players are not stated by the source and are left empty."
emma-frost-s9-5-gold,emma-frost,Emma Frost,seasonalRank,9.5,competitive,gold,,,pickRate,0.1967,ratio,11001,,rivalstracker,primary,https://rivalstracker.com/heroes/emma-frost,2026-08-25T10:04:58.000Z,2026-08-25T14:58:14.626Z,C,44,55,"Filters: Season 9.5, Competitive, Gold. Percentages are displayed by RivalsTracker to two decimal places and converted to ratios without further precision. sample_matches repeats the source Matches field for each metric row. hero_rank is the displayed table order (win rate descending); tier_label is source-provided. Platform, region, and sample_players are not stated by the source and are left empty."
emma-frost-s9-5-gold,emma-frost,Emma Frost,seasonalRank,9.5,competitive,gold,,,banRate,0.0183,ratio,11001,,rivalstracker,primary,https://rivalstracker.com/heroes/emma-frost,2026-08-25T10:04:58.000Z,2026-08-25T14:58:14.626Z,C,44,55,"Filters: Season 9.5, Competitive, Gold. Percentages are displayed by RivalsTracker to two decimal places and converted to ratios without further precision. sample_matches repeats the source Matches field for each metric row. hero_rank is the displayed table order (win rate descending); tier_label is source-provided. Platform, region, and sample_players are not stated by the source and are left empty."
deadpool-duelist-s9-5-gold,deadpool-duelist,Deadpool (Duelist),seasonalRank,9.5,competitive,gold,,,winRate,0.4723,ratio,1861,,rivalstracker,primary,https://rivalstracker.com/heroes/deadpool-duelist,2026-08-25T10:04:58.000Z,2026-08-25T14:58:14.626Z,D,45,55,"Filters: Season 9.5, Competitive, Gold. Percentages are displayed by RivalsTracker to two decimal places and converted to ratios without further precision. sample_matches repeats the source Matches field for each metric row. hero_rank is the displayed table order (win rate descending); tier_label is source-provided. Platform, region, and sample_players are not stated by the source and are left empty."
deadpool-duelist-s9-5-gold,deadpool-duelist,Deadpool (Duelist),seasonalRank,9.5,competitive,gold,,,pickRate,0.0333,ratio,1861,,rivalstracker,primary,https://rivalstracker.com/heroes/deadpool-duelist,2026-08-25T10:04:58.000Z,2026-08-25T14:58:14.626Z,D,45,55,"Filters: Season 9.5, Competitive, Gold. Percentages are displayed by RivalsTracker to two decimal places and converted to ratios without further precision. sample_matches repeats the source Matches field for each metric row. hero_rank is the displayed table order (win rate descending); tier_label is source-provided. Platform, region, and sample_players are not stated by the source and are left empty."
deadpool-duelist-s9-5-gold,deadpool-duelist,Deadpool (Duelist),seasonalRank,9.5,competitive,gold,,,banRate,0.0018,ratio,1861,,rivalstracker,primary,https://rivalstracker.com/heroes/deadpool-duelist,2026-08-25T10:04:58.000Z,2026-08-25T14:58:14.626Z,D,45,55,"Filters: Season 9.5, Competitive, Gold. Percentages are displayed by RivalsTracker to two decimal places and converted to ratios without further precision. sample_matches repeats the source Matches field for each metric row. hero_rank is the displayed table order (win rate descending); tier_label is source-provided. Platform, region, and sample_players are not stated by the source and are left empty."
scarlet-witch-s9-5-gold,scarlet-witch,Scarlet Witch,seasonalRank,9.5,competitive,gold,,,winRate,0.4722,ratio,8118,,rivalstracker,primary,https://rivalstracker.com/heroes/scarlet-witch,2026-08-25T10:04:58.000Z,2026-08-25T14:58:14.626Z,C,46,55,"Filters: Season 9.5, Competitive, Gold. Percentages are displayed by RivalsTracker to two decimal places and converted to ratios without further precision. sample_matches repeats the source Matches field for each metric row. hero_rank is the displayed table order (win rate descending); tier_label is source-provided. Platform, region, and sample_players are not stated by the source and are left empty."
scarlet-witch-s9-5-gold,scarlet-witch,Scarlet Witch,seasonalRank,9.5,competitive,gold,,,pickRate,0.1452,ratio,8118,,rivalstracker,primary,https://rivalstracker.com/heroes/scarlet-witch,2026-08-25T10:04:58.000Z,2026-08-25T14:58:14.626Z,C,46,55,"Filters: Season 9.5, Competitive, Gold. Percentages are displayed by RivalsTracker to two decimal places and converted to ratios without further precision. sample_matches repeats the source Matches field for each metric row. hero_rank is the displayed table order (win rate descending); tier_label is source-provided. Platform, region, and sample_players are not stated by the source and are left empty."
scarlet-witch-s9-5-gold,scarlet-witch,Scarlet Witch,seasonalRank,9.5,competitive,gold,,,banRate,0.0177,ratio,8118,,rivalstracker,primary,https://rivalstracker.com/heroes/scarlet-witch,2026-08-25T10:04:58.000Z,2026-08-25T14:58:14.626Z,C,46,55,"Filters: Season 9.5, Competitive, Gold. Percentages are displayed by RivalsTracker to two decimal places and converted to ratios without further precision. sample_matches repeats the source Matches field for each metric row. hero_rank is the displayed table order (win rate descending); tier_label is source-provided. Platform, region, and sample_players are not stated by the source and are left empty."
gambit-s9-5-gold,gambit,Gambit,seasonalRank,9.5,competitive,gold,,,winRate,0.4701,ratio,9826,,rivalstracker,primary,https://rivalstracker.com/heroes/gambit,2026-08-25T10:04:58.000Z,2026-08-25T14:58:14.626Z,C,47,55,"Filters: Season 9.5, Competitive, Gold. Percentages are displayed by RivalsTracker to two decimal places and converted to ratios without further precision. sample_matches repeats the source Matches field for each metric row. hero_rank is the displayed table order (win rate descending); tier_label is source-provided. Platform, region, and sample_players are not stated by the source and are left empty."
gambit-s9-5-gold,gambit,Gambit,seasonalRank,9.5,competitive,gold,,,pickRate,0.1757,ratio,9826,,rivalstracker,primary,https://rivalstracker.com/heroes/gambit,2026-08-25T10:04:58.000Z,2026-08-25T14:58:14.626Z,C,47,55,"Filters: Season 9.5, Competitive, Gold. Percentages are displayed by RivalsTracker to two decimal places and converted to ratios without further precision. sample_matches repeats the source Matches field for each metric row. hero_rank is the displayed table order (win rate descending); tier_label is source-provided. Platform, region, and sample_players are not stated by the source and are left empty."
gambit-s9-5-gold,gambit,Gambit,seasonalRank,9.5,competitive,gold,,,banRate,0.1228,ratio,9826,,rivalstracker,primary,https://rivalstracker.com/heroes/gambit,2026-08-25T10:04:58.000Z,2026-08-25T14:58:14.626Z,C,47,55,"Filters: Season 9.5, Competitive, Gold. Percentages are displayed by RivalsTracker to two decimal places and converted to ratios without further precision. sample_matches repeats the source Matches field for each metric row. hero_rank is the displayed table order (win rate descending); tier_label is source-provided. Platform, region, and sample_players are not stated by the source and are left empty."
luna-snow-s9-5-gold,luna-snow,Luna Snow,seasonalRank,9.5,competitive,gold,,,winRate,0.4643,ratio,9441,,rivalstracker,primary,https://rivalstracker.com/heroes/luna-snow,2026-08-25T10:04:58.000Z,2026-08-25T14:58:14.626Z,C,48,55,"Filters: Season 9.5, Competitive, Gold. Percentages are displayed by RivalsTracker to two decimal places and converted to ratios without further precision. sample_matches repeats the source Matches field for each metric row. hero_rank is the displayed table order (win rate descending); tier_label is source-provided. Platform, region, and sample_players are not stated by the source and are left empty."
luna-snow-s9-5-gold,luna-snow,Luna Snow,seasonalRank,9.5,competitive,gold,,,pickRate,0.1688,ratio,9441,,rivalstracker,primary,https://rivalstracker.com/heroes/luna-snow,2026-08-25T10:04:58.000Z,2026-08-25T14:58:14.626Z,C,48,55,"Filters: Season 9.5, Competitive, Gold. Percentages are displayed by RivalsTracker to two decimal places and converted to ratios without further precision. sample_matches repeats the source Matches field for each metric row. hero_rank is the displayed table order (win rate descending); tier_label is source-provided. Platform, region, and sample_players are not stated by the source and are left empty."
luna-snow-s9-5-gold,luna-snow,Luna Snow,seasonalRank,9.5,competitive,gold,,,banRate,0.0163,ratio,9441,,rivalstracker,primary,https://rivalstracker.com/heroes/luna-snow,2026-08-25T10:04:58.000Z,2026-08-25T14:58:14.626Z,C,48,55,"Filters: Season 9.5, Competitive, Gold. Percentages are displayed by RivalsTracker to two decimal places and converted to ratios without further precision. sample_matches repeats the source Matches field for each metric row. hero_rank is the displayed table order (win rate descending); tier_label is source-provided. Platform, region, and sample_players are not stated by the source and are left empty."
the-punisher-s9-5-gold,the-punisher,The Punisher,seasonalRank,9.5,competitive,gold,,,winRate,0.4634,ratio,7658,,rivalstracker,primary,https://rivalstracker.com/heroes/the-punisher,2026-08-25T10:04:58.000Z,2026-08-25T14:58:14.626Z,C,49,55,"Filters: Season 9.5, Competitive, Gold. Percentages are displayed by RivalsTracker to two decimal places and converted to ratios without further precision. sample_matches repeats the source Matches field for each metric row. hero_rank is the displayed table order (win rate descending); tier_label is source-provided. Platform, region, and sample_players are not stated by the source and are left empty."
the-punisher-s9-5-gold,the-punisher,The Punisher,seasonalRank,9.5,competitive,gold,,,pickRate,0.1370,ratio,7658,,rivalstracker,primary,https://rivalstracker.com/heroes/the-punisher,2026-08-25T10:04:58.000Z,2026-08-25T14:58:14.626Z,C,49,55,"Filters: Season 9.5, Competitive, Gold. Percentages are displayed by RivalsTracker to two decimal places and converted to ratios without further precision. sample_matches repeats the source Matches field for each metric row. hero_rank is the displayed table order (win rate descending); tier_label is source-provided. Platform, region, and sample_players are not stated by the source and are left empty."
the-punisher-s9-5-gold,the-punisher,The Punisher,seasonalRank,9.5,competitive,gold,,,banRate,0.0390,ratio,7658,,rivalstracker,primary,https://rivalstracker.com/heroes/the-punisher,2026-08-25T10:04:58.000Z,2026-08-25T14:58:14.626Z,C,49,55,"Filters: Season 9.5, Competitive, Gold. Percentages are displayed by RivalsTracker to two decimal places and converted to ratios without further precision. sample_matches repeats the source Matches field for each metric row. hero_rank is the displayed table order (win rate descending); tier_label is source-provided. Platform, region, and sample_players are not stated by the source and are left empty."
cyclops-s9-5-gold,cyclops,Cyclops,seasonalRank,9.5,competitive,gold,,,winRate,0.4610,ratio,9508,,rivalstracker,primary,https://rivalstracker.com/heroes/cyclops,2026-08-25T10:04:58.000Z,2026-08-25T14:58:14.626Z,C,50,55,"Filters: Season 9.5, Competitive, Gold. Percentages are displayed by RivalsTracker to two decimal places and converted to ratios without further precision. sample_matches repeats the source Matches field for each metric row. hero_rank is the displayed table order (win rate descending); tier_label is source-provided. Platform, region, and sample_players are not stated by the source and are left empty."
cyclops-s9-5-gold,cyclops,Cyclops,seasonalRank,9.5,competitive,gold,,,pickRate,0.1700,ratio,9508,,rivalstracker,primary,https://rivalstracker.com/heroes/cyclops,2026-08-25T10:04:58.000Z,2026-08-25T14:58:14.626Z,C,50,55,"Filters: Season 9.5, Competitive, Gold. Percentages are displayed by RivalsTracker to two decimal places and converted to ratios without further precision. sample_matches repeats the source Matches field for each metric row. hero_rank is the displayed table order (win rate descending); tier_label is source-provided. Platform, region, and sample_players are not stated by the source and are left empty."
cyclops-s9-5-gold,cyclops,Cyclops,seasonalRank,9.5,competitive,gold,,,banRate,0.0382,ratio,9508,,rivalstracker,primary,https://rivalstracker.com/heroes/cyclops,2026-08-25T10:04:58.000Z,2026-08-25T14:58:14.626Z,C,50,55,"Filters: Season 9.5, Competitive, Gold. Percentages are displayed by RivalsTracker to two decimal places and converted to ratios without further precision. sample_matches repeats the source Matches field for each metric row. hero_rank is the displayed table order (win rate descending); tier_label is source-provided. Platform, region, and sample_players are not stated by the source and are left empty."
phoenix-s9-5-gold,phoenix,Phoenix,seasonalRank,9.5,competitive,gold,,,winRate,0.4460,ratio,3499,,rivalstracker,primary,https://rivalstracker.com/heroes/phoenix,2026-08-25T10:04:58.000Z,2026-08-25T14:58:14.626Z,D,51,55,"Filters: Season 9.5, Competitive, Gold. Percentages are displayed by RivalsTracker to two decimal places and converted to ratios without further precision. sample_matches repeats the source Matches field for each metric row. hero_rank is the displayed table order (win rate descending); tier_label is source-provided. Platform, region, and sample_players are not stated by the source and are left empty."
phoenix-s9-5-gold,phoenix,Phoenix,seasonalRank,9.5,competitive,gold,,,pickRate,0.0626,ratio,3499,,rivalstracker,primary,https://rivalstracker.com/heroes/phoenix,2026-08-25T10:04:58.000Z,2026-08-25T14:58:14.626Z,D,51,55,"Filters: Season 9.5, Competitive, Gold. Percentages are displayed by RivalsTracker to two decimal places and converted to ratios without further precision. sample_matches repeats the source Matches field for each metric row. hero_rank is the displayed table order (win rate descending); tier_label is source-provided. Platform, region, and sample_players are not stated by the source and are left empty."
phoenix-s9-5-gold,phoenix,Phoenix,seasonalRank,9.5,competitive,gold,,,banRate,0.0057,ratio,3499,,rivalstracker,primary,https://rivalstracker.com/heroes/phoenix,2026-08-25T10:04:58.000Z,2026-08-25T14:58:14.626Z,D,51,55,"Filters: Season 9.5, Competitive, Gold. Percentages are displayed by RivalsTracker to two decimal places and converted to ratios without further precision. sample_matches repeats the source Matches field for each metric row. hero_rank is the displayed table order (win rate descending); tier_label is source-provided. Platform, region, and sample_players are not stated by the source and are left empty."
squirrel-girl-s9-5-gold,squirrel-girl,Squirrel Girl,seasonalRank,9.5,competitive,gold,,,winRate,0.4409,ratio,6033,,rivalstracker,primary,https://rivalstracker.com/heroes/squirrel-girl,2026-08-25T10:04:58.000Z,2026-08-25T14:58:14.626Z,D,52,55,"Filters: Season 9.5, Competitive, Gold. Percentages are displayed by RivalsTracker to two decimal places and converted to ratios without further precision. sample_matches repeats the source Matches field for each metric row. hero_rank is the displayed table order (win rate descending); tier_label is source-provided. Platform, region, and sample_players are not stated by the source and are left empty."
squirrel-girl-s9-5-gold,squirrel-girl,Squirrel Girl,seasonalRank,9.5,competitive,gold,,,pickRate,0.1079,ratio,6033,,rivalstracker,primary,https://rivalstracker.com/heroes/squirrel-girl,2026-08-25T10:04:58.000Z,2026-08-25T14:58:14.626Z,D,52,55,"Filters: Season 9.5, Competitive, Gold. Percentages are displayed by RivalsTracker to two decimal places and converted to ratios without further precision. sample_matches repeats the source Matches field for each metric row. hero_rank is the displayed table order (win rate descending); tier_label is source-provided. Platform, region, and sample_players are not stated by the source and are left empty."
squirrel-girl-s9-5-gold,squirrel-girl,Squirrel Girl,seasonalRank,9.5,competitive,gold,,,banRate,0.0312,ratio,6033,,rivalstracker,primary,https://rivalstracker.com/heroes/squirrel-girl,2026-08-25T10:04:58.000Z,2026-08-25T14:58:14.626Z,D,52,55,"Filters: Season 9.5, Competitive, Gold. Percentages are displayed by RivalsTracker to two decimal places and converted to ratios without further precision. sample_matches repeats the source Matches field for each metric row. hero_rank is the displayed table order (win rate descending); tier_label is source-provided. Platform, region, and sample_players are not stated by the source and are left empty."
deadpool-strategist-s9-5-gold,deadpool-strategist,Deadpool (Strategist),seasonalRank,9.5,competitive,gold,,,winRate,0.4402,ratio,4252,,rivalstracker,primary,https://rivalstracker.com/heroes/deadpool-strategist,2026-08-25T10:04:58.000Z,2026-08-25T14:58:14.626Z,D,53,55,"Filters: Season 9.5, Competitive, Gold. Percentages are displayed by RivalsTracker to two decimal places and converted to ratios without further precision. sample_matches repeats the source Matches field for each metric row. hero_rank is the displayed table order (win rate descending); tier_label is source-provided. Platform, region, and sample_players are not stated by the source and are left empty."
deadpool-strategist-s9-5-gold,deadpool-strategist,Deadpool (Strategist),seasonalRank,9.5,competitive,gold,,,pickRate,0.0760,ratio,4252,,rivalstracker,primary,https://rivalstracker.com/heroes/deadpool-strategist,2026-08-25T10:04:58.000Z,2026-08-25T14:58:14.626Z,D,53,55,"Filters: Season 9.5, Competitive, Gold. Percentages are displayed by RivalsTracker to two decimal places and converted to ratios without further precision. sample_matches repeats the source Matches field for each metric row. hero_rank is the displayed table order (win rate descending); tier_label is source-provided. Platform, region, and sample_players are not stated by the source and are left empty."
deadpool-strategist-s9-5-gold,deadpool-strategist,Deadpool (Strategist),seasonalRank,9.5,competitive,gold,,,banRate,0.0019,ratio,4252,,rivalstracker,primary,https://rivalstracker.com/heroes/deadpool-strategist,2026-08-25T10:04:58.000Z,2026-08-25T14:58:14.626Z,D,53,55,"Filters: Season 9.5, Competitive, Gold. Percentages are displayed by RivalsTracker to two decimal places and converted to ratios without further precision. sample_matches repeats the source Matches field for each metric row. hero_rank is the displayed table order (win rate descending); tier_label is source-provided. Platform, region, and sample_players are not stated by the source and are left empty."
deadpool-vanguard-s9-5-gold,deadpool-vanguard,Deadpool (Vanguard),seasonalRank,9.5,competitive,gold,,,winRate,0.4339,ratio,2585,,rivalstracker,primary,https://rivalstracker.com/heroes/deadpool-vanguard,2026-08-25T10:04:58.000Z,2026-08-25T14:58:14.626Z,D,54,55,"Filters: Season 9.5, Competitive, Gold. Percentages are displayed by RivalsTracker to two decimal places and converted to ratios without further precision. sample_matches repeats the source Matches field for each metric row. hero_rank is the displayed table order (win rate descending); tier_label is source-provided. Platform, region, and sample_players are not stated by the source and are left empty."
deadpool-vanguard-s9-5-gold,deadpool-vanguard,Deadpool (Vanguard),seasonalRank,9.5,competitive,gold,,,pickRate,0.0462,ratio,2585,,rivalstracker,primary,https://rivalstracker.com/heroes/deadpool-vanguard,2026-08-25T10:04:58.000Z,2026-08-25T14:58:14.626Z,D,54,55,"Filters: Season 9.5, Competitive, Gold. Percentages are displayed by RivalsTracker to two decimal places and converted to ratios without further precision. sample_matches repeats the source Matches field for each metric row. hero_rank is the displayed table order (win rate descending); tier_label is source-provided. Platform, region, and sample_players are not stated by the source and are left empty."
deadpool-vanguard-s9-5-gold,deadpool-vanguard,Deadpool (Vanguard),seasonalRank,9.5,competitive,gold,,,banRate,0.0019,ratio,2585,,rivalstracker,primary,https://rivalstracker.com/heroes/deadpool-vanguard,2026-08-25T10:04:58.000Z,2026-08-25T14:58:14.626Z,D,54,55,"Filters: Season 9.5, Competitive, Gold. Percentages are displayed by RivalsTracker to two decimal places and converted to ratios without further precision. sample_matches repeats the source Matches field for each metric row. hero_rank is the displayed table order (win rate descending); tier_label is source-provided. Platform, region, and sample_players are not stated by the source and are left empty."
jeff-the-land-shark-s9-5-gold,jeff-the-land-shark,Jeff The Land Shark,seasonalRank,9.5,competitive,gold,,,winRate,0.4229,ratio,7929,,rivalstracker,primary,https://rivalstracker.com/heroes/jeff-the-land-shark,2026-08-25T10:04:58.000Z,2026-08-25T14:58:14.626Z,D,55,55,"Filters: Season 9.5, Competitive, Gold. Percentages are displayed by RivalsTracker to two decimal places and converted to ratios without further precision. sample_matches repeats the source Matches field for each metric row. hero_rank is the displayed table order (win rate descending); tier_label is source-provided. Platform, region, and sample_players are not stated by the source and are left empty."
jeff-the-land-shark-s9-5-gold,jeff-the-land-shark,Jeff The Land Shark,seasonalRank,9.5,competitive,gold,,,pickRate,0.1418,ratio,7929,,rivalstracker,primary,https://rivalstracker.com/heroes/jeff-the-land-shark,2026-08-25T10:04:58.000Z,2026-08-25T14:58:14.626Z,D,55,55,"Filters: Season 9.5, Competitive, Gold. Percentages are displayed by RivalsTracker to two decimal places and converted to ratios without further precision. sample_matches repeats the source Matches field for each metric row. hero_rank is the displayed table order (win rate descending); tier_label is source-provided. Platform, region, and sample_players are not stated by the source and are left empty."
jeff-the-land-shark-s9-5-gold,jeff-the-land-shark,Jeff The Land Shark,seasonalRank,9.5,competitive,gold,,,banRate,0.0065,ratio,7929,,rivalstracker,primary,https://rivalstracker.com/heroes/jeff-the-land-shark,2026-08-25T10:04:58.000Z,2026-08-25T14:58:14.626Z,D,55,55,"Filters: Season 9.5, Competitive, Gold. Percentages are displayed by RivalsTracker to two decimal places and converted to ratios without further precision. sample_matches repeats the source Matches field for each metric row. hero_rank is the displayed table order (win rate descending); tier_label is source-provided. Platform, region, and sample_players are not stated by the source and are left empty."
